Symbol,Increased_25_pct,Start_Date,End_Date,Percentage_Change,In_2020,Start_Month,End_Month
360ONE,Yes,2021-01-18,2021-07-19,34.80%,No,1,7
360ONE,Yes,2021-02-01,2021-08-02,40.94%,No,2,8
360ONE,Yes,2021-03-01,2021-08-30,35.98%,No,3,8
360ONE,Yes,2021-03-05,2021-09-01,38.14%,No,3,9
360ONE,Yes,2021-04-06,2021-10-04,25.61%,No,4,10
360ONE,Yes,2021-05-03,2021-11-01,43.74%,No,5,11
360ONE,Yes,2021-06-01,2021-11-29,26.76%,No,6,11
360ONE,Yes,2021-06-04,2021-12-01,29.24%,No,6,12
360ONE,Yes,2021-07-01,2021-12-28,29.07%,No,7,12
360ONE,Yes,2021-07-09,2022-01-05,29.39%,No,7,1
360ONE,Yes,2023-05-02,2023-10-30,26.08%,No,5,10
360ONE,Yes,2023-08-02,2024-01-29,27.65%,No,8,1
360ONE,Yes,2023-08-10,2024-02-06,25.00%,No,8,2
360ONE,Yes,2023-09-01,2024-02-28,52.17%,No,9,2
360ONE,Yes,2023-09-04,2024-03-04,47.46%,No,9,3
360ONE,Yes,2023-10-03,2024-04-01,41.00%,No,10,4
360ONE,Yes,2023-11-01,2024-04-29,51.25%,No,11,4
360ONE,Yes,2023-11-03,2024-05-02,48.54%,No,11,5
360ONE,Yes,2023-12-01,2024-05-29,38.16%,No,12,5
360ONE,Yes,2023-12-04,2024-06-03,30.96%,No,12,6
360ONE,Yes,2024-02-01,2024-07-30,79.35%,No,2,7
360ONE,Yes,2024-04-01,2024-09-30,50.24%,No,4,9
ABB,Yes,2016-01-11,2016-07-11,27.48%,No,1,7
ABB,Yes,2016-02-01,2016-08-01,25.95%,No,2,8
ABB,Yes,2016-10-14,2017-04-12,26.16%,No,10,4
ABB,Yes,2016-11-01,2017-05-02,28.93%,No,11,5
ABB,Yes,2016-12-01,2017-05-30,38.96%,No,12,5
ABB,Yes,2016-12-05,2017-06-05,38.26%,No,12,6
ABB,Yes,2017-02-01,2017-07-31,28.58%,No,2,7
ABB,Yes,2021-01-01,2021-06-30,47.22%,No,1,6
ABB,Yes,2021-03-01,2021-08-30,26.46%,No,3,8
ABB,Yes,2021-03-05,2021-09-01,26.95%,No,3,9
ABB,Yes,2021-04-01,2021-09-28,29.32%,No,4,9
ABB,Yes,2021-04-05,2021-10-04,36.02%,No,4,10
ABB,Yes,2021-05-03,2021-11-01,49.40%,No,5,11
ABB,Yes,2021-06-11,2021-12-08,26.94%,No,6,12
ABB,Yes,2021-07-06,2022-01-03,25.47%,No,7,1
ABB,Yes,2021-08-02,2022-01-31,36.69%,No,8,1
ABB,Yes,2021-08-05,2022-02-01,37.25%,No,8,2
ABB,Yes,2022-05-02,2022-10-31,48.67%,No,5,10
ABB,Yes,2022-06-01,2022-11-28,26.34%,No,6,11
ABB,Yes,2023-09-01,2024-02-28,26.50%,No,9,2
ABB,Yes,2023-09-04,2024-03-04,30.68%,No,9,3
ABB,Yes,2023-11-01,2024-04-29,59.11%,No,11,4
ABCAPITAL,Yes,2021-01-01,2021-06-30,31.59%,No,1,6
ABCAPITAL,Yes,2021-01-04,2021-07-05,29.32%,No,1,7
ABCAPITAL,Yes,2021-02-01,2021-08-02,38.47%,No,2,8
ABCAPITAL,Yes,2022-05-11,2022-11-07,25.49%,No,5,11
ABCAPITAL,Yes,2022-06-01,2022-11-28,35.56%,No,6,11
ABCAPITAL,Yes,2022-06-06,2022-12-05,53.73%,No,6,12
ABCAPITAL,Yes,2022-07-01,2022-12-28,63.82%,No,7,12
ABCAPITAL,Yes,2022-07-04,2023-01-02,72.28%,No,7,1
ABCAPITAL,Yes,2022-08-01,2023-01-30,26.25%,No,8,1
ABCAPITAL,Yes,2022-08-05,2023-02-01,29.77%,No,8,2
ABCAPITAL,Yes,2022-09-01,2023-02-28,28.16%,No,9,2
ABCAPITAL,Yes,2022-09-02,2023-03-01,32.52%,No,9,3
ABCAPITAL,Yes,2022-10-03,2023-04-03,40.14%,No,10,4
ABCAPITAL,Yes,2022-10-31,2023-05-02,43.73%,No,10,5
ABCAPITAL,Yes,2022-11-01,2023-05-02,42.03%,No,11,5
ABCAPITAL,Yes,2022-12-23,2023-06-21,25.64%,No,12,6
ABCAPITAL,Yes,2023-02-01,2023-07-31,43.50%,No,2,7
ABCAPITAL,Yes,2023-03-13,2023-09-11,29.55%,No,3,9
ABCAPITAL,Yes,2023-11-01,2024-04-29,41.48%,No,11,4
ABCAPITAL,Yes,2023-12-01,2024-05-29,32.93%,No,12,5
ABCAPITAL,Yes,2024-04-01,2024-09-30,30.59%,No,4,9
ABCAPITAL,Yes,2025-04-04,2025-10-01,59.27%,No,4,10
ABCAPITAL,Yes,2025-05-02,2025-10-29,57.89%,No,5,10
ACC,Yes,2016-01-11,2016-07-11,25.19%,No,1,7
ACC,Yes,2016-02-01,2016-08-01,33.41%,No,2,8
ACC,Yes,2016-03-01,2016-08-29,33.48%,No,3,8
ACC,Yes,2016-03-08,2016-09-06,37.77%,No,3,9
ACC,Yes,2016-11-15,2017-05-15,26.56%,No,11,5
ACC,Yes,2016-12-19,2017-06-19,29.03%,No,12,6
ACC,Yes,2021-04-20,2021-10-18,26.21%,No,4,10
ACC,Yes,2021-05-03,2021-11-01,25.09%,No,5,11
ACC,Yes,2022-06-16,2022-12-13,27.60%,No,6,12
ACC,Yes,2023-07-06,2024-01-02,25.19%,No,7,1
ACC,Yes,2023-08-02,2024-01-29,26.46%,No,8,1
ACC,Yes,2023-08-09,2024-02-05,25.11%,No,8,2
ACC,Yes,2023-09-01,2024-02-28,27.94%,No,9,2
ACC,Yes,2023-09-04,2024-03-04,30.94%,No,9,3
ACC,Yes,2023-10-03,2024-04-01,25.05%,No,10,4
ACC,Yes,2023-11-01,2024-04-29,36.97%,No,11,4
ACC,Yes,2023-12-01,2024-05-29,33.48%,No,12,5
ADANIENSOL,Yes,2023-08-16,2024-02-12,30.72%,No,8,2
ADANIENSOL,Yes,2023-09-01,2024-02-28,30.49%,No,9,2
ADANIENSOL,Yes,2023-09-04,2024-03-04,30.18%,No,9,3
ADANIENSOL,Yes,2023-10-03,2024-04-01,37.67%,No,10,4
ADANIENSOL,Yes,2023-11-01,2024-04-29,41.48%,No,11,4
ADANIENSOL,Yes,2023-11-03,2024-05-02,37.54%,No,11,5
ADANIENSOL,Yes,2023-12-01,2024-05-29,27.03%,No,12,5
ADANIENSOL,Yes,2023-12-04,2024-06-03,35.22%,No,12,6
ADANIENSOL,Yes,2025-01-13,2025-07-14,27.84%,No,1,7
ADANIENT,Yes,2016-02-12,2016-08-10,25.76%,No,2,8
ADANIENT,Yes,2016-08-09,2017-02-06,25.26%,No,8,2
ADANIENT,Yes,2016-09-01,2017-02-28,39.72%,No,9,2
ADANIENT,Yes,2016-09-02,2017-03-01,37.83%,No,9,3
ADANIENT,Yes,2016-10-03,2017-04-03,66.87%,No,10,4
ADANIENT,Yes,2016-11-01,2017-05-02,68.91%,No,11,5
ADANIENT,Yes,2016-12-01,2017-05-30,75.58%,No,12,5
ADANIENT,Yes,2016-12-05,2017-06-05,68.70%,No,12,6
ADANIENT,Yes,2017-01-02,2017-07-03,77.39%,No,1,7
ADANIENT,Yes,2017-02-01,2017-07-31,52.57%,No,2,7
ADANIENT,Yes,2017-03-02,2017-08-29,27.74%,No,3,8
ADANIENT,Yes,2017-03-06,2017-09-04,37.81%,No,3,9
ADANIENT,Yes,2017-05-08,2017-11-06,31.36%,No,5,11
ADANIENT,Yes,2017-06-01,2017-11-28,28.15%,No,6,11
ADANIENT,Yes,2017-06-23,2017-12-20,28.04%,No,6,12
ADANIENT,Yes,2017-07-07,2018-01-03,31.97%,No,7,1
ADANIENT,Yes,2017-08-01,2018-01-29,52.18%,No,8,1
ADANIENT,Yes,2018-04-02,2018-10-01,57.14%,No,4,10
ADANIENT,Yes,2018-05-02,2018-10-29,107.50%,No,5,10
ADANIENT,Yes,2018-07-02,2018-12-31,139.60%,No,7,12
ADANIENT,Yes,2021-01-01,2021-06-30,206.94%,No,1,6
ADANIENT,Yes,2021-04-01,2021-09-28,34.42%,No,4,9
ADANIENT,Yes,2021-10-01,2022-03-30,36.78%,No,10,3
ADANIENT,Yes,2022-01-31,2022-08-01,55.18%,No,1,8
ADANIENT,Yes,2023-11-01,2024-04-29,38.96%,No,11,4
ADANIGREEN,Yes,2018-06-18,2018-12-17,41.75%,No,6,12
ADANIGREEN,Yes,2018-07-02,2018-12-31,66.07%,No,7,12
ADANIGREEN,Yes,2018-07-05,2019-01-01,38.93%,No,7,1
ADANIGREEN,Yes,2018-10-22,2019-04-22,25.17%,No,10,4
ADANIGREEN,Yes,2019-01-04,2019-07-03,28.24%,No,1,7
ADANIGREEN,Yes,2019-02-01,2019-07-31,30.91%,No,2,7
ADANIGREEN,Yes,2019-02-04,2019-08-05,35.30%,No,2,8
ADANIGREEN,Yes,2019-03-01,2019-08-28,28.80%,No,3,8
ADANIGREEN,Yes,2019-03-06,2019-09-03,25.56%,No,3,9
ADANIGREEN,Yes,2019-04-01,2019-09-30,50.52%,No,4,9
ADANIGREEN,Yes,2019-04-04,2019-10-01,52.91%,No,4,10
ADANIGREEN,Yes,2019-05-02,2019-10-29,114.11%,No,5,10
ADANIGREEN,Yes,2019-05-06,2019-11-04,130.47%,No,5,11
ADANIGREEN,Yes,2021-08-02,2022-01-31,114.33%,No,8,1
ADANIGREEN,Yes,2021-08-05,2022-02-01,114.02%,No,8,2
ADANIGREEN,Yes,2021-09-01,2022-02-28,70.72%,No,9,2
ADANIGREEN,Yes,2021-09-02,2022-03-02,73.45%,No,9,3
ADANIGREEN,Yes,2021-10-01,2022-03-30,61.34%,No,10,3
ADANIGREEN,Yes,2021-11-01,2022-05-02,141.43%,No,11,5
ADANIGREEN,Yes,2021-12-01,2022-05-30,61.95%,No,12,5
ADANIGREEN,Yes,2021-12-03,2022-06-01,33.01%,No,12,6
ADANIGREEN,Yes,2023-11-01,2024-04-29,105.27%,No,11,4
ADANIPORTS,Yes,2016-02-11,2016-08-09,28.89%,No,2,8
ADANIPORTS,Yes,2016-03-01,2016-08-29,27.50%,No,3,8
ADANIPORTS,Yes,2016-04-28,2016-10-25,32.85%,No,4,10
ADANIPORTS,Yes,2016-05-02,2016-11-01,30.99%,No,5,11
ADANIPORTS,Yes,2016-06-01,2016-11-28,34.82%,No,6,11
ADANIPORTS,Yes,2016-06-06,2016-12-05,31.91%,No,6,12
ADANIPORTS,Yes,2016-07-01,2016-12-28,31.42%,No,7,12
ADANIPORTS,Yes,2016-07-04,2017-01-02,28.39%,No,7,1
ADANIPORTS,Yes,2016-08-01,2017-01-30,32.40%,No,8,1
ADANIPORTS,Yes,2016-08-05,2017-02-01,30.17%,No,8,2
ADANIPORTS,Yes,2016-09-30,2017-03-29,25.02%,No,9,3
ADANIPORTS,Yes,2016-10-03,2017-04-03,29.34%,No,10,4
ADANIPORTS,Yes,2016-11-11,2017-05-10,27.15%,No,11,5
ADANIPORTS,Yes,2016-12-02,2017-05-31,27.49%,No,12,5
ADANIPORTS,Yes,2016-12-05,2017-06-05,34.37%,No,12,6
ADANIPORTS,Yes,2017-01-02,2017-07-03,34.40%,No,1,7
ADANIPORTS,Yes,2017-02-01,2017-07-31,30.40%,No,2,7
ADANIPORTS,Yes,2017-03-06,2017-09-04,27.37%,No,3,9
ADANIPORTS,Yes,2017-05-02,2017-10-30,30.43%,No,5,10
ADANIPORTS,Yes,2021-01-01,2021-06-30,40.64%,No,1,6
ADANIPORTS,Yes,2023-09-01,2024-02-28,62.54%,No,9,2
ADANIPORTS,Yes,2023-11-01,2024-04-29,71.27%,No,11,4
ADANIPOWER,Yes,2016-07-18,2017-01-16,27.96%,No,7,1
ADANIPOWER,Yes,2016-08-01,2017-01-30,31.09%,No,8,1
ADANIPOWER,Yes,2016-08-05,2017-02-01,35.79%,No,8,2
ADANIPOWER,Yes,2016-09-01,2017-02-28,43.49%,No,9,2
ADANIPOWER,Yes,2016-09-02,2017-03-01,41.91%,No,9,3
ADANIPOWER,Yes,2016-10-03,2017-04-03,58.67%,No,10,4
ADANIPOWER,Yes,2016-11-09,2017-05-08,25.81%,No,11,5
ADANIPOWER,Yes,2017-05-24,2017-11-20,25.18%,No,5,11
ADANIPOWER,Yes,2017-06-01,2017-11-28,35.81%,No,6,11
ADANIPOWER,Yes,2017-06-05,2017-12-04,25.93%,No,6,12
ADANIPOWER,Yes,2018-03-09,2018-09-05,25.15%,No,3,9
ADANIPOWER,Yes,2018-04-16,2018-10-15,35.08%,No,4,10
ADANIPOWER,Yes,2018-05-02,2018-10-29,67.86%,No,5,10
ADANIPOWER,Yes,2018-07-02,2018-12-31,229.77%,No,7,12
ADANIPOWER,Yes,2019-01-03,2019-07-02,28.60%,No,1,7
ADANIPOWER,Yes,2019-02-01,2019-07-31,38.01%,No,2,7
ADANIPOWER,Yes,2019-02-04,2019-08-05,46.67%,No,2,8
ADANIPOWER,Yes,2019-04-01,2019-09-30,32.03%,No,4,9
ADANIPOWER,Yes,2021-01-01,2021-06-30,126.22%,No,1,6
ADANIPOWER,Yes,2021-03-01,2021-08-30,68.34%,No,3,8
ADANIPOWER,Yes,2021-10-01,2022-03-30,76.90%,No,10,3
ADANIPOWER,Yes,2021-12-01,2022-05-30,236.05%,No,12,5
ADANIPOWER,Yes,2021-12-03,2022-06-01,204.66%,No,12,6
ADANIPOWER,Yes,2022-01-31,2022-08-01,202.92%,No,1,8
ADANIPOWER,Yes,2023-11-01,2024-04-29,63.23%,No,11,4
ALKEM,Yes,2016-02-11,2016-08-09,25.40%,No,2,8
ALKEM,Yes,2016-03-21,2016-09-19,28.10%,No,3,9
ALKEM,Yes,2016-04-01,2016-09-28,38.97%,No,4,9
ALKEM,Yes,2016-04-05,2016-10-03,25.88%,No,4,10
ALKEM,Yes,2016-05-02,2016-11-01,33.11%,No,5,11
ALKEM,Yes,2016-06-01,2016-11-28,31.84%,No,6,11
ALKEM,Yes,2016-06-06,2016-12-05,25.20%,No,6,12
ALKEM,Yes,2016-08-19,2017-02-15,28.98%,No,8,2
ALKEM,Yes,2016-09-01,2017-02-28,36.91%,No,9,2
ALKEM,Yes,2016-09-02,2017-03-01,31.49%,No,9,3
ALKEM,Yes,2016-10-03,2017-04-03,29.35%,No,10,4
ALKEM,Yes,2016-11-04,2017-05-03,26.64%,No,11,5
ALKEM,Yes,2017-07-14,2018-01-10,30.82%,No,7,1
ALKEM,Yes,2017-08-01,2018-01-29,25.61%,No,8,1
ALKEM,Yes,2021-03-01,2021-08-30,38.20%,No,3,8
ALKEM,Yes,2023-01-23,2023-07-24,25.66%,No,1,7
ALKEM,Yes,2023-02-01,2023-07-31,32.90%,No,2,7
ALKEM,Yes,2023-11-01,2024-04-29,32.05%,No,11,4
AMBUJACEM,Yes,2015-12-11,2016-06-08,26.81%,No,12,6
AMBUJACEM,Yes,2016-01-01,2016-06-29,25.21%,No,1,6
AMBUJACEM,Yes,2016-01-04,2016-07-04,26.00%,No,1,7
AMBUJACEM,Yes,2016-02-01,2016-08-01,36.37%,No,2,8
AMBUJACEM,Yes,2016-03-01,2016-08-29,39.58%,No,3,8
AMBUJACEM,Yes,2016-03-08,2016-09-06,38.38%,No,3,9
AMBUJACEM,Yes,2016-11-16,2017-05-15,28.30%,No,11,5
AMBUJACEM,Yes,2021-04-01,2021-09-28,32.83%,No,4,9
AMBUJACEM,Yes,2021-04-05,2021-10-04,32.82%,No,4,10
AMBUJACEM,Yes,2021-05-03,2021-11-01,31.49%,No,5,11
AMBUJACEM,Yes,2022-05-02,2022-10-31,40.94%,No,5,10
AMBUJACEM,Yes,2022-06-01,2022-11-28,52.95%,No,6,11
AMBUJACEM,Yes,2022-06-06,2022-12-05,57.13%,No,6,12
AMBUJACEM,Yes,2022-07-01,2022-12-28,41.04%,No,7,12
AMBUJACEM,Yes,2022-07-04,2023-01-02,42.86%,No,7,1
AMBUJACEM,Yes,2023-02-01,2023-07-31,39.39%,No,2,7
AMBUJACEM,Yes,2023-08-14,2024-02-12,27.79%,No,8,2
AMBUJACEM,Yes,2023-09-01,2024-02-28,35.80%,No,9,2
AMBUJACEM,Yes,2023-09-04,2024-03-04,39.90%,No,9,3
AMBUJACEM,Yes,2023-10-03,2024-04-01,43.80%,No,10,4
AMBUJACEM,Yes,2023-11-01,2024-04-29,54.84%,No,11,4
AMBUJACEM,Yes,2023-12-01,2024-05-29,42.56%,No,12,5
APLAPOLLO,Yes,2015-11-30,2016-05-30,52.82%,No,11,5
APLAPOLLO,Yes,2015-12-01,2016-05-30,49.08%,No,12,5
APLAPOLLO,Yes,2015-12-04,2016-06-01,47.14%,No,12,6
APLAPOLLO,Yes,2016-01-01,2016-06-29,26.36%,No,1,6
APLAPOLLO,Yes,2016-01-04,2016-07-04,26.05%,No,1,7
APLAPOLLO,Yes,2016-02-01,2016-08-01,37.46%,No,2,8
APLAPOLLO,Yes,2016-03-01,2016-08-29,61.69%,No,3,8
APLAPOLLO,Yes,2016-03-08,2016-09-06,40.61%,No,3,9
APLAPOLLO,Yes,2016-04-01,2016-09-28,31.23%,No,4,9
APLAPOLLO,Yes,2016-04-04,2016-10-03,27.14%,No,4,10
APLAPOLLO,Yes,2016-09-21,2017-03-20,26.43%,No,9,3
APLAPOLLO,Yes,2016-10-03,2017-04-03,39.42%,No,10,4
APLAPOLLO,Yes,2017-02-01,2017-07-31,48.33%,No,2,7
APLAPOLLO,Yes,2017-05-02,2017-10-30,26.16%,No,5,10
APLAPOLLO,Yes,2017-05-05,2017-11-01,25.35%,No,5,11
APLAPOLLO,Yes,2017-06-01,2017-11-28,29.09%,No,6,11
APLAPOLLO,Yes,2017-06-05,2017-12-04,28.29%,No,6,12
APLAPOLLO,Yes,2017-07-07,2018-01-03,32.98%,No,7,1
APLAPOLLO,Yes,2017-08-01,2018-01-29,52.88%,No,8,1
APLAPOLLO,Yes,2017-08-07,2018-02-05,31.87%,No,8,2
APLAPOLLO,Yes,2017-09-01,2018-02-28,30.37%,No,9,2
APLAPOLLO,Yes,2018-11-01,2019-04-30,31.31%,No,11,4
APLAPOLLO,Yes,2018-12-31,2019-07-01,33.84%,No,12,7
APLAPOLLO,Yes,2022-07-01,2022-12-28,25.28%,No,7,12
APOLLOHOSP,Yes,2018-05-21,2018-11-19,25.12%,No,5,11
APOLLOHOSP,Yes,2018-06-01,2018-11-28,33.43%,No,6,11
APOLLOHOSP,Yes,2018-06-04,2018-12-03,37.92%,No,6,12
APOLLOHOSP,Yes,2018-07-09,2019-01-07,28.78%,No,7,1
APOLLOHOSP,Yes,2018-08-01,2019-01-28,33.44%,No,8,1
APOLLOHOSP,Yes,2018-08-06,2019-02-04,32.74%,No,8,2
APOLLOHOSP,Yes,2019-02-18,2019-08-19,32.87%,No,2,8
APOLLOHOSP,Yes,2019-03-01,2019-08-28,32.08%,No,3,8
APOLLOHOSP,Yes,2019-03-05,2019-09-03,25.30%,No,3,9
APOLLOHOSP,Yes,2019-04-30,2019-10-27,26.25%,No,4,10
APOLLOHOSP,Yes,2021-01-01,2021-06-30,49.90%,No,1,6
APOLLOHOSP,Yes,2021-01-04,2021-07-05,54.33%,No,1,7
APOLLOHOSP,Yes,2021-04-01,2021-09-28,52.51%,No,4,9
APOLLOHOSP,Yes,2021-07-01,2021-12-28,31.77%,No,7,12
APOLLOHOSP,Yes,2023-09-01,2024-02-28,31.56%,No,9,2
APOLLOHOSP,Yes,2023-09-04,2024-03-04,25.16%,No,9,3
APOLLOHOSP,Yes,2023-10-03,2024-04-01,26.26%,No,10,4
ASHOKLEY,Yes,2016-12-02,2017-05-31,26.51%,No,12,5
ASHOKLEY,Yes,2017-01-12,2017-07-11,26.55%,No,1,7
ASHOKLEY,Yes,2017-03-06,2017-09-04,27.13%,No,3,9
ASHOKLEY,Yes,2017-04-03,2017-10-03,47.79%,No,4,10
ASHOKLEY,Yes,2017-05-02,2017-10-30,56.17%,No,5,10
ASHOKLEY,Yes,2017-05-05,2017-11-01,54.27%,No,5,11
ASHOKLEY,Yes,2017-06-01,2017-11-28,35.27%,No,6,11
ASHOKLEY,Yes,2017-06-05,2017-12-04,26.99%,No,6,12
ASHOKLEY,Yes,2017-08-11,2018-02-07,29.47%,No,8,2
ASHOKLEY,Yes,2017-09-01,2018-02-28,25.39%,No,9,2
ASHOKLEY,Yes,2017-09-11,2018-03-12,25.13%,No,9,3
ASHOKLEY,Yes,2017-10-27,2018-04-25,28.48%,No,10,4
ASHOKLEY,Yes,2017-11-01,2018-04-30,30.05%,No,11,4
ASHOKLEY,Yes,2017-11-02,2018-05-02,29.57%,No,11,5
ASHOKLEY,Yes,2017-12-04,2018-06-04,26.26%,No,12,6
ASHOKLEY,Yes,2022-02-24,2022-08-23,29.94%,No,2,8
ASHOKLEY,Yes,2022-03-02,2022-08-29,26.54%,No,3,8
ASHOKLEY,Yes,2022-04-01,2022-09-28,26.61%,No,4,9
ASHOKLEY,Yes,2023-02-01,2023-07-31,26.57%,No,2,7
ASIANPAINT,Yes,2016-01-27,2016-07-25,25.37%,No,1,7
ASIANPAINT,Yes,2016-02-01,2016-08-01,26.99%,No,2,8
ASIANPAINT,Yes,2016-03-01,2016-08-29,28.19%,No,3,8
ASIANPAINT,Yes,2016-03-08,2016-09-06,38.24%,No,3,9
ASIANPAINT,Yes,2016-04-01,2016-09-28,37.92%,No,4,9
ASIANPAINT,Yes,2016-04-04,2016-10-03,35.35%,No,4,10
ASIANPAINT,Yes,2016-05-02,2016-11-01,25.48%,No,5,11
ASIANPAINT,Yes,2016-11-15,2017-05-15,28.88%,No,11,5
ASIANPAINT,Yes,2016-12-02,2017-05-31,27.23%,No,12,5
ASIANPAINT,Yes,2016-12-12,2017-06-12,26.42%,No,12,6
ASIANPAINT,Yes,2018-02-01,2018-07-31,26.48%,No,2,7
ASIANPAINT,Yes,2018-10-23,2019-04-22,27.09%,No,10,4
ASIANPAINT,Yes,2019-05-02,2019-10-29,26.97%,No,5,10
ASIANPAINT,Yes,2019-06-18,2019-12-16,25.69%,No,6,12
ASIANPAINT,Yes,2019-07-01,2019-12-30,33.37%,No,7,12
ASTRAL,Yes,2016-01-21,2016-07-19,27.51%,No,1,7
ASTRAL,Yes,2016-02-11,2016-08-09,25.75%,No,2,8
ASTRAL,Yes,2016-03-01,2016-08-29,36.06%,No,3,8
ASTRAL,Yes,2016-03-08,2016-09-06,29.98%,No,3,9
ASTRAL,Yes,2016-09-19,2017-03-20,27.37%,No,9,3
ASTRAL,Yes,2016-10-03,2017-04-03,29.15%,No,10,4
ASTRAL,Yes,2016-11-02,2017-05-02,27.24%,No,11,5
ASTRAL,Yes,2016-12-01,2017-05-30,43.92%,No,12,5
ASTRAL,Yes,2016-12-05,2017-06-05,51.37%,No,12,6
ASTRAL,Yes,2017-02-01,2017-07-31,51.06%,No,2,7
ASTRAL,Yes,2017-04-03,2017-10-03,28.84%,No,4,10
ASTRAL,Yes,2017-05-02,2017-10-30,34.41%,No,5,10
ASTRAL,Yes,2017-05-05,2017-11-01,36.87%,No,5,11
ASTRAL,Yes,2017-06-01,2017-11-28,31.06%,No,6,11
ASTRAL,Yes,2017-06-05,2017-12-04,38.95%,No,6,12
ASTRAL,Yes,2017-07-13,2018-01-09,25.60%,No,7,1
ASTRAL,Yes,2017-08-01,2018-01-29,28.83%,No,8,1
ASTRAL,Yes,2017-08-31,2018-02-27,27.27%,No,8,2
ASTRAL,Yes,2017-09-01,2018-02-28,30.32%,No,9,2
ASTRAL,Yes,2017-11-01,2018-04-30,26.99%,No,11,4
ASTRAL,Yes,2021-01-01,2021-06-30,51.90%,No,1,6
ATGL,Yes,2018-11-05,2019-05-06,71.63%,No,11,5
ATGL,Yes,2018-12-03,2019-06-03,83.23%,No,12,6
ATGL,Yes,2018-12-31,2019-07-01,70.63%,No,12,7
ATGL,Yes,2019-01-01,2019-07-01,68.88%,No,1,7
ATGL,Yes,2019-02-01,2019-07-31,65.81%,No,2,7
ATGL,Yes,2019-02-04,2019-08-05,56.08%,No,2,8
ATGL,Yes,2019-03-01,2019-08-28,38.99%,No,3,8
ATGL,Yes,2019-03-05,2019-09-03,26.00%,No,3,9
ATGL,Yes,2019-05-14,2019-11-11,25.67%,No,5,11
ATGL,Yes,2021-01-01,2021-06-30,170.71%,No,1,6
ATGL,Yes,2021-04-01,2021-09-28,32.92%,No,4,9
ATGL,Yes,2021-04-07,2021-10-04,27.77%,No,4,10
ATGL,Yes,2021-06-16,2021-12-13,29.83%,No,6,12
ATGL,Yes,2021-07-01,2021-12-28,81.86%,No,7,12
ATGL,Yes,2021-07-05,2022-01-03,99.41%,No,7,1
ATGL,Yes,2021-08-02,2022-01-31,105.01%,No,8,1
ATGL,Yes,2021-08-05,2022-02-01,105.66%,No,8,2
ATGL,Yes,2021-09-07,2022-03-07,28.53%,No,9,3
ATGL,Yes,2021-10-01,2022-03-30,49.24%,No,10,3
ATGL,Yes,2021-10-04,2022-04-04,68.09%,No,10,4
ATGL,Yes,2021-12-01,2022-05-30,59.25%,No,12,5
ATGL,Yes,2022-01-31,2022-08-01,76.69%,No,1,8
ATGL,Yes,2022-05-02,2022-10-31,44.81%,No,5,10
ATGL,Yes,2022-06-01,2022-11-28,55.01%,No,6,11
ATGL,Yes,2023-09-01,2024-02-28,60.75%,No,9,2
ATGL,Yes,2023-11-01,2024-04-29,66.55%,No,11,4
AUBANK,Yes,2017-07-11,2018-01-08,25.52%,No,7,1
AUBANK,Yes,2018-03-06,2018-09-03,25.21%,No,3,9
AUBANK,Yes,2019-05-16,2019-11-13,26.27%,No,5,11
AUBANK,Yes,2021-01-07,2021-07-06,25.48%,No,1,7
AUBANK,Yes,2021-02-01,2021-08-02,29.97%,No,2,8
AUBANK,Yes,2021-04-30,2021-10-27,26.23%,No,4,10
AUBANK,Yes,2021-12-28,2022-06-27,26.62%,No,12,6
AUBANK,Yes,2022-11-29,2023-05-29,25.99%,No,11,5
AUBANK,Yes,2024-04-01,2024-09-30,25.79%,No,4,9
AUBANK,Yes,2025-01-01,2025-06-30,43.79%,No,1,6
AUBANK,Yes,2025-05-02,2025-10-29,29.85%,No,5,10
AUROPHARMA,Yes,2016-02-25,2016-08-23,25.20%,No,2,8
AUROPHARMA,Yes,2017-05-02,2017-10-30,28.81%,No,5,10
AUROPHARMA,Yes,2017-05-05,2017-11-01,29.52%,No,5,11
AUROPHARMA,Yes,2018-03-12,2018-09-10,36.56%,No,3,9
AUROPHARMA,Yes,2018-04-02,2018-10-01,29.89%,No,4,10
AUROPHARMA,Yes,2018-06-01,2018-11-28,47.81%,No,6,11
AUROPHARMA,Yes,2018-06-04,2018-12-03,51.14%,No,6,12
AUROPHARMA,Yes,2018-07-13,2019-01-09,25.96%,No,7,1
AUROPHARMA,Yes,2018-08-01,2019-01-28,26.19%,No,8,1
AUROPHARMA,Yes,2018-08-08,2019-02-04,25.26%,No,8,2
AUROPHARMA,Yes,2022-11-10,2023-05-09,29.35%,No,11,5
AUROPHARMA,Yes,2022-12-01,2023-05-30,39.66%,No,12,5
AUROPHARMA,Yes,2022-12-05,2023-06-05,42.33%,No,12,6
AUROPHARMA,Yes,2023-01-02,2023-07-03,64.88%,No,1,7
AUROPHARMA,Yes,2023-02-01,2023-07-31,100.49%,No,2,7
AUROPHARMA,Yes,2023-03-01,2023-08-28,78.79%,No,3,8
AUROPHARMA,Yes,2023-09-01,2024-02-28,25.14%,No,9,2
AUROPHARMA,Yes,2023-09-04,2024-03-04,33.69%,No,9,3
AUROPHARMA,Yes,2023-10-04,2024-04-01,26.75%,No,10,4
AUROPHARMA,Yes,2023-11-01,2024-04-29,34.65%,No,11,4
AUROPHARMA,Yes,2024-04-01,2024-09-30,31.20%,No,4,9
AXISBANK,Yes,2016-01-06,2016-07-04,26.27%,No,1,7
AXISBANK,Yes,2016-02-01,2016-08-01,39.17%,No,2,8
AXISBANK,Yes,2016-03-01,2016-08-29,51.70%,No,3,8
AXISBANK,Yes,2016-03-08,2016-09-06,55.88%,No,3,9
AXISBANK,Yes,2016-04-04,2016-10-03,25.03%,No,4,10
AXISBANK,Yes,2018-07-13,2019-01-09,28.13%,No,7,1
AXISBANK,Yes,2018-09-21,2019-03-20,26.13%,No,9,3
AXISBANK,Yes,2018-10-01,2019-04-01,29.01%,No,10,4
AXISBANK,Yes,2018-11-01,2019-04-30,27.35%,No,11,4
AXISBANK,Yes,2018-11-19,2019-05-20,26.95%,No,11,5
AXISBANK,Yes,2018-12-03,2019-06-03,30.07%,No,12,6
AXISBANK,Yes,2018-12-31,2019-07-01,30.74%,No,12,7
AXISBANK,Yes,2022-05-04,2022-10-31,28.31%,No,5,10
AXISBANK,Yes,2022-05-06,2022-11-02,28.43%,No,5,11
AXISBANK,Yes,2022-06-01,2022-11-28,30.17%,No,6,11
AXISBANK,Yes,2022-06-06,2022-12-05,33.97%,No,6,12
AXISBANK,Yes,2022-07-01,2022-12-28,43.82%,No,7,12
BAJAJ-AUTO,Yes,2016-01-18,2016-07-18,25.45%,No,1,7
BAJAJ-AUTO,Yes,2016-02-11,2016-08-09,26.04%,No,2,8
BAJAJ-AUTO,Yes,2016-03-01,2016-08-29,31.00%,No,3,8
BAJAJ-AUTO,Yes,2016-03-08,2016-09-06,32.32%,No,3,9
BAJAJ-AUTO,Yes,2022-11-23,2023-05-22,25.37%,No,11,5
BAJAJ-AUTO,Yes,2022-12-05,2023-06-05,28.69%,No,12,6
BAJAJ-AUTO,Yes,2023-02-01,2023-07-31,33.35%,No,2,7
BAJAJ-AUTO,Yes,2023-04-03,2023-10-03,29.45%,No,4,10
BAJAJ-AUTO,Yes,2023-05-18,2023-11-15,26.28%,No,5,11
BAJAJ-AUTO,Yes,2023-06-01,2023-11-28,33.12%,No,6,11
BAJAJ-AUTO,Yes,2023-06-05,2023-12-04,35.70%,No,6,12
BAJAJ-AUTO,Yes,2023-07-03,2024-01-01,45.34%,No,7,1
BAJAJ-AUTO,Yes,2023-08-01,2024-01-29,53.31%,No,8,1
BAJAJ-AUTO,Yes,2023-08-07,2024-02-05,63.98%,No,8,2
BAJAJ-AUTO,Yes,2023-09-01,2024-02-28,75.40%,No,9,2
BAJAJ-AUTO,Yes,2023-09-04,2024-03-04,76.99%,No,9,3
BAJAJ-AUTO,Yes,2023-10-03,2024-04-01,80.25%,No,10,4
BAJAJ-AUTO,Yes,2023-11-01,2024-04-29,63.91%,No,11,4
BAJAJ-AUTO,Yes,2023-12-01,2024-05-29,50.02%,No,12,5
BAJAJ-AUTO,Yes,2024-04-01,2024-09-30,37.65%,No,4,9
BAJAJFINSV,Yes,2016-01-18,2016-07-18,34.46%,No,1,7
BAJAJFINSV,Yes,2016-02-01,2016-08-01,51.95%,No,2,8
BAJAJFINSV,Yes,2016-03-01,2016-08-29,66.77%,No,3,8
BAJAJFINSV,Yes,2016-03-08,2016-09-06,84.26%,No,3,9
BAJAJFINSV,Yes,2016-04-01,2016-09-28,85.18%,No,4,9
BAJAJFINSV,Yes,2016-04-04,2016-10-03,82.42%,No,4,10
BAJAJFINSV,Yes,2016-05-02,2016-11-01,78.21%,No,5,11
BAJAJFINSV,Yes,2016-06-01,2016-11-28,63.57%,No,6,11
BAJAJFINSV,Yes,2016-06-06,2016-12-05,62.47%,No,6,12
BAJAJFINSV,Yes,2016-07-04,2017-01-02,25.42%,No,7,1
BAJAJFINSV,Yes,2016-08-08,2017-02-06,40.87%,No,8,2
BAJAJFINSV,Yes,2016-09-01,2017-02-28,29.16%,No,9,2
BAJAJFINSV,Yes,2016-09-02,2017-03-01,28.55%,No,9,3
BAJAJFINSV,Yes,2016-10-03,2017-04-03,28.28%,No,10,4
BAJAJFINSV,Yes,2016-11-01,2017-05-02,32.01%,No,11,5
BAJAJFINSV,Yes,2016-12-01,2017-05-30,41.34%,No,12,5
BAJAJFINSV,Yes,2016-12-05,2017-06-05,41.99%,No,12,6
BAJAJFINSV,Yes,2017-02-01,2017-07-31,50.04%,No,2,7
BAJAJFINSV,Yes,2018-11-01,2019-04-30,39.62%,No,11,4
BAJAJFINSV,Yes,2018-12-31,2019-07-01,31.56%,No,12,7
BAJAJFINSV,Yes,2021-01-01,2021-06-30,36.51%,No,1,6
BAJAJFINSV,Yes,2021-07-01,2021-12-28,36.29%,No,7,12
BAJAJHLDNG,Yes,2016-01-25,2016-07-25,25.88%,No,1,7
BAJAJHLDNG,Yes,2016-02-01,2016-08-01,27.63%,No,2,8
BAJAJHLDNG,Yes,2016-03-01,2016-08-29,30.23%,No,3,8
BAJAJHLDNG,Yes,2016-03-08,2016-09-06,34.26%,No,3,9
BAJAJHLDNG,Yes,2016-04-01,2016-09-28,32.16%,No,4,9
BAJAJHLDNG,Yes,2016-04-04,2016-10-03,32.04%,No,4,10
BAJAJHLDNG,Yes,2016-05-02,2016-11-01,52.61%,No,5,11
BAJAJHLDNG,Yes,2016-06-01,2016-11-28,37.21%,No,6,11
BAJAJHLDNG,Yes,2016-06-06,2016-12-05,28.52%,No,6,12
BAJAJHLDNG,Yes,2017-05-02,2017-10-30,44.80%,No,5,10
BAJAJHLDNG,Yes,2017-07-03,2018-01-01,38.21%,No,7,1
BAJAJHLDNG,Yes,2018-10-05,2019-04-03,26.01%,No,10,4
BAJAJHLDNG,Yes,2018-12-13,2019-06-11,25.44%,No,12,6
BAJAJHLDNG,Yes,2021-07-01,2021-12-28,44.84%,No,7,12
BAJAJHLDNG,Yes,2021-08-02,2022-01-31,31.64%,No,8,1
BAJAJHLDNG,Yes,2021-08-05,2022-02-01,34.59%,No,8,2
BAJAJHLDNG,Yes,2023-09-05,2024-03-04,25.28%,No,9,3
BAJAJHLDNG,Yes,2024-11-18,2025-05-19,30.78%,No,11,5
BAJFINANCE,Yes,2015-11-30,2016-05-30,38.33%,No,11,5
BAJFINANCE,Yes,2015-12-01,2016-05-30,36.78%,No,12,5
BAJFINANCE,Yes,2015-12-04,2016-06-01,40.69%,No,12,6
BAJFINANCE,Yes,2016-01-01,2016-06-29,26.43%,No,1,6
BAJFINANCE,Yes,2016-01-04,2016-07-04,35.93%,No,1,7
BAJFINANCE,Yes,2016-02-01,2016-08-01,87.68%,No,2,8
BAJFINANCE,Yes,2016-03-01,2016-08-29,73.66%,No,3,8
BAJFINANCE,Yes,2016-03-08,2016-09-06,79.67%,No,3,9
BAJFINANCE,Yes,2016-04-01,2016-09-28,60.96%,No,4,9
BAJFINANCE,Yes,2016-04-04,2016-10-03,58.32%,No,4,10
BAJFINANCE,Yes,2016-05-02,2016-11-01,50.51%,No,5,11
BAJFINANCE,Yes,2017-02-01,2017-07-31,60.16%,No,2,7
BAJFINANCE,Yes,2017-05-02,2017-10-30,42.59%,No,5,10
BAJFINANCE,Yes,2017-06-01,2017-11-28,33.42%,No,6,11
BAJFINANCE,Yes,2017-06-06,2017-12-04,25.71%,No,6,12
BAJFINANCE,Yes,2017-07-04,2018-01-01,25.41%,No,7,1
BAJFINANCE,Yes,2018-09-24,2019-03-25,26.05%,No,9,3
BAJFINANCE,Yes,2018-10-01,2019-04-01,35.90%,No,10,4
BAJFINANCE,Yes,2018-11-01,2019-04-30,28.03%,No,11,4
BAJFINANCE,Yes,2018-12-31,2019-07-01,39.84%,No,12,7
BAJFINANCE,Yes,2024-08-06,2025-02-03,28.87%,No,8,2
BANKBARODA,Yes,2016-01-15,2016-07-13,26.95%,No,1,7
BANKBARODA,Yes,2016-02-09,2016-08-08,26.71%,No,2,8
BANKBARODA,Yes,2016-05-19,2016-11-15,27.04%,No,5,11
BANKBARODA,Yes,2016-08-11,2017-02-07,28.16%,No,8,2
BANKBARODA,Yes,2016-11-02,2017-05-02,25.77%,No,11,5
BANKBARODA,Yes,2018-10-01,2019-04-01,27.11%,No,10,4
BANKBARODA,Yes,2018-12-06,2019-06-04,25.99%,No,12,6
BANKBARODA,Yes,2021-01-01,2021-06-30,33.18%,No,1,6
BANKBARODA,Yes,2021-04-12,2021-10-11,32.38%,No,4,10
BANKBARODA,Yes,2021-07-30,2022-01-27,28.89%,No,7,1
BANKBARODA,Yes,2021-08-02,2022-01-31,33.19%,No,8,1
BANKBARODA,Yes,2021-09-01,2022-02-28,35.99%,No,9,2
BANKBARODA,Yes,2021-09-02,2022-03-02,31.51%,No,9,3
BANKBARODA,Yes,2021-10-01,2022-03-30,38.27%,No,10,3
BANKBARODA,Yes,2022-03-02,2022-08-29,26.19%,No,3,8
BANKBARODA,Yes,2022-03-04,2022-09-01,36.72%,No,3,9
BANKBARODA,Yes,2022-05-02,2022-10-31,34.94%,No,5,10
BANKBARODA,Yes,2022-06-01,2022-11-28,69.76%,No,6,11
BANKBARODA,Yes,2022-06-06,2022-12-05,73.57%,No,6,12
BANKBARODA,Yes,2022-07-01,2022-12-28,87.52%,No,7,12
BANKBARODA,Yes,2022-10-31,2023-05-02,27.35%,No,10,5
BANKBARODA,Yes,2023-02-01,2023-07-31,34.69%,No,2,7
BANKBARODA,Yes,2023-11-01,2024-04-29,39.44%,No,11,4
BANKBARODA,Yes,2023-12-01,2024-05-29,30.49%,No,12,5
BANKINDIA,Yes,2016-02-11,2016-08-09,29.58%,No,2,8
BANKINDIA,Yes,2016-03-01,2016-08-29,28.51%,No,3,8
BANKINDIA,Yes,2016-03-08,2016-09-06,29.08%,No,3,9
BANKINDIA,Yes,2016-04-06,2016-10-03,25.36%,No,4,10
BANKINDIA,Yes,2016-05-02,2016-11-01,26.36%,No,5,11
BANKINDIA,Yes,2016-06-01,2016-11-28,37.17%,No,6,11
BANKINDIA,Yes,2016-06-06,2016-12-05,38.93%,No,6,12
BANKINDIA,Yes,2016-08-11,2017-02-07,28.62%,No,8,2
BANKINDIA,Yes,2016-10-10,2017-04-10,25.41%,No,10,4
BANKINDIA,Yes,2016-11-01,2017-05-02,57.93%,No,11,5
BANKINDIA,Yes,2016-12-01,2017-05-30,25.73%,No,12,5
BANKINDIA,Yes,2016-12-06,2017-06-05,25.21%,No,12,6
BANKINDIA,Yes,2017-01-02,2017-07-03,30.01%,No,1,7
BANKINDIA,Yes,2017-02-01,2017-07-31,37.02%,No,2,7
BANKINDIA,Yes,2018-07-12,2019-01-08,28.23%,No,7,1
BANKINDIA,Yes,2018-09-27,2019-03-26,26.60%,No,9,3
BANKINDIA,Yes,2021-01-01,2021-06-30,55.33%,No,1,6
BANKINDIA,Yes,2022-05-02,2022-10-31,31.97%,No,5,10
BANKINDIA,Yes,2022-07-01,2022-12-28,103.47%,No,7,12
BANKINDIA,Yes,2022-08-01,2023-01-30,59.41%,No,8,1
BANKINDIA,Yes,2022-09-01,2023-02-28,37.31%,No,9,2
BANKINDIA,Yes,2022-10-31,2023-05-02,40.58%,No,10,5
BANKINDIA,Yes,2023-11-01,2024-04-29,58.75%,No,11,4
BDL,Yes,2019-02-06,2019-08-05,25.90%,No,2,8
BDL,Yes,2019-05-14,2019-11-11,28.12%,No,5,11
BDL,Yes,2021-01-28,2021-07-27,25.10%,No,1,7
BDL,Yes,2021-04-19,2021-10-18,26.92%,No,4,10
BDL,Yes,2021-08-09,2022-02-07,25.38%,No,8,2
BDL,Yes,2021-09-13,2022-03-14,32.26%,No,9,3
BDL,Yes,2021-10-01,2022-03-30,47.78%,No,10,3
BDL,Yes,2021-10-04,2022-04-04,56.23%,No,10,4
BDL,Yes,2021-11-01,2022-05-02,75.20%,No,11,5
BDL,Yes,2021-12-01,2022-05-30,84.17%,No,12,5
BDL,Yes,2021-12-03,2022-06-01,99.32%,No,12,6
BDL,Yes,2022-01-31,2022-08-01,67.69%,No,1,8
BDL,Yes,2022-03-02,2022-08-29,74.90%,No,3,8
BDL,Yes,2022-03-04,2022-09-01,81.94%,No,3,9
BDL,Yes,2022-04-01,2022-09-28,45.23%,No,4,9
BDL,Yes,2022-05-02,2022-10-31,34.21%,No,5,10
BDL,Yes,2022-06-20,2022-12-19,29.43%,No,6,12
BDL,Yes,2022-07-01,2022-12-28,38.21%,No,7,12
BDL,Yes,2022-07-04,2023-01-02,39.83%,No,7,1
BDL,Yes,2023-02-01,2023-07-31,36.24%,No,2,7
BDL,Yes,2023-08-01,2024-01-29,36.96%,No,8,1
BDL,Yes,2023-09-01,2024-02-28,59.99%,No,9,2
BDL,Yes,2023-11-01,2024-04-29,101.30%,No,11,4
BDL,Yes,2025-01-01,2025-06-30,71.99%,No,1,6
BEL,Yes,2016-06-03,2016-11-30,27.36%,No,6,11
BEL,Yes,2016-07-27,2017-01-23,25.68%,No,7,1
BEL,Yes,2016-08-01,2017-01-30,29.25%,No,8,1
BEL,Yes,2016-08-05,2017-02-01,26.01%,No,8,2
BEL,Yes,2016-09-02,2017-03-01,25.03%,No,9,3
BEL,Yes,2016-10-03,2017-04-03,26.58%,No,10,4
BEL,Yes,2016-11-01,2017-05-02,38.70%,No,11,5
BEL,Yes,2017-02-27,2017-08-28,26.72%,No,2,8
BEL,Yes,2017-03-01,2017-08-28,25.63%,No,3,8
BEL,Yes,2017-03-06,2017-09-04,26.78%,No,3,9
BEL,Yes,2017-06-27,2017-12-26,28.60%,No,6,12
BEL,Yes,2018-12-03,2019-06-03,32.00%,No,12,6
BEL,Yes,2018-12-31,2019-07-01,27.47%,No,12,7
BEL,Yes,2019-01-01,2019-07-01,28.20%,No,1,7
BEL,Yes,2019-04-22,2019-10-22,31.31%,No,4,10
BEL,Yes,2019-05-02,2019-10-29,36.88%,No,5,10
BEL,Yes,2019-05-06,2019-11-04,37.80%,No,5,11
BEL,Yes,2021-01-01,2021-06-30,43.82%,No,1,6
BEL,Yes,2021-04-01,2021-09-28,67.84%,No,4,9
BEL,Yes,2022-01-31,2022-08-01,37.55%,No,1,8
BEL,Yes,2022-07-01,2022-12-28,30.93%,No,7,12
BEL,Yes,2023-02-01,2023-07-31,45.56%,No,2,7
BEL,Yes,2023-09-01,2024-02-28,49.75%,No,9,2
BEL,Yes,2023-11-01,2024-04-29,79.11%,No,11,4
BEL,Yes,2023-12-01,2024-05-29,99.60%,No,12,5
BHARATFORG,Yes,2016-05-20,2016-11-16,25.54%,No,5,11
BHARATFORG,Yes,2016-06-13,2016-12-12,30.19%,No,6,12
BHARATFORG,Yes,2016-07-14,2017-01-10,27.84%,No,7,1
BHARATFORG,Yes,2016-08-01,2017-01-30,26.90%,No,8,1
BHARATFORG,Yes,2016-08-22,2017-02-20,29.42%,No,8,2
BHARATFORG,Yes,2016-10-24,2017-04-24,28.04%,No,10,4
BHARATFORG,Yes,2016-11-01,2017-05-02,34.58%,No,11,5
BHARATFORG,Yes,2016-12-01,2017-05-30,27.82%,No,12,5
BHARATFORG,Yes,2016-12-05,2017-06-05,36.28%,No,12,6
BHARATFORG,Yes,2017-03-23,2017-09-19,26.21%,No,3,9
BHARATFORG,Yes,2017-05-04,2017-10-31,25.64%,No,5,10
BHARATFORG,Yes,2017-09-01,2018-02-28,39.83%,No,9,2
BHARATFORG,Yes,2017-09-04,2018-03-05,36.03%,No,9,3
BHARATFORG,Yes,2021-01-01,2021-06-30,41.59%,No,1,6
BHARATFORG,Yes,2021-01-04,2021-07-05,39.50%,No,1,7
BHARATFORG,Yes,2021-02-01,2021-08-02,28.37%,No,2,8
BHARATFORG,Yes,2021-04-12,2021-10-11,37.00%,No,4,10
BHARATFORG,Yes,2022-06-01,2022-11-28,25.04%,No,6,11
BHARATFORG,Yes,2022-07-01,2022-12-28,36.71%,No,7,12
BHARATFORG,Yes,2023-03-01,2023-08-28,28.15%,No,3,8
BHARATFORG,Yes,2023-11-01,2024-04-29,25.08%,No,11,4
BHARATFORG,Yes,2024-02-01,2024-07-30,42.70%,No,2,7
BHARATFORG,Yes,2024-04-01,2024-09-30,32.55%,No,4,9
BHARTIARTL,Yes,2016-01-25,2016-07-25,25.03%,No,1,7
BHARTIARTL,Yes,2016-11-17,2017-05-16,25.98%,No,11,5
BHARTIARTL,Yes,2016-12-22,2017-06-20,25.44%,No,12,6
BHARTIARTL,Yes,2017-04-17,2017-10-16,33.15%,No,4,10
BHARTIARTL,Yes,2017-05-02,2017-10-30,42.16%,No,5,10
BHARTIARTL,Yes,2017-05-05,2017-11-01,56.77%,No,5,11
BHARTIARTL,Yes,2017-06-01,2017-11-28,34.44%,No,6,11
BHARTIARTL,Yes,2017-06-05,2017-12-04,30.38%,No,6,12
BHARTIARTL,Yes,2017-07-03,2018-01-01,38.52%,No,7,1
BHARTIARTL,Yes,2019-02-04,2019-08-05,27.08%,No,2,8
BHARTIARTL,Yes,2019-07-01,2019-12-30,32.14%,No,7,12
BHARTIARTL,Yes,2021-03-05,2021-09-01,25.08%,No,3,9
BHARTIARTL,Yes,2021-04-01,2021-09-28,36.18%,No,4,9
BHARTIARTL,Yes,2021-08-02,2022-01-31,31.47%,No,8,1
BHARTIARTL,Yes,2023-08-07,2024-02-05,25.50%,No,8,2
BHARTIARTL,Yes,2023-09-01,2024-02-28,30.35%,No,9,2
BHARTIARTL,Yes,2023-09-04,2024-03-04,31.00%,No,9,3
BHARTIARTL,Yes,2023-10-03,2024-04-01,31.56%,No,10,4
BHARTIARTL,Yes,2023-11-01,2024-04-29,45.87%,No,11,4
BHARTIARTL,Yes,2023-12-01,2024-05-29,35.71%,No,12,5
BHARTIARTL,Yes,2024-02-01,2024-07-30,27.72%,No,2,7
BHARTIARTL,Yes,2024-03-01,2024-08-28,38.66%,No,3,8
BHARTIARTL,Yes,2025-01-01,2025-06-30,25.94%,No,1,6
BHARTIHEXA,Yes,2024-04-12,2024-10-09,76.69%,No,4,10
BHARTIHEXA,Yes,2024-05-02,2024-10-29,62.78%,No,5,10
BHARTIHEXA,Yes,2024-05-06,2024-11-04,53.33%,No,5,11
BHARTIHEXA,Yes,2024-06-03,2024-12-02,30.05%,No,6,12
BHARTIHEXA,Yes,2024-07-01,2024-12-30,38.67%,No,7,12
BHARTIHEXA,Yes,2024-07-05,2025-01-01,35.95%,No,7,1
BHARTIHEXA,Yes,2024-08-06,2025-02-03,26.30%,No,8,2
BHARTIHEXA,Yes,2024-11-11,2025-05-12,27.89%,No,11,5
BHARTIHEXA,Yes,2024-12-02,2025-06-02,33.10%,No,12,6
BHARTIHEXA,Yes,2025-01-01,2025-06-30,31.62%,No,1,6
BHARTIHEXA,Yes,2025-01-02,2025-07-01,34.30%,No,1,7
BHARTIHEXA,Yes,2025-02-01,2025-07-31,36.25%,No,2,7
BHARTIHEXA,Yes,2025-02-03,2025-08-04,35.98%,No,2,8
BHARTIHEXA,Yes,2025-03-03,2025-09-01,37.28%,No,3,9
BHEL,Yes,2016-02-12,2016-08-10,30.54%,No,2,8
BHEL,Yes,2016-03-01,2016-08-29,51.89%,No,3,8
BHEL,Yes,2016-03-08,2016-09-06,30.33%,No,3,9
BHEL,Yes,2016-09-29,2017-03-28,27.39%,No,9,3
BHEL,Yes,2016-10-06,2017-04-05,26.48%,No,10,4
BHEL,Yes,2016-11-02,2017-05-02,28.77%,No,11,5
BHEL,Yes,2021-01-01,2021-06-30,69.38%,No,1,6
BHEL,Yes,2021-01-04,2021-07-05,62.24%,No,1,7
BHEL,Yes,2021-04-05,2021-10-04,33.78%,No,4,10
BHEL,Yes,2021-05-03,2021-11-01,34.11%,No,5,11
BHEL,Yes,2022-05-02,2022-10-31,42.22%,No,5,10
BHEL,Yes,2022-06-01,2022-11-28,58.45%,No,6,11
BHEL,Yes,2022-06-06,2022-12-05,72.96%,No,6,12
BHEL,Yes,2022-07-01,2022-12-28,70.19%,No,7,12
BHEL,Yes,2022-07-04,2023-01-02,76.50%,No,7,1
BHEL,Yes,2022-08-01,2023-01-30,36.24%,No,8,1
BHEL,Yes,2022-08-05,2023-02-01,47.30%,No,8,2
BHEL,Yes,2023-02-01,2023-07-31,37.63%,No,2,7
BHEL,Yes,2023-09-01,2024-02-28,65.04%,No,9,2
BHEL,Yes,2023-11-01,2024-04-29,127.81%,No,11,4
BHEL,Yes,2023-12-01,2024-05-29,72.49%,No,12,5
BHEL,Yes,2023-12-04,2024-06-03,78.94%,No,12,6
BIOCON,Yes,2015-11-30,2016-05-30,53.58%,No,11,5
BIOCON,Yes,2015-12-01,2016-05-30,51.72%,No,12,5
BIOCON,Yes,2015-12-04,2016-06-01,55.72%,No,12,6
BIOCON,Yes,2016-01-01,2016-06-29,43.53%,No,1,6
BIOCON,Yes,2016-01-04,2016-07-04,40.88%,No,1,7
BIOCON,Yes,2016-02-01,2016-08-01,71.54%,No,2,8
BIOCON,Yes,2016-03-01,2016-08-29,91.84%,No,3,8
BIOCON,Yes,2016-03-08,2016-09-06,96.15%,No,3,9
BIOCON,Yes,2016-04-01,2016-09-28,97.94%,No,4,9
BIOCON,Yes,2016-04-04,2016-10-03,95.95%,No,4,10
BIOCON,Yes,2016-05-02,2016-11-01,52.26%,No,5,11
BIOCON,Yes,2016-06-02,2016-11-29,29.71%,No,6,11
BIOCON,Yes,2016-06-06,2016-12-05,26.45%,No,6,12
BIOCON,Yes,2016-07-01,2016-12-28,25.29%,No,7,12
BIOCON,Yes,2016-07-04,2017-01-02,27.84%,No,7,1
BIOCON,Yes,2016-08-08,2017-02-06,30.47%,No,8,2
BIOCON,Yes,2016-10-27,2017-04-25,26.56%,No,10,4
BIOCON,Yes,2017-08-01,2018-01-29,63.38%,No,8,1
BIOCON,Yes,2017-09-01,2018-02-28,86.38%,No,9,2
BIOCON,Yes,2017-09-04,2018-03-05,87.88%,No,9,3
BIOCON,Yes,2017-11-01,2018-04-30,83.94%,No,11,4
BIOCON,Yes,2024-02-01,2024-07-30,33.34%,No,2,7
BLUESTARCO,Yes,2015-12-11,2016-06-08,26.19%,No,12,6
BLUESTARCO,Yes,2016-01-13,2016-07-11,25.77%,No,1,7
BLUESTARCO,Yes,2016-02-01,2016-08-01,37.66%,No,2,8
BLUESTARCO,Yes,2016-03-01,2016-08-29,53.54%,No,3,8
BLUESTARCO,Yes,2016-03-08,2016-09-06,54.81%,No,3,9
BLUESTARCO,Yes,2016-04-01,2016-09-28,37.88%,No,4,9
BLUESTARCO,Yes,2016-04-04,2016-10-03,46.14%,No,4,10
BLUESTARCO,Yes,2016-05-02,2016-11-01,34.29%,No,5,11
BLUESTARCO,Yes,2016-10-04,2017-04-03,27.25%,No,10,4
BLUESTARCO,Yes,2016-11-04,2017-05-03,27.20%,No,11,5
BLUESTARCO,Yes,2016-12-01,2017-05-30,29.67%,No,12,5
BLUESTARCO,Yes,2017-02-01,2017-07-31,34.09%,No,2,7
BLUESTARCO,Yes,2017-06-12,2017-12-11,29.82%,No,6,12
BLUESTARCO,Yes,2017-07-03,2018-01-01,38.25%,No,7,1
BLUESTARCO,Yes,2019-05-02,2019-10-29,25.82%,No,5,10
BLUESTARCO,Yes,2021-08-09,2022-02-07,25.95%,No,8,2
BLUESTARCO,Yes,2021-09-01,2022-02-28,38.62%,No,9,2
BLUESTARCO,Yes,2021-09-02,2022-03-02,32.57%,No,9,3
BLUESTARCO,Yes,2022-07-01,2022-12-28,34.28%,No,7,12
BLUESTARCO,Yes,2022-08-01,2023-01-30,26.87%,No,8,1
BLUESTARCO,Yes,2023-06-01,2023-11-28,39.42%,No,6,11
BLUESTARCO,Yes,2023-11-01,2024-04-29,57.67%,No,11,4
BOSCHLTD,Yes,2016-01-08,2016-07-07,25.20%,No,1,7
BOSCHLTD,Yes,2016-02-01,2016-08-01,44.38%,No,2,8
BOSCHLTD,Yes,2016-03-01,2016-08-29,40.12%,No,3,8
BOSCHLTD,Yes,2016-03-08,2016-09-06,40.78%,No,3,9
BOSCHLTD,Yes,2016-11-16,2017-05-15,26.61%,No,11,5
BOSCHLTD,Yes,2016-12-19,2017-06-19,27.32%,No,12,6
BOSCHLTD,Yes,2021-04-12,2021-10-11,31.01%,No,4,10
BOSCHLTD,Yes,2021-05-03,2021-11-01,30.93%,No,5,11
BOSCHLTD,Yes,2022-06-13,2022-12-12,27.05%,No,6,12
BOSCHLTD,Yes,2022-10-03,2023-04-03,25.79%,No,10,4
BOSCHLTD,Yes,2023-08-02,2024-01-29,27.31%,No,8,1
BOSCHLTD,Yes,2023-08-07,2024-02-05,32.79%,No,8,2
BOSCHLTD,Yes,2023-09-01,2024-02-28,50.28%,No,9,2
BOSCHLTD,Yes,2023-09-04,2024-03-04,54.86%,No,9,3
BOSCHLTD,Yes,2023-11-01,2024-04-29,52.39%,No,11,4
BOSCHLTD,Yes,2023-12-01,2024-05-29,41.97%,No,12,5
BOSCHLTD,Yes,2024-02-01,2024-07-30,49.28%,No,2,7
BOSCHLTD,Yes,2024-04-01,2024-09-30,25.03%,No,4,9
BOSCHLTD,Yes,2025-05-02,2025-10-29,28.67%,No,5,10
BPCL,Yes,2016-01-04,2016-07-04,28.34%,No,1,7
BPCL,Yes,2016-02-01,2016-08-01,39.74%,No,2,8
BPCL,Yes,2016-03-01,2016-08-29,53.84%,No,3,8
BPCL,Yes,2016-03-08,2016-09-06,48.03%,No,3,9
BPCL,Yes,2016-04-01,2016-09-28,41.01%,No,4,9
BPCL,Yes,2016-04-04,2016-10-03,43.67%,No,4,10
BPCL,Yes,2016-05-02,2016-11-01,41.57%,No,5,11
BPCL,Yes,2016-06-01,2016-11-28,33.95%,No,6,11
BPCL,Yes,2016-06-10,2016-12-07,28.11%,No,6,12
BPCL,Yes,2016-12-02,2017-05-31,27.92%,No,12,5
BPCL,Yes,2016-12-05,2017-06-05,26.31%,No,12,6
BPCL,Yes,2018-10-05,2019-04-03,41.46%,No,10,4
BPCL,Yes,2018-11-01,2019-04-30,38.48%,No,11,4
BPCL,Yes,2018-11-02,2019-05-02,29.34%,No,11,5
BPCL,Yes,2019-05-02,2019-10-29,41.48%,No,5,10
BPCL,Yes,2019-07-01,2019-12-30,34.20%,No,7,12
BPCL,Yes,2021-01-01,2021-06-30,28.93%,No,1,6
BPCL,Yes,2023-07-03,2024-01-01,27.55%,No,7,1
BPCL,Yes,2023-08-01,2024-01-29,38.19%,No,8,1
BPCL,Yes,2023-08-07,2024-02-05,68.76%,No,8,2
BPCL,Yes,2023-09-01,2024-02-28,85.38%,No,9,2
BPCL,Yes,2023-09-04,2024-03-04,94.58%,No,9,3
BPCL,Yes,2024-02-01,2024-07-30,36.97%,No,2,7
BRITANNIA,Yes,2016-02-16,2016-08-16,25.48%,No,2,8
BRITANNIA,Yes,2016-03-15,2016-09-12,25.13%,No,3,9
BRITANNIA,Yes,2016-04-01,2016-09-28,27.96%,No,4,9
BRITANNIA,Yes,2016-04-04,2016-10-03,32.00%,No,4,10
BRITANNIA,Yes,2016-11-15,2017-05-15,27.73%,No,11,5
BRITANNIA,Yes,2016-12-20,2017-06-19,25.07%,No,12,6
BRITANNIA,Yes,2017-01-02,2017-07-03,28.32%,No,1,7
BRITANNIA,Yes,2017-03-01,2017-08-28,32.42%,No,3,8
BRITANNIA,Yes,2017-05-02,2017-10-30,33.55%,No,5,10
BRITANNIA,Yes,2017-05-05,2017-11-01,33.85%,No,5,11
BRITANNIA,Yes,2017-06-01,2017-11-28,33.73%,No,6,11
BRITANNIA,Yes,2017-06-05,2017-12-04,31.49%,No,6,12
BRITANNIA,Yes,2017-07-03,2018-01-01,28.66%,No,7,1
BRITANNIA,Yes,2018-02-01,2018-07-31,38.54%,No,2,7
BRITANNIA,Yes,2022-08-08,2023-02-06,27.38%,No,8,2
BSE,Yes,2021-01-01,2021-06-30,42.09%,No,1,6
BSE,Yes,2021-01-04,2021-07-05,50.70%,No,1,7
BSE,Yes,2021-02-01,2021-08-02,112.88%,No,2,8
BSE,Yes,2021-03-01,2021-08-30,111.00%,No,3,8
BSE,Yes,2021-03-05,2021-09-01,107.37%,No,3,9
BSE,Yes,2021-04-01,2021-09-28,121.67%,No,4,9
BSE,Yes,2021-04-05,2021-10-04,123.17%,No,4,10
BSE,Yes,2021-05-03,2021-11-01,122.71%,No,5,11
BSE,Yes,2021-06-01,2021-11-29,66.68%,No,6,11
BSE,Yes,2021-06-04,2021-12-01,80.88%,No,6,12
BSE,Yes,2021-07-01,2021-12-28,120.22%,No,7,12
BSE,Yes,2021-07-05,2022-01-03,98.79%,No,7,1
BSE,Yes,2021-08-02,2022-01-31,55.53%,No,8,1
BSE,Yes,2021-08-05,2022-02-01,61.97%,No,8,2
BSE,Yes,2021-09-01,2022-02-28,64.62%,No,9,2
BSE,Yes,2021-09-02,2022-03-02,69.82%,No,9,3
BSE,Yes,2021-10-01,2022-03-30,132.31%,No,10,3
BSE,Yes,2021-10-04,2022-04-04,123.31%,No,10,4
BSE,Yes,2021-11-01,2022-05-02,97.56%,No,11,5
BSE,Yes,2021-12-01,2022-05-30,25.13%,No,12,5
BSE,Yes,2023-02-01,2023-07-31,60.66%,No,2,7
BSE,Yes,2023-05-02,2023-10-30,265.12%,No,5,10
BSE,Yes,2023-11-01,2024-04-29,54.42%,No,11,4
BSE,Yes,2024-09-30,2025-04-01,48.35%,No,9,4
BSE,Yes,2024-12-02,2025-06-02,77.60%,No,12,6
CANBK,Yes,2016-01-15,2016-07-13,33.72%,No,1,7
CANBK,Yes,2016-02-01,2016-08-01,29.89%,No,2,8
CANBK,Yes,2016-03-01,2016-08-29,65.82%,No,3,8
CANBK,Yes,2016-03-08,2016-09-06,60.03%,No,3,9
CANBK,Yes,2016-04-01,2016-09-28,57.26%,No,4,9
CANBK,Yes,2016-04-04,2016-10-03,60.98%,No,4,10
CANBK,Yes,2016-05-02,2016-11-01,55.01%,No,5,11
CANBK,Yes,2016-06-01,2016-11-28,56.63%,No,6,11
CANBK,Yes,2016-06-06,2016-12-05,61.08%,No,6,12
CANBK,Yes,2016-08-11,2017-02-07,26.01%,No,8,2
CANBK,Yes,2016-11-02,2017-05-02,28.57%,No,11,5
CANBK,Yes,2016-12-20,2017-06-19,25.32%,No,12,6
CANBK,Yes,2017-02-01,2017-07-31,29.82%,No,2,7
CANBK,Yes,2018-07-16,2019-01-14,25.03%,No,7,1
CANBK,Yes,2018-09-28,2019-03-27,29.50%,No,9,3
CANBK,Yes,2018-10-01,2019-04-01,26.16%,No,10,4
CANBK,Yes,2021-07-01,2021-12-28,28.81%,No,7,12
CANBK,Yes,2021-08-02,2022-01-31,62.56%,No,8,1
CANBK,Yes,2021-09-01,2022-02-28,36.36%,No,9,2
CANBK,Yes,2021-10-01,2022-03-30,29.18%,No,10,3
CANBK,Yes,2022-05-02,2022-10-31,30.71%,No,5,10
CANBK,Yes,2023-11-01,2024-04-29,61.97%,No,11,4
CANBK,Yes,2023-12-01,2024-05-29,42.03%,No,12,5
CGPOWER,Yes,2016-01-28,2016-07-26,25.15%,No,1,7
CGPOWER,Yes,2016-02-01,2016-08-01,31.28%,No,2,8
CGPOWER,Yes,2016-03-01,2016-08-29,72.54%,No,3,8
CGPOWER,Yes,2016-03-08,2016-09-06,70.66%,No,3,9
CGPOWER,Yes,2016-04-01,2016-09-28,64.09%,No,4,9
CGPOWER,Yes,2016-04-04,2016-10-03,57.97%,No,4,10
CGPOWER,Yes,2016-05-02,2016-11-01,35.85%,No,5,11
CGPOWER,Yes,2016-11-15,2017-05-15,25.35%,No,11,5
CGPOWER,Yes,2016-12-06,2017-06-05,27.72%,No,12,6
CGPOWER,Yes,2017-02-01,2017-07-31,28.08%,No,2,7
CGPOWER,Yes,2021-01-01,2021-06-30,77.16%,No,1,6
CGPOWER,Yes,2021-06-01,2021-11-29,77.01%,No,6,11
CGPOWER,Yes,2021-06-04,2021-12-01,78.36%,No,6,12
CGPOWER,Yes,2021-07-01,2021-12-28,138.44%,No,7,12
CGPOWER,Yes,2021-07-05,2022-01-03,141.95%,No,7,1
CGPOWER,Yes,2021-08-02,2022-01-31,120.67%,No,8,1
CGPOWER,Yes,2021-08-05,2022-02-01,102.27%,No,8,2
CGPOWER,Yes,2021-09-01,2022-02-28,99.59%,No,9,2
CGPOWER,Yes,2021-09-02,2022-03-02,88.45%,No,9,3
CGPOWER,Yes,2021-10-01,2022-03-30,52.96%,No,10,3
CGPOWER,Yes,2021-10-04,2022-04-04,47.37%,No,10,4
CGPOWER,Yes,2022-01-31,2022-08-01,28.76%,No,1,8
CGPOWER,Yes,2022-05-02,2022-10-31,34.99%,No,5,10
CGPOWER,Yes,2022-12-01,2023-05-30,38.83%,No,12,5
CGPOWER,Yes,2023-11-01,2024-04-29,46.37%,No,11,4
CHOLAFIN,Yes,2015-11-30,2016-05-30,47.71%,No,11,5
CHOLAFIN,Yes,2015-12-01,2016-05-30,48.33%,No,12,5
CHOLAFIN,Yes,2015-12-04,2016-06-01,55.84%,No,12,6
CHOLAFIN,Yes,2016-01-01,2016-06-29,49.06%,No,1,6
CHOLAFIN,Yes,2016-01-04,2016-07-04,51.07%,No,1,7
CHOLAFIN,Yes,2016-02-01,2016-08-01,79.26%,No,2,8
CHOLAFIN,Yes,2016-03-01,2016-08-29,80.60%,No,3,8
CHOLAFIN,Yes,2016-03-08,2016-09-06,67.48%,No,3,9
CHOLAFIN,Yes,2016-04-01,2016-09-28,55.77%,No,4,9
CHOLAFIN,Yes,2016-04-04,2016-10-03,59.88%,No,4,10
CHOLAFIN,Yes,2016-05-02,2016-11-01,37.36%,No,5,11
CHOLAFIN,Yes,2017-06-06,2017-12-04,25.92%,No,6,12
CHOLAFIN,Yes,2017-08-29,2018-02-26,26.05%,No,8,2
CHOLAFIN,Yes,2017-09-01,2018-02-28,28.26%,No,9,2
CHOLAFIN,Yes,2017-09-04,2018-03-05,28.51%,No,9,3
CHOLAFIN,Yes,2017-10-03,2018-04-02,33.43%,No,10,4
CHOLAFIN,Yes,2017-11-01,2018-04-30,42.66%,No,11,4
CHOLAFIN,Yes,2021-07-26,2022-01-24,30.85%,No,7,1
CHOLAFIN,Yes,2021-10-01,2022-03-30,31.54%,No,10,3
CHOLAFIN,Yes,2023-02-01,2023-07-31,51.33%,No,2,7
CHOLAFIN,Yes,2023-05-02,2023-10-30,32.20%,No,5,10
CIPLA,Yes,2017-05-26,2017-11-22,27.11%,No,5,11
CIPLA,Yes,2021-03-18,2021-09-14,26.92%,No,3,9
CIPLA,Yes,2023-02-20,2023-08-21,29.03%,No,2,8
CIPLA,Yes,2023-03-01,2023-08-28,37.71%,No,3,8
CIPLA,Yes,2023-04-03,2023-10-03,33.76%,No,4,10
CIPLA,Yes,2023-05-02,2023-10-30,31.10%,No,5,10
CIPLA,Yes,2023-06-02,2023-11-29,25.41%,No,6,11
CIPLA,Yes,2023-06-05,2023-12-04,25.81%,No,6,12
CIPLA,Yes,2023-07-03,2024-01-01,25.89%,No,7,1
CIPLA,Yes,2023-09-26,2024-03-26,26.52%,No,9,3
CIPLA,Yes,2023-10-03,2024-04-01,26.70%,No,10,4
CIPLA,Yes,2023-12-11,2024-06-10,27.61%,No,12,6
COALINDIA,Yes,2017-08-03,2018-01-30,26.54%,No,8,1
COALINDIA,Yes,2017-08-11,2018-02-07,26.16%,No,8,2
COALINDIA,Yes,2017-09-01,2018-02-28,29.54%,No,9,2
COALINDIA,Yes,2021-03-25,2021-09-21,25.13%,No,3,9
COALINDIA,Yes,2021-04-01,2021-09-28,35.37%,No,4,9
COALINDIA,Yes,2021-04-05,2021-10-04,49.98%,No,4,10
COALINDIA,Yes,2021-05-03,2021-11-01,32.37%,No,5,11
COALINDIA,Yes,2021-09-02,2022-03-02,42.56%,No,9,3
COALINDIA,Yes,2021-10-28,2022-04-26,25.53%,No,10,4
COALINDIA,Yes,2021-11-18,2022-05-17,31.42%,No,11,5
COALINDIA,Yes,2021-12-01,2022-05-30,31.46%,No,12,5
COALINDIA,Yes,2021-12-03,2022-06-01,34.06%,No,12,6
COALINDIA,Yes,2022-01-11,2022-07-11,25.71%,No,1,7
COALINDIA,Yes,2022-01-31,2022-08-01,37.24%,No,1,8
COALINDIA,Yes,2022-02-01,2022-08-01,34.50%,No,2,8
COALINDIA,Yes,2022-03-02,2022-08-29,26.51%,No,3,8
COALINDIA,Yes,2022-05-02,2022-10-31,32.88%,No,5,10
COALINDIA,Yes,2022-06-01,2022-11-28,26.54%,No,6,11
COALINDIA,Yes,2022-06-06,2022-12-05,28.10%,No,6,12
COALINDIA,Yes,2022-07-01,2022-12-28,31.46%,No,7,12
COALINDIA,Yes,2022-07-04,2023-01-02,33.25%,No,7,1
COALINDIA,Yes,2023-11-01,2024-04-29,56.37%,No,11,4
COALINDIA,Yes,2024-02-01,2024-07-30,29.17%,No,2,7
COCHINSHIP,Yes,2022-02-28,2022-08-29,29.63%,No,2,8
COCHINSHIP,Yes,2022-03-02,2022-08-29,29.68%,No,3,8
COCHINSHIP,Yes,2022-03-04,2022-09-01,31.34%,No,3,9
COCHINSHIP,Yes,2022-04-01,2022-09-28,39.70%,No,4,9
COCHINSHIP,Yes,2022-04-04,2022-10-03,54.14%,No,4,10
COCHINSHIP,Yes,2022-05-02,2022-10-31,61.42%,No,5,10
COCHINSHIP,Yes,2022-05-05,2022-11-01,69.95%,No,5,11
COCHINSHIP,Yes,2022-06-01,2022-11-28,104.10%,No,6,11
COCHINSHIP,Yes,2022-06-06,2022-12-05,111.00%,No,6,12
COCHINSHIP,Yes,2022-07-01,2022-12-28,76.89%,No,7,12
COCHINSHIP,Yes,2022-07-04,2023-01-02,74.10%,No,7,1
COCHINSHIP,Yes,2022-08-01,2023-01-30,48.49%,No,8,1
COCHINSHIP,Yes,2022-08-05,2023-02-01,44.77%,No,8,2
COCHINSHIP,Yes,2022-09-02,2023-03-01,26.76%,No,9,3
COCHINSHIP,Yes,2023-01-12,2023-07-11,35.10%,No,1,7
COCHINSHIP,Yes,2023-02-01,2023-07-31,40.22%,No,2,7
COCHINSHIP,Yes,2023-09-01,2024-02-28,90.74%,No,9,2
COCHINSHIP,Yes,2023-10-03,2024-04-01,83.24%,No,10,4
COCHINSHIP,Yes,2023-11-01,2024-04-29,185.76%,No,11,4
COCHINSHIP,Yes,2023-11-03,2024-05-02,183.76%,No,11,5
COCHINSHIP,Yes,2023-12-01,2024-05-29,247.23%,No,12,5
COCHINSHIP,Yes,2023-12-04,2024-06-03,240.05%,No,12,6
COCHINSHIP,Yes,2025-01-01,2025-06-30,32.18%,No,1,6
COFORGE,Yes,2016-11-11,2017-05-10,33.12%,No,11,5
COFORGE,Yes,2016-12-05,2017-06-05,32.29%,No,12,6
COFORGE,Yes,2017-01-02,2017-07-03,32.65%,No,1,7
COFORGE,Yes,2017-02-01,2017-07-31,26.15%,No,2,7
COFORGE,Yes,2017-03-22,2017-09-18,25.83%,No,3,9
COFORGE,Yes,2017-04-03,2017-10-03,29.67%,No,4,10
COFORGE,Yes,2017-05-02,2017-10-30,42.22%,No,5,10
COFORGE,Yes,2017-05-05,2017-11-01,42.26%,No,5,11
COFORGE,Yes,2017-07-10,2018-01-08,27.60%,No,7,1
COFORGE,Yes,2017-08-01,2018-01-29,75.72%,No,8,1
COFORGE,Yes,2017-08-07,2018-02-05,69.72%,No,8,2
COFORGE,Yes,2017-09-01,2018-02-28,66.75%,No,9,2
COFORGE,Yes,2017-09-04,2018-03-05,76.82%,No,9,3
COFORGE,Yes,2017-10-03,2018-04-02,60.28%,No,10,4
COFORGE,Yes,2017-11-01,2018-04-30,77.66%,No,11,4
COFORGE,Yes,2017-12-01,2018-05-30,72.37%,No,12,5
COFORGE,Yes,2018-02-02,2018-08-01,58.09%,No,2,8
COFORGE,Yes,2018-03-01,2018-08-28,53.98%,No,3,8
COFORGE,Yes,2021-01-01,2021-06-30,53.31%,No,1,6
COFORGE,Yes,2021-04-01,2021-09-28,78.94%,No,4,9
COFORGE,Yes,2021-06-01,2021-11-29,48.27%,No,6,11
COFORGE,Yes,2021-06-04,2021-12-01,46.37%,No,6,12
COFORGE,Yes,2021-07-01,2021-12-28,35.58%,No,7,12
COLPAL,Yes,2017-01-02,2017-07-03,26.27%,No,1,7
COLPAL,Yes,2019-04-15,2019-10-14,25.94%,No,4,10
COLPAL,Yes,2019-05-02,2019-10-29,27.76%,No,5,10
COLPAL,Yes,2019-05-06,2019-11-04,34.25%,No,5,11
COLPAL,Yes,2019-06-03,2019-12-02,26.02%,No,6,12
COLPAL,Yes,2019-07-01,2019-12-30,30.64%,No,7,12
COLPAL,Yes,2023-02-01,2023-07-31,40.83%,No,2,7
COLPAL,Yes,2023-02-02,2023-08-01,39.07%,No,2,8
COLPAL,Yes,2023-03-01,2023-08-28,32.28%,No,3,8
COLPAL,Yes,2023-03-06,2023-09-04,30.33%,No,3,9
COLPAL,Yes,2023-06-01,2023-11-28,36.78%,No,6,11
COLPAL,Yes,2023-07-03,2024-01-01,48.70%,No,7,1
COLPAL,Yes,2023-08-01,2024-01-29,27.26%,No,8,1
COLPAL,Yes,2023-08-07,2024-02-05,28.22%,No,8,2
COLPAL,Yes,2023-09-01,2024-02-28,30.09%,No,9,2
COLPAL,Yes,2023-09-04,2024-03-04,34.18%,No,9,3
COLPAL,Yes,2023-10-03,2024-04-01,38.74%,No,10,4
COLPAL,Yes,2023-11-01,2024-04-29,36.47%,No,11,4
COLPAL,Yes,2023-11-03,2024-05-02,34.99%,No,11,5
COLPAL,Yes,2023-12-08,2024-06-05,30.78%,No,12,6
COLPAL,Yes,2024-04-01,2024-09-30,41.95%,No,4,9
CONCOR,Yes,2016-02-01,2016-08-01,27.02%,No,2,8
CONCOR,Yes,2016-11-21,2017-05-22,30.46%,No,11,5
CONCOR,Yes,2016-12-01,2017-05-30,27.00%,No,12,5
CONCOR,Yes,2016-12-05,2017-06-05,31.43%,No,12,6
CONCOR,Yes,2017-01-02,2017-07-03,27.47%,No,1,7
CONCOR,Yes,2017-03-01,2017-08-28,31.46%,No,3,8
CONCOR,Yes,2017-03-06,2017-09-04,32.93%,No,3,9
CONCOR,Yes,2017-04-03,2017-10-03,31.59%,No,4,10
CONCOR,Yes,2017-07-14,2018-01-10,26.40%,No,7,1
CONCOR,Yes,2019-05-13,2019-11-11,25.74%,No,5,11
CONCOR,Yes,2021-01-01,2021-06-30,73.12%,No,1,6
CONCOR,Yes,2022-05-04,2022-10-31,25.18%,No,5,10
CONCOR,Yes,2022-06-07,2022-12-05,25.02%,No,6,12
CONCOR,Yes,2023-08-01,2024-01-29,25.03%,No,8,1
CONCOR,Yes,2023-08-07,2024-02-05,34.15%,No,8,2
CONCOR,Yes,2023-09-01,2024-02-28,40.57%,No,9,2
CONCOR,Yes,2023-09-04,2024-03-04,45.89%,No,9,3
CONCOR,Yes,2023-10-03,2024-04-01,27.35%,No,10,4
CONCOR,Yes,2023-11-01,2024-04-29,56.40%,No,11,4
COROMANDEL,Yes,2015-12-09,2016-06-06,29.18%,No,12,6
COROMANDEL,Yes,2016-01-01,2016-06-29,37.06%,No,1,6
COROMANDEL,Yes,2016-01-04,2016-07-04,32.45%,No,1,7
COROMANDEL,Yes,2016-02-01,2016-08-01,56.19%,No,2,8
COROMANDEL,Yes,2016-03-01,2016-08-29,56.20%,No,3,8
COROMANDEL,Yes,2016-03-08,2016-09-06,58.82%,No,3,9
COROMANDEL,Yes,2016-04-01,2016-09-28,30.31%,No,4,9
COROMANDEL,Yes,2016-04-04,2016-10-03,29.35%,No,4,10
COROMANDEL,Yes,2016-05-02,2016-11-01,26.68%,No,5,11
COROMANDEL,Yes,2016-07-05,2017-01-02,39.29%,No,7,1
COROMANDEL,Yes,2016-08-02,2017-01-30,29.80%,No,8,1
COROMANDEL,Yes,2016-08-05,2017-02-01,27.55%,No,8,2
COROMANDEL,Yes,2016-09-01,2017-02-28,25.09%,No,9,2
COROMANDEL,Yes,2016-09-09,2017-03-08,25.40%,No,9,3
COROMANDEL,Yes,2016-10-13,2017-04-11,25.74%,No,10,4
COROMANDEL,Yes,2016-11-01,2017-05-02,26.56%,No,11,5
COROMANDEL,Yes,2016-12-01,2017-05-30,46.49%,No,12,5
COROMANDEL,Yes,2017-02-01,2017-07-31,39.35%,No,2,7
COROMANDEL,Yes,2017-05-02,2017-10-30,45.99%,No,5,10
COROMANDEL,Yes,2017-06-05,2017-12-04,25.41%,No,6,12
COROMANDEL,Yes,2019-07-01,2019-12-30,27.29%,No,7,12
COROMANDEL,Yes,2022-01-31,2022-08-01,34.31%,No,1,8
COROMANDEL,Yes,2024-11-01,2025-04-30,31.30%,No,11,4
CUMMINSIND,Yes,2016-11-04,2017-05-03,28.01%,No,11,5
CUMMINSIND,Yes,2016-12-02,2017-05-31,25.19%,No,12,5
CUMMINSIND,Yes,2018-06-18,2018-12-17,25.81%,No,6,12
CUMMINSIND,Yes,2018-07-02,2018-12-31,30.82%,No,7,12
CUMMINSIND,Yes,2018-07-05,2019-01-01,31.28%,No,7,1
CUMMINSIND,Yes,2021-01-01,2021-06-30,56.11%,No,1,6
CUMMINSIND,Yes,2021-01-04,2021-07-05,45.83%,No,1,7
CUMMINSIND,Yes,2021-02-12,2021-08-11,26.45%,No,2,8
CUMMINSIND,Yes,2021-03-01,2021-08-30,25.93%,No,3,8
CUMMINSIND,Yes,2021-03-17,2021-09-13,25.55%,No,3,9
CUMMINSIND,Yes,2021-10-04,2022-04-04,27.35%,No,10,4
CUMMINSIND,Yes,2022-01-31,2022-08-01,30.89%,No,1,8
CUMMINSIND,Yes,2022-05-02,2022-10-31,31.87%,No,5,10
CUMMINSIND,Yes,2022-05-05,2022-11-01,33.67%,No,5,11
CUMMINSIND,Yes,2022-06-01,2022-11-28,36.66%,No,6,11
CUMMINSIND,Yes,2022-08-16,2023-02-13,26.42%,No,8,2
CUMMINSIND,Yes,2022-09-01,2023-02-28,29.40%,No,9,2
CUMMINSIND,Yes,2022-09-02,2023-03-01,34.36%,No,9,3
CUMMINSIND,Yes,2022-12-15,2023-06-13,28.30%,No,12,6
CUMMINSIND,Yes,2023-02-01,2023-07-31,39.95%,No,2,7
CUMMINSIND,Yes,2023-08-04,2024-01-31,27.71%,No,8,1
CUMMINSIND,Yes,2023-11-01,2024-04-29,98.80%,No,11,4
CUMMINSIND,Yes,2024-04-01,2024-09-30,27.40%,No,4,9
CUMMINSIND,Yes,2024-04-04,2024-10-01,28.60%,No,4,10
DABUR,Yes,2016-01-15,2016-07-13,27.13%,No,1,7
DABUR,Yes,2016-02-02,2016-08-01,25.63%,No,2,8
DABUR,Yes,2017-05-05,2017-11-01,28.66%,No,5,11
DABUR,Yes,2018-03-01,2018-08-28,51.84%,No,3,8
DABUR,Yes,2018-03-05,2018-09-03,45.86%,No,3,9
DABUR,Yes,2018-04-02,2018-10-01,32.93%,No,4,10
DIVISLAB,Yes,2016-02-15,2016-08-16,28.43%,No,2,8
DIVISLAB,Yes,2016-03-01,2016-08-29,37.53%,No,3,8
DIVISLAB,Yes,2016-03-08,2016-09-06,31.37%,No,3,9
DIVISLAB,Yes,2016-04-01,2016-09-28,30.71%,No,4,9
DIVISLAB,Yes,2016-04-04,2016-10-03,28.62%,No,4,10
DIVISLAB,Yes,2017-05-02,2017-10-30,40.89%,No,5,10
DIVISLAB,Yes,2017-05-05,2017-11-01,49.28%,No,5,11
DIVISLAB,Yes,2017-06-01,2017-11-28,73.62%,No,6,11
DIVISLAB,Yes,2017-06-05,2017-12-04,65.88%,No,6,12
DIVISLAB,Yes,2017-07-03,2018-01-01,65.87%,No,7,1
DIVISLAB,Yes,2017-08-01,2018-01-29,66.71%,No,8,1
DIVISLAB,Yes,2017-08-07,2018-02-05,53.01%,No,8,2
DIVISLAB,Yes,2017-09-01,2018-02-28,45.77%,No,9,2
DIVISLAB,Yes,2017-09-04,2018-03-05,44.39%,No,9,3
DIVISLAB,Yes,2017-10-03,2018-04-02,27.44%,No,10,4
DIVISLAB,Yes,2017-11-01,2018-04-30,29.65%,No,11,4
DIVISLAB,Yes,2018-07-02,2018-12-31,42.24%,No,7,12
DIVISLAB,Yes,2021-01-15,2021-07-14,26.84%,No,1,7
DIVISLAB,Yes,2023-12-20,2024-06-18,26.09%,No,12,6
DIVISLAB,Yes,2024-02-01,2024-07-30,34.39%,No,2,7
DIXON,Yes,2017-09-27,2018-03-26,25.20%,No,9,3
DIXON,Yes,2017-10-06,2018-04-04,25.21%,No,10,4
DIXON,Yes,2017-11-01,2018-04-30,33.63%,No,11,4
DIXON,Yes,2017-11-02,2018-05-02,29.05%,No,11,5
DIXON,Yes,2019-04-08,2019-10-07,25.23%,No,4,10
DIXON,Yes,2019-05-02,2019-10-29,27.23%,No,5,10
DIXON,Yes,2019-05-06,2019-11-04,28.83%,No,5,11
DIXON,Yes,2019-06-03,2019-12-02,33.49%,No,6,12
DIXON,Yes,2019-07-01,2019-12-30,70.84%,No,7,12
DIXON,Yes,2021-01-01,2021-06-30,62.28%,No,1,6
DIXON,Yes,2021-01-04,2021-07-05,67.34%,No,1,7
DIXON,Yes,2021-02-01,2021-08-02,43.23%,No,2,8
DIXON,Yes,2023-02-01,2023-07-31,46.87%,No,2,7
DIXON,Yes,2023-03-01,2023-08-28,68.84%,No,3,8
DIXON,Yes,2023-03-06,2023-09-04,71.45%,No,3,9
DIXON,Yes,2023-06-01,2023-11-28,35.41%,No,6,11
DIXON,Yes,2023-07-03,2024-01-01,48.35%,No,7,1
DIXON,Yes,2023-08-01,2024-01-29,42.07%,No,8,1
DIXON,Yes,2023-08-07,2024-02-05,33.54%,No,8,2
DIXON,Yes,2023-09-01,2024-02-28,29.45%,No,9,2
DIXON,Yes,2023-12-01,2024-05-29,55.23%,No,12,5
DIXON,Yes,2023-12-04,2024-06-03,64.71%,No,12,6
DIXON,Yes,2024-04-01,2024-09-30,81.87%,No,4,9
DLF,Yes,2015-12-11,2016-06-08,28.57%,No,12,6
DLF,Yes,2016-01-04,2016-07-04,36.57%,No,1,7
DLF,Yes,2016-02-01,2016-08-01,69.87%,No,2,8
DLF,Yes,2016-03-01,2016-08-29,64.21%,No,3,8
DLF,Yes,2016-03-08,2016-09-06,43.33%,No,3,9
DLF,Yes,2016-04-01,2016-09-28,29.03%,No,4,9
DLF,Yes,2016-04-04,2016-10-03,28.72%,No,4,10
DLF,Yes,2016-10-26,2017-04-24,25.19%,No,10,4
DLF,Yes,2016-11-01,2017-05-02,26.61%,No,11,5
DLF,Yes,2016-12-01,2017-05-30,60.36%,No,12,5
DLF,Yes,2017-02-01,2017-07-31,34.46%,No,2,7
DLF,Yes,2017-05-29,2017-11-27,34.15%,No,5,11
DLF,Yes,2017-06-01,2017-11-28,31.54%,No,6,11
DLF,Yes,2017-06-05,2017-12-04,30.80%,No,6,12
DLF,Yes,2017-07-03,2018-01-01,33.60%,No,7,1
DLF,Yes,2017-08-01,2018-01-29,32.63%,No,8,1
DLF,Yes,2017-08-08,2018-02-05,29.16%,No,8,2
DLF,Yes,2017-09-25,2018-03-26,25.72%,No,9,3
DLF,Yes,2021-07-01,2021-12-28,38.56%,No,7,12
DLF,Yes,2023-05-02,2023-10-30,31.72%,No,5,10
DLF,Yes,2023-09-01,2024-02-28,78.64%,No,9,2
DLF,Yes,2023-11-01,2024-04-29,54.14%,No,11,4
DMART,Yes,2017-03-21,2017-09-18,69.81%,No,3,9
DMART,Yes,2017-04-03,2017-10-03,73.58%,No,4,10
DMART,Yes,2017-05-02,2017-10-30,52.59%,No,5,10
DMART,Yes,2017-05-05,2017-11-01,42.39%,No,5,11
DMART,Yes,2017-06-01,2017-11-28,45.23%,No,6,11
DMART,Yes,2017-06-05,2017-12-04,45.70%,No,6,12
DMART,Yes,2017-07-03,2018-01-01,39.34%,No,7,1
DMART,Yes,2017-08-01,2018-01-29,29.02%,No,8,1
DMART,Yes,2017-08-09,2018-02-05,25.65%,No,8,2
DMART,Yes,2017-09-01,2018-02-28,28.59%,No,9,2
DMART,Yes,2017-09-04,2018-03-05,28.77%,No,9,3
DMART,Yes,2017-10-09,2018-04-09,28.99%,No,10,4
DMART,Yes,2017-11-01,2018-04-30,29.42%,No,11,4
DMART,Yes,2017-11-02,2018-05-02,30.14%,No,11,5
DMART,Yes,2017-12-01,2018-05-30,40.52%,No,12,5
DMART,Yes,2017-12-04,2018-06-04,29.17%,No,12,6
DMART,Yes,2018-01-01,2018-07-02,30.36%,No,1,7
DMART,Yes,2018-02-01,2018-07-31,40.93%,No,2,7
DMART,Yes,2018-02-02,2018-08-01,47.10%,No,2,8
DMART,Yes,2019-04-03,2019-09-30,25.84%,No,4,9
DMART,Yes,2019-07-01,2019-12-30,32.08%,No,7,12
DMART,Yes,2021-03-01,2021-08-30,33.69%,No,3,8
DRREDDY,Yes,2016-01-13,2016-07-11,25.44%,No,1,7
DRREDDY,Yes,2018-03-23,2018-09-19,26.90%,No,3,9
DRREDDY,Yes,2018-05-21,2018-11-19,34.73%,No,5,11
DRREDDY,Yes,2018-06-01,2018-11-28,33.65%,No,6,11
DRREDDY,Yes,2018-06-04,2018-12-03,34.82%,No,6,12
DRREDDY,Yes,2018-07-19,2019-01-15,27.87%,No,7,1
DRREDDY,Yes,2018-08-09,2019-02-05,26.09%,No,8,2
DRREDDY,Yes,2023-02-01,2023-07-31,30.63%,No,2,7
DRREDDY,Yes,2023-02-02,2023-08-01,30.69%,No,2,8
DRREDDY,Yes,2023-03-01,2023-08-28,34.00%,No,3,8
EICHERMOT,Yes,2016-01-18,2016-07-18,29.78%,No,1,7
EICHERMOT,Yes,2016-02-01,2016-08-01,31.47%,No,2,8
EICHERMOT,Yes,2016-03-17,2016-09-14,25.98%,No,3,9
EICHERMOT,Yes,2016-04-01,2016-09-28,33.93%,No,4,9
EICHERMOT,Yes,2016-04-04,2016-10-03,32.26%,No,4,10
EICHERMOT,Yes,2016-05-02,2016-11-01,27.53%,No,5,11
EICHERMOT,Yes,2016-06-10,2016-12-07,25.57%,No,6,12
EICHERMOT,Yes,2016-11-11,2017-05-10,28.52%,No,11,5
EICHERMOT,Yes,2016-12-01,2017-05-30,27.57%,No,12,5
EICHERMOT,Yes,2016-12-05,2017-06-05,28.91%,No,12,6
EICHERMOT,Yes,2017-02-01,2017-07-31,25.61%,No,2,7
EICHERMOT,Yes,2017-03-01,2017-08-28,32.41%,No,3,8
EICHERMOT,Yes,2017-05-02,2017-10-30,25.94%,No,5,10
EICHERMOT,Yes,2022-06-02,2022-11-29,26.26%,No,6,11
EICHERMOT,Yes,2023-10-20,2024-04-18,25.00%,No,10,4
EICHERMOT,Yes,2023-11-01,2024-04-29,39.29%,No,11,4
ETERNAL,Yes,2022-05-12,2022-11-09,25.70%,No,5,11
ETERNAL,Yes,2022-12-22,2023-06-20,28.67%,No,12,6
ETERNAL,Yes,2023-01-04,2023-07-07,29.99%,No,1,7
ETERNAL,Yes,2023-01-30,2023-08-03,82.59%,No,1,8
ETERNAL,Yes,2023-02-01,2023-08-03,79.75%,No,2,8
ETERNAL,Yes,2023-03-01,2023-08-28,68.06%,No,3,8
ETERNAL,Yes,2023-03-06,2023-09-04,81.74%,No,3,9
ETERNAL,Yes,2023-04-03,2023-10-03,102.69%,No,4,10
ETERNAL,Yes,2023-05-02,2023-10-30,69.74%,No,5,10
ETERNAL,Yes,2023-06-01,2023-11-28,67.48%,No,6,11
ETERNAL,Yes,2023-06-05,2023-12-04,64.77%,No,6,12
ETERNAL,Yes,2023-07-07,2024-01-03,74.13%,No,7,1
ETERNAL,Yes,2023-08-03,2024-01-30,58.52%,No,8,1
ETERNAL,Yes,2023-08-07,2024-02-05,43.70%,No,8,2
ETERNAL,Yes,2023-09-01,2024-02-28,63.94%,No,9,2
ETERNAL,Yes,2023-09-04,2024-03-04,73.18%,No,9,3
ETERNAL,Yes,2023-10-03,2024-04-01,75.21%,No,10,4
ETERNAL,Yes,2023-11-01,2024-04-29,86.69%,No,11,4
ETERNAL,Yes,2023-11-03,2024-05-02,67.77%,No,11,5
ETERNAL,Yes,2023-12-01,2024-05-29,57.65%,No,12,5
ETERNAL,Yes,2024-02-01,2024-07-30,61.60%,No,2,7
ETERNAL,Yes,2024-04-01,2024-09-30,48.13%,No,4,9
ETERNAL,Yes,2024-07-01,2024-12-30,38.30%,No,7,12
EXIDEIND,Yes,2016-01-13,2016-07-11,25.76%,No,1,7
EXIDEIND,Yes,2016-02-01,2016-08-01,44.52%,No,2,8
EXIDEIND,Yes,2016-03-01,2016-08-29,40.53%,No,3,8
EXIDEIND,Yes,2016-03-08,2016-09-06,45.96%,No,3,9
EXIDEIND,Yes,2016-04-01,2016-09-28,34.98%,No,4,9
EXIDEIND,Yes,2016-04-04,2016-10-03,33.74%,No,4,10
EXIDEIND,Yes,2016-05-02,2016-11-01,41.94%,No,5,11
EXIDEIND,Yes,2016-10-17,2017-04-17,25.51%,No,10,4
EXIDEIND,Yes,2016-11-09,2017-05-08,25.59%,No,11,5
EXIDEIND,Yes,2016-12-01,2017-05-30,26.98%,No,12,5
EXIDEIND,Yes,2016-12-05,2017-06-05,28.69%,No,12,6
EXIDEIND,Yes,2018-02-01,2018-07-31,27.68%,No,2,7
EXIDEIND,Yes,2022-06-01,2022-11-28,26.20%,No,6,11
EXIDEIND,Yes,2022-06-06,2022-12-05,30.74%,No,6,12
EXIDEIND,Yes,2022-07-01,2022-12-28,25.81%,No,7,12
EXIDEIND,Yes,2022-07-04,2023-01-02,27.03%,No,7,1
EXIDEIND,Yes,2023-05-02,2023-10-30,33.07%,No,5,10
EXIDEIND,Yes,2023-08-04,2024-01-31,30.51%,No,8,1
EXIDEIND,Yes,2023-08-07,2024-02-05,31.98%,No,8,2
EXIDEIND,Yes,2023-11-01,2024-04-29,80.45%,No,11,4
FEDERALBNK,Yes,2016-01-12,2016-07-11,27.25%,No,1,7
FEDERALBNK,Yes,2016-02-01,2016-08-01,40.11%,No,2,8
FEDERALBNK,Yes,2016-03-01,2016-08-29,42.70%,No,3,8
FEDERALBNK,Yes,2016-03-08,2016-09-06,46.49%,No,3,9
FEDERALBNK,Yes,2016-04-01,2016-09-28,63.37%,No,4,9
FEDERALBNK,Yes,2016-04-04,2016-10-03,67.47%,No,4,10
FEDERALBNK,Yes,2016-05-02,2016-11-01,78.24%,No,5,11
FEDERALBNK,Yes,2016-06-01,2016-11-28,38.79%,No,6,11
FEDERALBNK,Yes,2016-06-06,2016-12-05,28.63%,No,6,12
FEDERALBNK,Yes,2016-07-18,2017-01-16,26.39%,No,7,1
FEDERALBNK,Yes,2016-08-03,2017-01-30,25.12%,No,8,1
FEDERALBNK,Yes,2016-08-08,2017-02-06,32.18%,No,8,2
FEDERALBNK,Yes,2016-09-01,2017-02-28,25.41%,No,9,2
FEDERALBNK,Yes,2016-09-02,2017-03-01,25.61%,No,9,3
FEDERALBNK,Yes,2016-10-13,2017-04-11,30.40%,No,10,4
FEDERALBNK,Yes,2016-11-01,2017-05-02,37.36%,No,11,5
FEDERALBNK,Yes,2016-12-01,2017-05-30,59.12%,No,12,5
FEDERALBNK,Yes,2016-12-05,2017-06-05,67.38%,No,12,6
FEDERALBNK,Yes,2017-02-01,2017-07-31,46.41%,No,2,7
FEDERALBNK,Yes,2021-01-01,2021-06-30,27.99%,No,1,6
FEDERALBNK,Yes,2022-05-02,2022-10-31,41.55%,No,5,10
FEDERALBNK,Yes,2022-07-01,2022-12-28,45.25%,No,7,12
FORTIS,Yes,2016-02-16,2016-08-16,26.70%,No,2,8
FORTIS,Yes,2016-07-12,2017-01-09,27.49%,No,7,1
FORTIS,Yes,2016-11-01,2017-05-02,26.95%,No,11,5
FORTIS,Yes,2021-01-01,2021-06-30,56.03%,No,1,6
FORTIS,Yes,2021-01-04,2021-07-05,58.62%,No,1,7
FORTIS,Yes,2021-03-01,2021-08-30,67.32%,No,3,8
FORTIS,Yes,2021-03-05,2021-09-01,60.32%,No,3,9
FORTIS,Yes,2021-04-01,2021-09-28,30.16%,No,4,9
FORTIS,Yes,2021-04-05,2021-10-04,27.71%,No,4,10
FORTIS,Yes,2021-05-20,2021-11-16,28.84%,No,5,11
FORTIS,Yes,2021-06-01,2021-11-29,25.30%,No,6,11
FORTIS,Yes,2021-06-04,2021-12-01,26.28%,No,6,12
FORTIS,Yes,2023-05-02,2023-10-30,25.78%,No,5,10
FORTIS,Yes,2023-08-02,2024-01-29,26.61%,No,8,1
FORTIS,Yes,2023-08-07,2024-02-05,34.39%,No,8,2
FORTIS,Yes,2023-09-01,2024-02-28,29.93%,No,9,2
FORTIS,Yes,2023-09-13,2024-03-11,25.80%,No,9,3
FORTIS,Yes,2023-10-03,2024-04-01,26.25%,No,10,4
FORTIS,Yes,2023-11-01,2024-04-29,35.37%,No,11,4
FORTIS,Yes,2023-12-18,2024-06-18,25.78%,No,12,6
FORTIS,Yes,2024-07-01,2024-12-30,54.23%,No,7,12
FORTIS,Yes,2025-02-01,2025-07-31,36.95%,No,2,7
GAIL,Yes,2016-07-29,2017-01-25,25.61%,No,7,1
GAIL,Yes,2016-08-01,2017-01-30,28.30%,No,8,1
GAIL,Yes,2016-08-05,2017-02-01,27.72%,No,8,2
GAIL,Yes,2016-09-01,2017-02-28,35.33%,No,9,2
GAIL,Yes,2016-09-02,2017-03-01,31.22%,No,9,3
GAIL,Yes,2016-10-03,2017-04-03,35.33%,No,10,4
GAIL,Yes,2016-11-01,2017-05-02,34.82%,No,11,5
GAIL,Yes,2016-12-01,2017-05-30,25.16%,No,12,5
GAIL,Yes,2016-12-05,2017-06-05,26.36%,No,12,6
GAIL,Yes,2017-06-12,2017-12-11,27.07%,No,6,12
GAIL,Yes,2021-01-01,2021-06-30,25.61%,No,1,6
GAIL,Yes,2023-01-30,2023-07-31,30.18%,No,1,7
GAIL,Yes,2023-02-01,2023-07-31,28.69%,No,2,7
GAIL,Yes,2023-02-02,2023-08-01,33.01%,No,2,8
GAIL,Yes,2023-11-01,2024-04-29,83.75%,No,11,4
GAIL,Yes,2024-03-01,2024-08-28,27.87%,No,3,8
GAIL,Yes,2024-03-13,2024-09-09,29.08%,No,3,9
GAIL,Yes,2024-04-01,2024-09-30,31.77%,No,4,9
GAIL,Yes,2024-04-04,2024-10-01,28.56%,No,4,10
GLENMARK,Yes,2018-03-09,2018-09-05,26.37%,No,3,9
GLENMARK,Yes,2018-05-10,2018-11-06,27.92%,No,5,11
GLENMARK,Yes,2021-01-01,2021-06-30,29.83%,No,1,6
GLENMARK,Yes,2021-01-04,2021-07-05,28.66%,No,1,7
GLENMARK,Yes,2021-02-01,2021-08-02,26.27%,No,2,8
GLENMARK,Yes,2022-10-11,2023-04-10,27.03%,No,10,4
GLENMARK,Yes,2022-10-31,2023-05-02,34.45%,No,10,5
GLENMARK,Yes,2022-11-01,2023-05-02,31.57%,No,11,5
GLENMARK,Yes,2022-12-01,2023-05-30,38.25%,No,12,5
GLENMARK,Yes,2022-12-05,2023-06-05,41.82%,No,12,6
GLENMARK,Yes,2023-02-01,2023-07-31,105.87%,No,2,7
GLENMARK,Yes,2023-03-01,2023-08-28,78.78%,No,3,8
GLENMARK,Yes,2023-04-03,2023-10-03,76.24%,No,4,10
GLENMARK,Yes,2023-05-02,2023-10-30,38.32%,No,5,10
GLENMARK,Yes,2023-06-01,2023-11-28,26.85%,No,6,11
GLENMARK,Yes,2023-06-05,2023-12-04,25.88%,No,6,12
GLENMARK,Yes,2023-07-03,2024-01-01,30.13%,No,7,1
GLENMARK,Yes,2023-09-26,2024-03-26,25.58%,No,9,3
GLENMARK,Yes,2023-11-01,2024-04-29,43.56%,No,11,4
GLENMARK,Yes,2024-04-01,2024-09-30,70.58%,No,4,9
GLENMARK,Yes,2024-07-01,2024-12-30,25.61%,No,7,12
GMRAIRPORT,Yes,2016-02-11,2016-08-09,33.33%,No,2,8
GMRAIRPORT,Yes,2016-03-17,2016-09-14,25.97%,No,3,9
GMRAIRPORT,Yes,2016-09-29,2017-03-28,33.60%,No,9,3
GMRAIRPORT,Yes,2016-10-06,2017-04-05,28.79%,No,10,4
GMRAIRPORT,Yes,2016-11-02,2017-05-02,29.43%,No,11,5
GMRAIRPORT,Yes,2016-12-01,2017-05-30,27.66%,No,12,5
GMRAIRPORT,Yes,2016-12-05,2017-06-05,40.34%,No,12,6
GMRAIRPORT,Yes,2017-01-02,2017-07-03,62.66%,No,1,7
GMRAIRPORT,Yes,2017-02-01,2017-07-31,43.51%,No,2,7
GMRAIRPORT,Yes,2017-05-29,2017-11-27,27.70%,No,5,11
GMRAIRPORT,Yes,2017-07-20,2018-01-16,26.40%,No,7,1
GMRAIRPORT,Yes,2019-05-03,2019-10-30,25.15%,No,5,10
GMRAIRPORT,Yes,2019-06-03,2019-12-02,42.21%,No,6,12
GMRAIRPORT,Yes,2019-07-01,2019-12-30,38.08%,No,7,12
GMRAIRPORT,Yes,2021-04-01,2021-09-28,43.40%,No,4,9
GMRAIRPORT,Yes,2021-04-05,2021-10-04,69.44%,No,4,10
GMRAIRPORT,Yes,2021-06-01,2021-11-29,45.72%,No,6,11
GMRAIRPORT,Yes,2021-08-02,2022-01-31,61.14%,No,8,1
GMRAIRPORT,Yes,2021-08-05,2022-02-01,63.41%,No,8,2
GMRAIRPORT,Yes,2021-09-01,2022-02-28,38.84%,No,9,2
GMRAIRPORT,Yes,2023-03-01,2023-08-28,58.62%,No,3,8
GMRAIRPORT,Yes,2023-11-01,2024-04-29,61.11%,No,11,4
GODFRYPHLP,Yes,2016-02-11,2016-08-09,30.85%,No,2,8
GODFRYPHLP,Yes,2016-04-20,2016-10-17,27.76%,No,4,10
GODFRYPHLP,Yes,2016-05-02,2016-11-01,58.88%,No,5,11
GODFRYPHLP,Yes,2016-11-16,2017-05-15,33.00%,No,11,5
GODFRYPHLP,Yes,2016-12-01,2017-05-30,31.30%,No,12,5
GODFRYPHLP,Yes,2016-12-05,2017-06-05,36.85%,No,12,6
GODFRYPHLP,Yes,2017-01-02,2017-07-03,26.35%,No,1,7
GODFRYPHLP,Yes,2018-06-01,2018-11-28,26.80%,No,6,11
GODFRYPHLP,Yes,2018-06-04,2018-12-03,28.49%,No,6,12
GODFRYPHLP,Yes,2018-07-04,2018-12-31,25.55%,No,7,12
GODFRYPHLP,Yes,2018-07-13,2019-01-09,25.26%,No,7,1
GODFRYPHLP,Yes,2018-09-19,2019-03-18,25.46%,No,9,3
GODFRYPHLP,Yes,2018-10-01,2019-04-01,52.80%,No,10,4
GODFRYPHLP,Yes,2018-11-01,2019-04-30,43.09%,No,11,4
GODFRYPHLP,Yes,2022-05-02,2022-10-31,25.24%,No,5,10
GODFRYPHLP,Yes,2022-08-01,2023-01-30,58.46%,No,8,1
GODFRYPHLP,Yes,2022-08-05,2023-02-01,57.29%,No,8,2
GODFRYPHLP,Yes,2022-09-01,2023-02-28,60.76%,No,9,2
GODFRYPHLP,Yes,2024-02-01,2024-07-30,73.55%,No,2,7
GODFRYPHLP,Yes,2024-03-01,2024-08-28,97.70%,No,3,8
GODFRYPHLP,Yes,2024-03-04,2024-09-02,123.30%,No,3,9
GODFRYPHLP,Yes,2024-04-01,2024-09-30,127.43%,No,4,9
GODFRYPHLP,Yes,2025-01-01,2025-06-30,78.27%,No,1,6
GODREJCP,Yes,2016-01-06,2016-07-04,25.76%,No,1,7
GODREJCP,Yes,2016-02-01,2016-08-01,26.28%,No,2,8
GODREJCP,Yes,2016-03-03,2016-08-30,26.00%,No,3,8
GODREJCP,Yes,2016-03-08,2016-09-06,29.81%,No,3,9
GODREJCP,Yes,2016-11-10,2017-05-09,28.22%,No,11,5
GODREJCP,Yes,2016-12-01,2017-05-30,25.21%,No,12,5
GODREJCP,Yes,2016-12-07,2017-06-05,26.22%,No,12,6
GODREJCP,Yes,2017-02-01,2017-07-31,29.02%,No,2,7
GODREJCP,Yes,2021-04-01,2021-09-28,45.03%,No,4,9
GODREJCP,Yes,2021-04-05,2021-10-04,42.54%,No,4,10
GODREJCP,Yes,2021-05-03,2021-11-01,37.40%,No,5,11
GODREJCP,Yes,2023-08-31,2024-02-27,26.58%,No,8,2
GODREJCP,Yes,2023-09-04,2024-03-04,25.81%,No,9,3
GODREJCP,Yes,2023-10-09,2024-04-08,29.58%,No,10,4
GODREJCP,Yes,2023-11-01,2024-04-29,25.59%,No,11,4
GODREJPROP,Yes,2016-02-09,2016-08-08,27.92%,No,2,8
GODREJPROP,Yes,2016-03-01,2016-08-29,34.18%,No,3,8
GODREJPROP,Yes,2016-03-08,2016-09-06,27.56%,No,3,9
GODREJPROP,Yes,2016-10-17,2017-04-17,30.33%,No,10,4
GODREJPROP,Yes,2016-11-01,2017-05-02,38.69%,No,11,5
GODREJPROP,Yes,2016-12-01,2017-05-30,63.25%,No,12,5
GODREJPROP,Yes,2016-12-05,2017-06-05,78.87%,No,12,6
GODREJPROP,Yes,2017-01-02,2017-07-03,67.09%,No,1,7
GODREJPROP,Yes,2017-02-01,2017-07-31,49.72%,No,2,7
GODREJPROP,Yes,2017-04-03,2017-10-03,52.47%,No,4,10
GODREJPROP,Yes,2017-05-02,2017-10-30,32.94%,No,5,10
GODREJPROP,Yes,2017-05-05,2017-11-01,33.66%,No,5,11
GODREJPROP,Yes,2017-06-01,2017-11-28,46.29%,No,6,11
GODREJPROP,Yes,2017-06-05,2017-12-04,35.91%,No,6,12
GODREJPROP,Yes,2017-07-03,2018-01-01,34.28%,No,7,1
GODREJPROP,Yes,2017-08-01,2018-01-29,58.13%,No,8,1
GODREJPROP,Yes,2017-08-07,2018-02-05,54.80%,No,8,2
GODREJPROP,Yes,2017-09-01,2018-02-28,30.62%,No,9,2
GODREJPROP,Yes,2017-09-04,2018-03-05,27.89%,No,9,3
GODREJPROP,Yes,2018-11-01,2019-04-30,38.35%,No,11,4
GODREJPROP,Yes,2018-12-31,2019-07-01,67.96%,No,12,7
GODREJPROP,Yes,2019-04-01,2019-09-30,27.49%,No,4,9
GODREJPROP,Yes,2021-07-01,2021-12-28,33.91%,No,7,12
GRASIM,Yes,2016-01-04,2016-07-04,25.23%,No,1,7
GRASIM,Yes,2016-02-01,2016-08-01,45.07%,No,2,8
GRASIM,Yes,2016-03-01,2016-08-29,32.09%,No,3,8
GRASIM,Yes,2016-03-08,2016-09-06,33.22%,No,3,9
GRASIM,Yes,2016-04-01,2016-09-28,27.48%,No,4,9
GRASIM,Yes,2016-04-04,2016-10-03,27.14%,No,4,10
GRASIM,Yes,2016-11-03,2017-05-02,26.76%,No,11,5
GRASIM,Yes,2016-12-01,2017-05-30,29.73%,No,12,5
GRASIM,Yes,2016-12-05,2017-06-05,32.51%,No,12,6
GRASIM,Yes,2017-02-01,2017-07-31,47.04%,No,2,7
GRASIM,Yes,2017-05-02,2017-10-30,34.78%,No,5,10
GRASIM,Yes,2017-05-05,2017-11-01,35.70%,No,5,11
GRASIM,Yes,2017-06-01,2017-11-28,33.41%,No,6,11
GRASIM,Yes,2017-06-05,2017-12-04,27.51%,No,6,12
GRASIM,Yes,2017-07-14,2018-01-10,26.03%,No,7,1
GRASIM,Yes,2021-01-01,2021-06-30,60.57%,No,1,6
GRASIM,Yes,2022-07-01,2022-12-28,30.90%,No,7,12
GRASIM,Yes,2023-10-26,2024-04-23,28.66%,No,10,4
GRASIM,Yes,2023-11-01,2024-04-29,28.23%,No,11,4
HAL,Yes,2019-05-16,2019-11-13,26.17%,No,5,11
HAL,Yes,2021-03-01,2021-08-30,30.79%,No,3,8
HAL,Yes,2021-03-05,2021-09-01,28.07%,No,3,9
HAL,Yes,2021-04-01,2021-09-28,30.02%,No,4,9
HAL,Yes,2021-04-05,2021-10-04,34.57%,No,4,10
HAL,Yes,2021-06-01,2021-11-29,27.17%,No,6,11
HAL,Yes,2021-06-14,2021-12-13,25.97%,No,6,12
HAL,Yes,2021-07-19,2022-01-17,30.43%,No,7,1
HAL,Yes,2021-08-02,2022-01-31,32.85%,No,8,1
HAL,Yes,2021-08-05,2022-02-01,35.00%,No,8,2
HAL,Yes,2021-10-11,2022-04-11,26.75%,No,10,4
HAL,Yes,2021-11-22,2022-05-23,37.29%,No,11,5
HAL,Yes,2021-12-01,2022-05-30,41.89%,No,12,5
HAL,Yes,2021-12-03,2022-06-01,48.88%,No,12,6
HAL,Yes,2022-01-03,2022-07-04,46.79%,No,1,7
HAL,Yes,2022-01-31,2022-08-01,43.29%,No,1,8
HAL,Yes,2022-02-01,2022-08-01,43.48%,No,2,8
HAL,Yes,2022-05-02,2022-10-31,61.31%,No,5,10
HAL,Yes,2022-07-01,2022-12-28,47.16%,No,7,12
HAL,Yes,2023-02-01,2023-07-31,68.76%,No,2,7
HAL,Yes,2023-09-01,2024-02-28,57.69%,No,9,2
HAL,Yes,2023-09-04,2024-03-04,63.30%,No,9,3
HAL,Yes,2023-11-01,2024-04-29,122.04%,No,11,4
HAVELLS,Yes,2015-11-30,2016-05-30,31.69%,No,11,5
HAVELLS,Yes,2015-12-01,2016-05-30,27.67%,No,12,5
HAVELLS,Yes,2015-12-09,2016-06-06,28.50%,No,12,6
HAVELLS,Yes,2016-01-07,2016-07-05,27.09%,No,1,7
HAVELLS,Yes,2016-02-01,2016-08-01,35.41%,No,2,8
HAVELLS,Yes,2016-03-01,2016-08-29,47.06%,No,3,8
HAVELLS,Yes,2016-03-08,2016-09-06,52.69%,No,3,9
HAVELLS,Yes,2016-04-01,2016-09-28,34.97%,No,4,9
HAVELLS,Yes,2016-04-04,2016-10-03,36.68%,No,4,10
HAVELLS,Yes,2017-07-27,2018-01-23,26.56%,No,7,1
HAVELLS,Yes,2018-05-18,2018-11-14,29.50%,No,5,11
HAVELLS,Yes,2018-06-04,2018-12-03,29.94%,No,6,12
HAVELLS,Yes,2018-07-02,2018-12-31,30.76%,No,7,12
HAVELLS,Yes,2018-09-28,2019-03-27,26.04%,No,9,3
HAVELLS,Yes,2018-10-01,2019-04-01,30.33%,No,10,4
HAVELLS,Yes,2021-06-01,2021-11-29,29.96%,No,6,11
HAVELLS,Yes,2023-11-01,2024-04-29,32.84%,No,11,4
HAVELLS,Yes,2024-02-01,2024-07-30,38.57%,No,2,7
HCLTECH,Yes,2017-10-27,2018-04-25,25.55%,No,10,4
HCLTECH,Yes,2017-11-01,2018-04-30,25.48%,No,11,4
HCLTECH,Yes,2021-02-22,2021-08-23,29.41%,No,2,8
HCLTECH,Yes,2021-03-01,2021-08-30,28.02%,No,3,8
HCLTECH,Yes,2021-03-05,2021-09-01,26.64%,No,3,9
HCLTECH,Yes,2021-04-01,2021-09-28,29.58%,No,4,9
HCLTECH,Yes,2021-04-05,2021-10-04,26.66%,No,4,10
HCLTECH,Yes,2021-05-03,2021-11-01,32.88%,No,5,11
HCLTECH,Yes,2021-06-04,2021-12-01,25.27%,No,6,12
HCLTECH,Yes,2021-07-01,2021-12-28,32.14%,No,7,12
HCLTECH,Yes,2021-07-05,2022-01-03,37.29%,No,7,1
HCLTECH,Yes,2023-08-01,2024-01-29,40.70%,No,8,1
HCLTECH,Yes,2023-08-07,2024-02-05,37.50%,No,8,2
HCLTECH,Yes,2023-09-01,2024-02-28,41.72%,No,9,2
HCLTECH,Yes,2023-09-04,2024-03-04,35.20%,No,9,3
HCLTECH,Yes,2024-05-02,2024-10-29,41.39%,No,5,10
HDFCAMC,Yes,2018-12-24,2019-06-24,30.54%,No,12,6
HDFCAMC,Yes,2018-12-31,2019-07-01,39.41%,No,12,7
HDFCAMC,Yes,2019-01-01,2019-07-01,38.54%,No,1,7
HDFCAMC,Yes,2019-02-01,2019-07-31,60.10%,No,2,7
HDFCAMC,Yes,2019-02-04,2019-08-05,54.18%,No,2,8
HDFCAMC,Yes,2019-03-01,2019-08-28,72.56%,No,3,8
HDFCAMC,Yes,2019-03-05,2019-09-03,82.59%,No,3,9
HDFCAMC,Yes,2019-04-01,2019-09-30,81.13%,No,4,9
HDFCAMC,Yes,2019-04-04,2019-10-01,77.20%,No,4,10
HDFCAMC,Yes,2019-05-02,2019-10-29,78.51%,No,5,10
HDFCAMC,Yes,2019-05-06,2019-11-04,80.92%,No,5,11
HDFCAMC,Yes,2019-06-03,2019-12-02,91.84%,No,6,12
HDFCAMC,Yes,2019-07-01,2019-12-30,56.31%,No,7,12
HDFCAMC,Yes,2023-06-01,2023-11-28,52.30%,No,6,11
HDFCAMC,Yes,2023-07-03,2024-01-01,40.94%,No,7,1
HDFCAMC,Yes,2023-08-01,2024-01-29,37.31%,No,8,1
HDFCAMC,Yes,2023-08-07,2024-02-05,45.18%,No,8,2
HDFCAMC,Yes,2023-09-01,2024-02-28,57.81%,No,9,2
HDFCAMC,Yes,2023-09-04,2024-03-04,57.23%,No,9,3
HDFCAMC,Yes,2023-10-03,2024-04-01,42.24%,No,10,4
HDFCAMC,Yes,2023-11-01,2024-04-29,38.48%,No,11,4
HDFCAMC,Yes,2023-11-03,2024-05-02,42.94%,No,11,5
HDFCAMC,Yes,2023-12-01,2024-05-29,32.97%,No,12,5
HDFCAMC,Yes,2025-01-01,2025-06-30,27.07%,No,1,6
HDFCBANK,Yes,2016-02-11,2016-08-09,28.93%,No,2,8
HDFCBANK,Yes,2016-03-01,2016-08-29,26.84%,No,3,8
HDFCBANK,Yes,2016-03-08,2016-09-06,29.28%,No,3,9
HDFCBANK,Yes,2016-11-17,2017-05-16,26.78%,No,11,5
HDFCBANK,Yes,2016-12-01,2017-05-30,36.07%,No,12,5
HDFCBANK,Yes,2016-12-05,2017-06-05,36.71%,No,12,6
HDFCBANK,Yes,2017-01-02,2017-07-03,39.47%,No,1,7
HDFCBANK,Yes,2017-02-01,2017-07-31,37.57%,No,2,7
HDFCBANK,Yes,2017-04-03,2017-10-03,27.05%,No,4,10
HDFCBANK,Yes,2022-05-19,2022-11-15,25.79%,No,5,11
HDFCBANK,Yes,2022-06-14,2022-12-12,25.29%,No,6,12
HDFCLIFE,Yes,2017-11-17,2018-05-16,44.90%,No,11,5
HDFCLIFE,Yes,2017-12-01,2018-05-30,34.94%,No,12,5
HDFCLIFE,Yes,2017-12-04,2018-06-04,31.07%,No,12,6
HDFCLIFE,Yes,2019-01-14,2019-07-15,25.82%,No,1,7
HDFCLIFE,Yes,2019-02-01,2019-07-31,32.03%,No,2,7
HDFCLIFE,Yes,2019-02-04,2019-08-05,30.07%,No,2,8
HDFCLIFE,Yes,2019-03-01,2019-08-28,51.58%,No,3,8
HDFCLIFE,Yes,2019-03-05,2019-09-03,43.28%,No,3,9
HDFCLIFE,Yes,2019-04-01,2019-09-30,56.61%,No,4,9
HDFCLIFE,Yes,2019-04-04,2019-10-01,58.13%,No,4,10
HDFCLIFE,Yes,2019-05-02,2019-10-29,46.39%,No,5,10
HDFCLIFE,Yes,2019-05-06,2019-11-04,44.32%,No,5,11
HDFCLIFE,Yes,2019-06-03,2019-12-02,28.24%,No,6,12
HDFCLIFE,Yes,2019-07-01,2019-12-30,35.50%,No,7,12
HDFCLIFE,Yes,2025-01-01,2025-06-30,32.30%,No,1,6
HEROMOTOCO,Yes,2015-12-11,2016-06-08,27.34%,No,12,6
HEROMOTOCO,Yes,2016-01-07,2016-07-05,25.22%,No,1,7
HEROMOTOCO,Yes,2016-02-01,2016-08-01,28.61%,No,2,8
HEROMOTOCO,Yes,2016-03-01,2016-08-29,29.76%,No,3,8
HEROMOTOCO,Yes,2016-03-08,2016-09-06,30.50%,No,3,9
HEROMOTOCO,Yes,2016-11-17,2017-05-16,27.94%,No,11,5
HEROMOTOCO,Yes,2023-04-03,2023-10-03,25.44%,No,4,10
HEROMOTOCO,Yes,2023-05-02,2023-10-30,26.02%,No,5,10
HEROMOTOCO,Yes,2023-05-22,2023-11-20,25.70%,No,5,11
HEROMOTOCO,Yes,2023-06-01,2023-11-28,30.79%,No,6,11
HEROMOTOCO,Yes,2023-06-05,2023-12-04,33.76%,No,6,12
HEROMOTOCO,Yes,2023-07-03,2024-01-01,43.68%,No,7,1
HEROMOTOCO,Yes,2023-08-01,2024-01-29,48.08%,No,8,1
HEROMOTOCO,Yes,2023-08-07,2024-02-05,60.68%,No,8,2
HEROMOTOCO,Yes,2023-09-01,2024-02-28,52.73%,No,9,2
HEROMOTOCO,Yes,2023-09-04,2024-03-04,60.14%,No,9,3
HEROMOTOCO,Yes,2023-10-03,2024-04-01,58.62%,No,10,4
HEROMOTOCO,Yes,2023-11-01,2024-04-29,47.31%,No,11,4
HEROMOTOCO,Yes,2023-12-01,2024-05-29,39.80%,No,12,5
HEROMOTOCO,Yes,2024-04-02,2024-09-30,26.17%,No,4,9
HINDALCO,Yes,2015-11-30,2016-05-30,33.61%,No,11,5
HINDALCO,Yes,2015-12-01,2016-05-30,29.42%,No,12,5
HINDALCO,Yes,2015-12-04,2016-06-01,30.42%,No,12,6
HINDALCO,Yes,2016-01-01,2016-06-29,41.28%,No,1,6
HINDALCO,Yes,2016-01-04,2016-07-04,55.98%,No,1,7
HINDALCO,Yes,2016-02-01,2016-08-01,92.12%,No,2,8
HINDALCO,Yes,2016-03-01,2016-08-29,125.34%,No,3,8
HINDALCO,Yes,2016-03-08,2016-09-06,91.84%,No,3,9
HINDALCO,Yes,2016-04-01,2016-09-28,82.23%,No,4,9
HINDALCO,Yes,2016-04-04,2016-10-03,74.06%,No,4,10
HINDALCO,Yes,2016-05-02,2016-11-01,60.12%,No,5,11
HINDALCO,Yes,2016-06-01,2016-11-28,74.39%,No,6,11
HINDALCO,Yes,2016-06-06,2016-12-05,64.36%,No,6,12
HINDALCO,Yes,2016-07-04,2017-01-02,26.93%,No,7,1
HINDALCO,Yes,2016-08-01,2017-01-30,41.09%,No,8,1
HINDALCO,Yes,2016-08-05,2017-02-01,39.26%,No,8,2
HINDALCO,Yes,2016-09-06,2017-03-06,25.90%,No,9,3
HINDALCO,Yes,2016-10-03,2017-04-03,25.63%,No,10,4
HINDALCO,Yes,2017-05-02,2017-10-30,37.05%,No,5,10
HINDALCO,Yes,2021-09-01,2022-02-28,25.25%,No,9,2
HINDALCO,Yes,2022-07-01,2022-12-28,37.83%,No,7,12
HINDALCO,Yes,2023-11-01,2024-04-29,40.49%,No,11,4
HINDPETRO,Yes,2016-01-18,2016-07-18,32.28%,No,1,7
HINDPETRO,Yes,2016-02-01,2016-08-01,63.39%,No,2,8
HINDPETRO,Yes,2016-03-01,2016-08-29,67.78%,No,3,8
HINDPETRO,Yes,2016-03-08,2016-09-06,70.59%,No,3,9
HINDPETRO,Yes,2016-04-01,2016-09-28,63.62%,No,4,9
HINDPETRO,Yes,2016-04-04,2016-10-03,66.21%,No,4,10
HINDPETRO,Yes,2016-05-02,2016-11-01,67.94%,No,5,11
HINDPETRO,Yes,2016-06-01,2016-11-28,61.32%,No,6,11
HINDPETRO,Yes,2016-06-06,2016-12-05,42.37%,No,6,12
HINDPETRO,Yes,2016-07-04,2017-01-02,32.06%,No,7,1
HINDPETRO,Yes,2016-08-02,2017-01-30,27.53%,No,8,1
HINDPETRO,Yes,2016-08-05,2017-02-01,28.53%,No,8,2
HINDPETRO,Yes,2016-09-01,2017-02-28,33.28%,No,9,2
HINDPETRO,Yes,2016-09-02,2017-03-01,31.82%,No,9,3
HINDPETRO,Yes,2016-10-03,2017-04-03,26.70%,No,10,4
HINDPETRO,Yes,2016-11-01,2017-05-02,25.61%,No,11,5
HINDPETRO,Yes,2016-12-01,2017-05-30,30.97%,No,12,5
HINDPETRO,Yes,2016-12-05,2017-06-05,32.60%,No,12,6
HINDPETRO,Yes,2017-05-03,2017-10-30,28.95%,No,5,10
HINDPETRO,Yes,2018-11-01,2019-04-30,30.53%,No,11,4
HINDPETRO,Yes,2021-01-01,2021-06-30,32.52%,No,1,6
HINDPETRO,Yes,2024-02-01,2024-07-30,31.11%,No,2,7
HINDPETRO,Yes,2024-07-01,2024-12-30,26.05%,No,7,12
HINDUNILVR,Yes,2016-11-18,2017-05-17,25.73%,No,11,5
HINDUNILVR,Yes,2016-12-01,2017-05-30,26.47%,No,12,5
HINDUNILVR,Yes,2016-12-05,2017-06-05,29.93%,No,12,6
HINDUNILVR,Yes,2017-01-02,2017-07-03,34.20%,No,1,7
HINDUNILVR,Yes,2017-02-01,2017-07-31,36.54%,No,2,7
HINDUNILVR,Yes,2017-02-02,2017-08-01,40.13%,No,2,8
HINDUNILVR,Yes,2017-03-01,2017-08-28,38.26%,No,3,8
HINDUNILVR,Yes,2017-03-06,2017-09-04,38.35%,No,3,9
HINDUNILVR,Yes,2017-04-03,2017-10-03,30.02%,No,4,10
HINDUNILVR,Yes,2017-05-02,2017-10-30,34.18%,No,5,10
HINDUNILVR,Yes,2017-05-05,2017-11-01,33.93%,No,5,11
HINDUNILVR,Yes,2017-06-30,2017-12-27,26.09%,No,6,12
HINDUNILVR,Yes,2017-07-10,2018-01-08,25.64%,No,7,1
HINDUNILVR,Yes,2022-04-01,2022-09-28,31.17%,No,4,9
HINDZINC,Yes,2015-11-30,2016-05-30,37.64%,No,11,5
HINDZINC,Yes,2015-12-01,2016-05-30,34.55%,No,12,5
HINDZINC,Yes,2015-12-04,2016-06-01,31.53%,No,12,6
HINDZINC,Yes,2016-01-01,2016-06-29,36.21%,No,1,6
HINDZINC,Yes,2016-01-04,2016-07-04,46.31%,No,1,7
HINDZINC,Yes,2016-02-01,2016-08-01,51.78%,No,2,8
HINDZINC,Yes,2016-03-01,2016-08-29,59.87%,No,3,8
HINDZINC,Yes,2016-03-08,2016-09-06,51.50%,No,3,9
HINDZINC,Yes,2016-04-01,2016-09-28,43.15%,No,4,9
HINDZINC,Yes,2016-04-04,2016-10-03,55.14%,No,4,10
HINDZINC,Yes,2016-05-02,2016-11-01,56.23%,No,5,11
HINDZINC,Yes,2016-06-01,2016-11-28,69.70%,No,6,11
HINDZINC,Yes,2016-06-06,2016-12-05,63.11%,No,6,12
HINDZINC,Yes,2016-07-01,2016-12-28,41.83%,No,7,12
HINDZINC,Yes,2016-07-04,2017-01-02,41.34%,No,7,1
HINDZINC,Yes,2016-08-01,2017-01-30,42.89%,No,8,1
HINDZINC,Yes,2016-08-05,2017-02-01,41.31%,No,8,2
HINDZINC,Yes,2016-09-01,2017-02-28,37.54%,No,9,2
HINDZINC,Yes,2016-09-02,2017-03-01,40.87%,No,9,3
HINDZINC,Yes,2016-10-03,2017-04-03,26.05%,No,10,4
HINDZINC,Yes,2022-10-31,2023-05-02,31.74%,No,10,5
HINDZINC,Yes,2023-11-01,2024-04-29,47.77%,No,11,4
HINDZINC,Yes,2024-02-01,2024-07-30,105.88%,No,2,7
HINDZINC,Yes,2024-05-02,2024-10-29,34.43%,No,5,10
HUDCO,Yes,2021-01-01,2021-06-30,31.18%,No,1,6
HUDCO,Yes,2021-01-04,2021-07-05,31.34%,No,1,7
HUDCO,Yes,2022-02-24,2022-08-23,26.11%,No,2,8
HUDCO,Yes,2022-03-04,2022-09-01,25.28%,No,3,9
HUDCO,Yes,2022-05-09,2022-11-07,34.66%,No,5,11
HUDCO,Yes,2022-06-01,2022-11-28,47.71%,No,6,11
HUDCO,Yes,2022-06-06,2022-12-05,58.44%,No,6,12
HUDCO,Yes,2022-07-01,2022-12-28,58.63%,No,7,12
HUDCO,Yes,2022-07-04,2023-01-02,63.68%,No,7,1
HUDCO,Yes,2022-08-01,2023-01-30,34.09%,No,8,1
HUDCO,Yes,2022-08-05,2023-02-01,34.45%,No,8,2
HUDCO,Yes,2022-09-23,2023-03-22,25.33%,No,9,3
HUDCO,Yes,2022-10-03,2023-04-03,28.33%,No,10,4
HUDCO,Yes,2022-10-31,2023-05-02,45.15%,No,10,5
HUDCO,Yes,2022-11-01,2023-05-02,44.16%,No,11,5
HUDCO,Yes,2022-12-09,2023-06-07,26.45%,No,12,6
HUDCO,Yes,2023-02-01,2023-07-31,39.24%,No,2,7
HUDCO,Yes,2023-03-01,2023-08-28,62.84%,No,3,8
HUDCO,Yes,2023-04-03,2023-10-03,109.76%,No,4,10
HUDCO,Yes,2023-05-02,2023-10-30,50.66%,No,5,10
HUDCO,Yes,2023-09-01,2024-02-28,160.86%,No,9,2
HUDCO,Yes,2023-11-01,2024-04-29,210.71%,No,11,4
HUDCO,Yes,2023-12-01,2024-05-29,208.96%,No,12,5
HYUNDAI,Yes,2025-01-22,2025-07-21,25.30%,No,1,7
HYUNDAI,Yes,2025-02-14,2025-08-13,25.59%,No,2,8
HYUNDAI,Yes,2025-03-03,2025-09-01,46.25%,No,3,9
HYUNDAI,Yes,2025-04-01,2025-09-29,56.62%,No,4,9
HYUNDAI,Yes,2025-04-04,2025-10-01,56.30%,No,4,10
HYUNDAI,Yes,2025-05-02,2025-10-29,39.16%,No,5,10
HYUNDAI,Yes,2025-05-05,2025-11-03,41.82%,No,5,11
ICICIBANK,Yes,2016-02-11,2016-08-09,25.67%,No,2,8
ICICIBANK,Yes,2016-03-08,2016-09-06,28.34%,No,3,9
ICICIBANK,Yes,2016-05-03,2016-11-01,27.10%,No,5,11
ICICIBANK,Yes,2016-12-02,2017-05-31,25.80%,No,12,5
ICICIBANK,Yes,2016-12-20,2017-06-19,27.42%,No,12,6
ICICIBANK,Yes,2017-01-02,2017-07-03,27.63%,No,1,7
ICICIBANK,Yes,2018-05-02,2018-10-29,26.75%,No,5,10
ICICIBANK,Yes,2018-06-05,2018-12-03,25.69%,No,6,12
ICICIBANK,Yes,2018-07-02,2018-12-31,30.41%,No,7,12
ICICIBANK,Yes,2018-07-05,2019-01-01,34.55%,No,7,1
ICICIBANK,Yes,2018-09-27,2019-03-26,28.52%,No,9,3
ICICIBANK,Yes,2018-10-01,2019-04-01,26.83%,No,10,4
ICICIBANK,Yes,2021-04-12,2021-10-11,32.84%,No,4,10
ICICIBANK,Yes,2022-03-03,2022-08-30,27.83%,No,3,8
ICICIBANK,Yes,2022-06-01,2022-11-28,25.29%,No,6,11
ICICIBANK,Yes,2023-11-01,2024-04-29,26.92%,No,11,4
ICICIGI,Yes,2018-06-15,2018-12-12,28.19%,No,6,12
ICICIGI,Yes,2018-10-01,2019-04-01,29.13%,No,10,4
ICICIGI,Yes,2018-11-01,2019-04-30,28.52%,No,11,4
ICICIGI,Yes,2018-11-02,2019-05-02,31.53%,No,11,5
ICICIGI,Yes,2018-12-03,2019-06-03,42.20%,No,12,6
ICICIGI,Yes,2018-12-31,2019-07-01,28.05%,No,12,7
ICICIGI,Yes,2019-01-01,2019-07-01,26.76%,No,1,7
ICICIGI,Yes,2019-02-01,2019-07-31,37.61%,No,2,7
ICICIGI,Yes,2019-02-04,2019-08-05,30.74%,No,2,8
ICICIGI,Yes,2019-03-01,2019-08-28,31.94%,No,3,8
ICICIGI,Yes,2019-03-07,2019-09-03,25.43%,No,3,9
ICICIGI,Yes,2019-05-03,2019-10-30,26.00%,No,5,10
ICICIGI,Yes,2019-05-06,2019-11-04,25.63%,No,5,11
ICICIGI,Yes,2019-07-01,2019-12-30,25.99%,No,7,12
ICICIGI,Yes,2023-04-20,2023-10-17,26.97%,No,4,10
ICICIGI,Yes,2023-08-29,2024-02-26,25.39%,No,8,2
ICICIGI,Yes,2023-09-01,2024-02-28,29.04%,No,9,2
ICICIGI,Yes,2023-09-25,2024-03-26,25.72%,No,9,3
ICICIGI,Yes,2024-04-01,2024-09-30,28.54%,No,4,9
IDEA,Yes,2016-09-01,2017-02-28,39.48%,No,9,2
IDEA,Yes,2016-09-02,2017-03-01,35.06%,No,9,3
IDEA,Yes,2016-11-11,2017-05-10,29.66%,No,11,5
IDEA,Yes,2017-01-16,2017-07-17,27.18%,No,1,7
IDEA,Yes,2017-05-24,2017-11-20,28.30%,No,5,11
IDEA,Yes,2017-06-27,2017-12-26,25.57%,No,6,12
IDEA,Yes,2017-07-05,2018-01-01,25.19%,No,7,1
IDEA,Yes,2021-04-19,2021-10-18,25.44%,No,4,10
IDEA,Yes,2021-06-01,2021-11-29,31.76%,No,6,11
IDEA,Yes,2021-07-01,2021-12-28,51.93%,No,7,12
IDEA,Yes,2021-08-02,2022-01-31,29.09%,No,8,1
IDEA,Yes,2021-08-05,2022-02-01,79.83%,No,8,2
IDEA,Yes,2023-02-27,2023-08-28,34.33%,No,2,8
IDEA,Yes,2023-03-01,2023-08-28,30.43%,No,3,8
IDEA,Yes,2023-03-06,2023-09-04,43.88%,No,3,9
IDEA,Yes,2023-05-02,2023-10-30,68.84%,No,5,10
IDEA,Yes,2023-10-26,2024-04-23,33.95%,No,10,4
IDEA,Yes,2023-12-20,2024-06-18,28.63%,No,12,6
IDFCFIRSTB,Yes,2016-03-09,2016-09-06,26.76%,No,3,9
IDFCFIRSTB,Yes,2016-04-01,2016-09-28,66.82%,No,4,9
IDFCFIRSTB,Yes,2016-04-04,2016-10-03,57.05%,No,4,10
IDFCFIRSTB,Yes,2016-05-02,2016-11-01,65.12%,No,5,11
IDFCFIRSTB,Yes,2016-06-01,2016-11-28,46.49%,No,6,11
IDFCFIRSTB,Yes,2016-06-06,2016-12-05,44.18%,No,6,12
IDFCFIRSTB,Yes,2016-07-01,2016-12-28,32.06%,No,7,12
IDFCFIRSTB,Yes,2016-07-04,2017-01-02,31.81%,No,7,1
IDFCFIRSTB,Yes,2016-08-03,2017-01-30,28.08%,No,8,1
IDFCFIRSTB,Yes,2018-09-21,2019-03-20,29.26%,No,9,3
IDFCFIRSTB,Yes,2018-10-01,2019-04-01,49.67%,No,10,4
IDFCFIRSTB,Yes,2018-11-01,2019-04-30,42.31%,No,11,4
IDFCFIRSTB,Yes,2018-11-02,2019-05-02,41.85%,No,11,5
IDFCFIRSTB,Yes,2021-01-01,2021-06-30,44.92%,No,1,6
IDFCFIRSTB,Yes,2021-01-04,2021-07-05,41.06%,No,1,7
IDFCFIRSTB,Yes,2022-05-02,2022-10-31,44.40%,No,5,10
IDFCFIRSTB,Yes,2022-08-05,2023-02-01,30.18%,No,8,2
IDFCFIRSTB,Yes,2022-12-09,2023-06-07,25.60%,No,12,6
IDFCFIRSTB,Yes,2023-02-01,2023-07-31,54.34%,No,2,7
IDFCFIRSTB,Yes,2023-02-02,2023-08-01,48.49%,No,2,8
IDFCFIRSTB,Yes,2023-03-01,2023-08-28,63.46%,No,3,8
IGL,Yes,2015-12-09,2016-06-06,25.02%,No,12,6
IGL,Yes,2016-02-08,2016-08-08,26.27%,No,2,8
IGL,Yes,2016-03-01,2016-08-29,43.49%,No,3,8
IGL,Yes,2016-03-08,2016-09-06,51.63%,No,3,9
IGL,Yes,2016-04-01,2016-09-28,39.76%,No,4,9
IGL,Yes,2016-04-04,2016-10-03,41.07%,No,4,10
IGL,Yes,2016-05-02,2016-11-01,50.23%,No,5,11
IGL,Yes,2016-06-01,2016-11-28,50.53%,No,6,11
IGL,Yes,2016-06-06,2016-12-05,43.84%,No,6,12
IGL,Yes,2016-07-01,2016-12-28,45.91%,No,7,12
IGL,Yes,2016-07-04,2017-01-02,50.41%,No,7,1
IGL,Yes,2016-08-01,2017-01-30,49.66%,No,8,1
IGL,Yes,2016-08-05,2017-02-01,46.33%,No,8,2
IGL,Yes,2016-09-01,2017-02-28,34.65%,No,9,2
IGL,Yes,2016-09-02,2017-03-01,34.54%,No,9,3
IGL,Yes,2016-10-03,2017-04-03,28.84%,No,10,4
IGL,Yes,2016-12-01,2017-05-30,26.82%,No,12,5
IGL,Yes,2017-01-16,2017-07-17,25.17%,No,1,7
IGL,Yes,2017-05-02,2017-10-30,52.86%,No,5,10
IGL,Yes,2018-11-29,2019-05-28,26.46%,No,11,5
IGL,Yes,2024-02-01,2024-07-30,26.00%,No,2,7
INDHOTEL,Yes,2015-11-30,2016-05-30,25.99%,No,11,5
INDHOTEL,Yes,2015-12-01,2016-05-30,25.59%,No,12,5
INDHOTEL,Yes,2016-02-17,2016-08-16,25.79%,No,2,8
INDHOTEL,Yes,2016-03-01,2016-08-29,29.44%,No,3,8
INDHOTEL,Yes,2016-03-08,2016-09-06,36.68%,No,3,9
INDHOTEL,Yes,2016-04-01,2016-09-28,30.14%,No,4,9
INDHOTEL,Yes,2016-04-04,2016-10-03,31.48%,No,4,10
INDHOTEL,Yes,2016-12-05,2017-06-05,38.83%,No,12,6
INDHOTEL,Yes,2017-01-02,2017-07-03,32.74%,No,1,7
INDHOTEL,Yes,2017-07-21,2018-01-17,26.06%,No,7,1
INDHOTEL,Yes,2017-08-22,2018-02-19,31.73%,No,8,2
INDHOTEL,Yes,2017-10-05,2018-04-03,27.34%,No,10,4
INDHOTEL,Yes,2017-11-01,2018-04-30,28.93%,No,11,4
INDHOTEL,Yes,2021-05-03,2021-11-01,86.42%,No,5,11
INDHOTEL,Yes,2021-06-01,2021-11-29,31.28%,No,6,11
INDHOTEL,Yes,2021-06-04,2021-12-01,39.20%,No,6,12
INDHOTEL,Yes,2021-07-01,2021-12-28,33.46%,No,7,12
INDHOTEL,Yes,2021-08-02,2022-01-31,50.79%,No,8,1
INDHOTEL,Yes,2021-09-01,2022-02-28,39.92%,No,9,2
INDHOTEL,Yes,2021-09-02,2022-03-02,36.62%,No,9,3
INDHOTEL,Yes,2021-10-01,2022-03-30,35.14%,No,10,3
INDHOTEL,Yes,2022-01-31,2022-08-01,25.67%,No,1,8
INDHOTEL,Yes,2022-05-02,2022-10-31,27.78%,No,5,10
INDHOTEL,Yes,2024-02-01,2024-07-30,31.06%,No,2,7
INDIANB,Yes,2015-12-23,2016-06-20,25.73%,No,12,6
INDIANB,Yes,2016-01-04,2016-07-04,35.15%,No,1,7
INDIANB,Yes,2016-02-01,2016-08-01,71.07%,No,2,8
INDIANB,Yes,2016-03-01,2016-08-29,197.28%,No,3,8
INDIANB,Yes,2016-03-08,2016-09-06,136.20%,No,3,9
INDIANB,Yes,2016-04-01,2016-09-28,119.91%,No,4,9
INDIANB,Yes,2016-04-04,2016-10-03,115.02%,No,4,10
INDIANB,Yes,2016-05-02,2016-11-01,138.57%,No,5,11
INDIANB,Yes,2016-06-01,2016-11-28,170.04%,No,6,11
INDIANB,Yes,2016-06-06,2016-12-05,156.54%,No,6,12
INDIANB,Yes,2016-07-01,2016-12-28,51.08%,No,7,12
INDIANB,Yes,2016-07-04,2017-01-02,47.12%,No,7,1
INDIANB,Yes,2016-08-01,2017-01-30,75.31%,No,8,1
INDIANB,Yes,2016-08-05,2017-02-01,35.47%,No,8,2
INDIANB,Yes,2016-09-01,2017-02-28,29.03%,No,9,2
INDIANB,Yes,2016-09-02,2017-03-01,31.10%,No,9,3
INDIANB,Yes,2016-10-03,2017-04-03,25.54%,No,10,4
INDIANB,Yes,2016-11-01,2017-05-02,41.02%,No,11,5
INDIANB,Yes,2016-12-01,2017-05-30,28.04%,No,12,5
INDIANB,Yes,2021-01-01,2021-06-30,63.78%,No,1,6
INDIANB,Yes,2022-05-02,2022-10-31,64.49%,No,5,10
INDIANB,Yes,2022-10-31,2023-05-02,29.64%,No,10,5
INDIANB,Yes,2023-11-01,2024-04-29,29.71%,No,11,4
INDIGO,Yes,2016-11-15,2017-05-15,25.78%,No,11,5
INDIGO,Yes,2016-12-01,2017-05-30,26.43%,No,12,5
INDIGO,Yes,2016-12-05,2017-06-05,33.57%,No,12,6
INDIGO,Yes,2017-01-02,2017-07-03,44.97%,No,1,7
INDIGO,Yes,2017-02-01,2017-07-31,54.29%,No,2,7
INDIGO,Yes,2017-02-02,2017-08-01,50.79%,No,2,8
INDIGO,Yes,2017-03-01,2017-08-28,39.80%,No,3,8
INDIGO,Yes,2017-03-06,2017-09-04,51.04%,No,3,9
INDIGO,Yes,2017-10-06,2018-04-04,25.30%,No,10,4
INDIGO,Yes,2018-07-31,2019-01-28,26.81%,No,7,1
INDIGO,Yes,2018-08-01,2019-01-28,27.50%,No,8,1
INDIGO,Yes,2018-09-04,2019-03-05,30.35%,No,9,3
INDIGO,Yes,2018-11-01,2019-04-30,63.93%,No,11,4
INDIGO,Yes,2018-12-31,2019-07-01,35.71%,No,12,7
INDIGO,Yes,2019-04-01,2019-09-30,33.79%,No,4,9
INDIGO,Yes,2019-04-04,2019-10-01,30.99%,No,4,10
INDIGO,Yes,2021-05-03,2021-11-01,30.79%,No,5,11
INDIGO,Yes,2021-08-09,2022-02-07,30.51%,No,8,2
INDIGO,Yes,2022-06-20,2022-12-19,30.84%,No,6,12
INDIGO,Yes,2023-09-01,2024-02-28,28.17%,No,9,2
INDIGO,Yes,2025-01-01,2025-06-30,30.05%,No,1,6
INDUSINDBK,Yes,2016-01-18,2016-07-18,26.30%,No,1,7
INDUSINDBK,Yes,2016-02-01,2016-08-01,30.03%,No,2,8
INDUSINDBK,Yes,2016-03-01,2016-08-29,34.80%,No,3,8
INDUSINDBK,Yes,2016-03-08,2016-09-06,33.76%,No,3,9
INDUSINDBK,Yes,2016-04-01,2016-09-28,27.65%,No,4,9
INDUSINDBK,Yes,2016-04-04,2016-10-03,28.78%,No,4,10
INDUSINDBK,Yes,2016-11-15,2017-05-15,29.56%,No,11,5
INDUSINDBK,Yes,2016-12-01,2017-05-30,36.38%,No,12,5
INDUSINDBK,Yes,2016-12-05,2017-06-05,38.89%,No,12,6
INDUSINDBK,Yes,2017-02-01,2017-07-31,26.33%,No,2,7
INDUSINDBK,Yes,2021-05-03,2021-11-01,35.20%,No,5,11
INDUSINDBK,Yes,2022-06-01,2022-11-28,30.07%,No,6,11
INDUSINDBK,Yes,2022-06-06,2022-12-05,29.76%,No,6,12
INDUSINDBK,Yes,2022-07-01,2022-12-28,51.63%,No,7,12
INDUSINDBK,Yes,2022-07-04,2023-01-02,48.59%,No,7,1
INDUSINDBK,Yes,2023-05-02,2023-10-30,27.78%,No,5,10
INDUSTOWER,Yes,2017-01-30,2017-07-31,27.86%,No,1,7
INDUSTOWER,Yes,2017-02-01,2017-07-31,42.78%,No,2,7
INDUSTOWER,Yes,2017-02-02,2017-08-01,44.51%,No,2,8
INDUSTOWER,Yes,2017-03-01,2017-08-28,40.13%,No,3,8
INDUSTOWER,Yes,2017-03-06,2017-09-04,27.55%,No,3,9
INDUSTOWER,Yes,2017-04-03,2017-10-03,25.16%,No,4,10
INDUSTOWER,Yes,2018-10-03,2019-04-01,28.43%,No,10,4
INDUSTOWER,Yes,2021-04-01,2021-09-28,25.33%,No,4,9
INDUSTOWER,Yes,2023-05-18,2023-11-15,27.29%,No,5,11
INDUSTOWER,Yes,2023-07-07,2024-01-03,27.11%,No,7,1
INDUSTOWER,Yes,2023-08-01,2024-01-29,33.71%,No,8,1
INDUSTOWER,Yes,2023-08-09,2024-02-05,25.15%,No,8,2
INDUSTOWER,Yes,2023-09-01,2024-02-28,34.65%,No,9,2
INDUSTOWER,Yes,2023-09-04,2024-03-04,49.69%,No,9,3
INDUSTOWER,Yes,2023-11-01,2024-04-29,94.91%,No,11,4
INDUSTOWER,Yes,2023-11-03,2024-05-02,87.39%,No,11,5
INDUSTOWER,Yes,2023-12-01,2024-05-29,81.69%,No,12,5
INDUSTOWER,Yes,2023-12-04,2024-06-03,94.65%,No,12,6
INFY,Yes,2017-08-21,2018-02-19,31.39%,No,8,2
INFY,Yes,2017-09-01,2018-02-28,29.24%,No,9,2
INFY,Yes,2017-09-04,2018-03-05,30.20%,No,9,3
INFY,Yes,2017-10-03,2018-04-02,27.61%,No,10,4
INFY,Yes,2017-11-01,2018-04-30,29.39%,No,11,4
INFY,Yes,2017-11-02,2018-05-02,29.71%,No,11,5
INFY,Yes,2017-12-01,2018-05-30,26.38%,No,12,5
INFY,Yes,2017-12-04,2018-06-04,25.78%,No,12,6
INFY,Yes,2018-01-01,2018-07-02,32.30%,No,1,7
INFY,Yes,2018-02-06,2018-08-06,25.84%,No,2,8
INFY,Yes,2018-03-01,2018-08-28,25.75%,No,3,8
INFY,Yes,2018-03-05,2018-09-03,27.12%,No,3,9
INFY,Yes,2018-04-02,2018-10-01,34.54%,No,4,10
INFY,Yes,2021-01-01,2021-06-30,26.77%,No,1,6
INFY,Yes,2021-05-03,2021-11-01,28.22%,No,5,11
INFY,Yes,2021-07-19,2022-01-17,26.92%,No,7,1
INFY,Yes,2024-04-01,2024-09-30,27.93%,No,4,9
INFY,Yes,2024-05-02,2024-10-29,34.15%,No,5,10
INFY,Yes,2024-06-03,2024-12-02,35.23%,No,6,12
IOC,Yes,2016-01-21,2016-07-19,26.42%,No,1,7
IOC,Yes,2016-02-01,2016-08-01,36.22%,No,2,8
IOC,Yes,2016-03-01,2016-08-29,48.12%,No,3,8
IOC,Yes,2016-03-08,2016-09-06,46.14%,No,3,9
IOC,Yes,2016-04-01,2016-09-28,52.81%,No,4,9
IOC,Yes,2016-04-04,2016-10-03,52.60%,No,4,10
IOC,Yes,2016-05-02,2016-11-01,54.85%,No,5,11
IOC,Yes,2016-06-01,2016-11-28,44.86%,No,6,11
IOC,Yes,2016-06-06,2016-12-05,41.20%,No,6,12
IOC,Yes,2016-07-01,2016-12-28,35.33%,No,7,12
IOC,Yes,2016-07-04,2017-01-02,38.25%,No,7,1
IOC,Yes,2016-08-01,2017-01-30,41.50%,No,8,1
IOC,Yes,2016-08-05,2017-02-01,32.33%,No,8,2
IOC,Yes,2016-09-01,2017-02-28,40.58%,No,9,2
IOC,Yes,2016-09-02,2017-03-01,37.83%,No,9,3
IOC,Yes,2016-10-03,2017-04-03,32.31%,No,10,4
IOC,Yes,2016-11-01,2017-05-02,42.78%,No,11,5
IOC,Yes,2016-12-01,2017-05-30,47.60%,No,12,5
IOC,Yes,2016-12-05,2017-06-05,52.00%,No,12,6
IOC,Yes,2021-01-01,2021-06-30,31.04%,No,1,6
IOC,Yes,2023-11-01,2024-04-29,100.94%,No,11,4
IOC,Yes,2024-02-01,2024-07-30,27.28%,No,2,7
IRB,Yes,2016-11-11,2017-05-10,29.26%,No,11,5
IRB,Yes,2016-12-05,2017-06-05,25.80%,No,12,6
IRB,Yes,2017-10-13,2018-04-11,37.18%,No,10,4
IRB,Yes,2021-01-01,2021-06-30,36.15%,No,1,6
IRB,Yes,2021-01-04,2021-07-05,34.70%,No,1,7
IRB,Yes,2021-02-01,2021-08-02,52.42%,No,2,8
IRB,Yes,2021-03-01,2021-08-30,55.28%,No,3,8
IRB,Yes,2021-03-05,2021-09-01,43.14%,No,3,9
IRB,Yes,2021-04-01,2021-09-28,54.44%,No,4,9
IRB,Yes,2021-04-05,2021-10-04,86.55%,No,4,10
IRB,Yes,2021-05-03,2021-11-01,126.26%,No,5,11
IRB,Yes,2021-06-01,2021-11-29,72.94%,No,6,11
IRB,Yes,2021-06-04,2021-12-01,71.95%,No,6,12
IRB,Yes,2021-07-01,2021-12-28,36.52%,No,7,12
IRB,Yes,2021-07-05,2022-01-03,40.35%,No,7,1
IRB,Yes,2021-08-02,2022-01-31,55.28%,No,8,1
IRB,Yes,2021-08-05,2022-02-01,58.36%,No,8,2
IRB,Yes,2021-09-01,2022-02-28,33.04%,No,9,2
IRB,Yes,2021-09-02,2022-03-02,34.81%,No,9,3
IRB,Yes,2023-11-01,2024-04-29,106.72%,No,11,4
IRB,Yes,2023-12-01,2024-05-29,94.96%,No,12,5
IRCTC,Yes,2021-01-01,2021-06-30,40.75%,No,1,6
IRCTC,Yes,2021-01-04,2021-07-05,49.79%,No,1,7
IRCTC,Yes,2021-02-01,2021-08-02,69.11%,No,2,8
IRCTC,Yes,2021-03-01,2021-08-30,39.17%,No,3,8
IRCTC,Yes,2021-03-05,2021-09-01,41.50%,No,3,9
IRCTC,Yes,2021-04-01,2021-09-28,120.97%,No,4,9
IRCTC,Yes,2021-04-05,2021-10-04,135.77%,No,4,10
IRCTC,Yes,2021-05-03,2021-11-01,142.59%,No,5,11
IRCTC,Yes,2021-06-01,2021-11-29,105.02%,No,6,11
IRCTC,Yes,2021-06-04,2021-12-01,111.54%,No,6,12
IRCTC,Yes,2021-07-01,2021-12-28,112.47%,No,7,12
IRCTC,Yes,2021-07-05,2022-01-03,94.79%,No,7,1
IRCTC,Yes,2021-08-02,2022-01-31,76.02%,No,8,1
IRCTC,Yes,2021-08-05,2022-02-01,73.49%,No,8,2
IRCTC,Yes,2021-09-01,2022-02-28,47.91%,No,9,2
IRCTC,Yes,2021-09-02,2022-03-02,43.44%,No,9,3
IRCTC,Yes,2023-10-03,2024-04-01,38.40%,No,10,4
IRCTC,Yes,2023-11-01,2024-04-29,60.70%,No,11,4
IRCTC,Yes,2023-11-03,2024-05-02,59.76%,No,11,5
IRCTC,Yes,2023-12-01,2024-05-29,48.71%,No,12,5
IRCTC,Yes,2023-12-04,2024-06-03,46.25%,No,12,6
IREDA,Yes,2023-11-29,2024-05-27,222.17%,No,11,5
IREDA,Yes,2023-12-01,2024-05-29,195.22%,No,12,5
IREDA,Yes,2023-12-04,2024-06-03,197.29%,No,12,6
IREDA,Yes,2024-01-01,2024-07-01,87.40%,No,1,7
IREDA,Yes,2024-02-01,2024-07-30,42.06%,No,2,7
IREDA,Yes,2024-02-09,2024-08-07,38.22%,No,2,8
IREDA,Yes,2024-03-01,2024-08-28,61.49%,No,3,8
IREDA,Yes,2024-03-04,2024-09-02,56.27%,No,3,9
IREDA,Yes,2024-04-01,2024-09-30,64.65%,No,4,9
IREDA,Yes,2024-04-04,2024-10-01,45.82%,No,4,10
IREDA,Yes,2024-05-10,2024-11-06,27.44%,No,5,11
IREDA,Yes,2024-06-14,2024-12-11,25.86%,No,6,12
IRFC,Yes,2022-05-20,2022-11-16,28.90%,No,5,11
IRFC,Yes,2022-06-01,2022-11-28,67.33%,No,6,11
IRFC,Yes,2022-06-06,2022-12-05,67.82%,No,6,12
IRFC,Yes,2022-07-01,2022-12-28,72.65%,No,7,12
IRFC,Yes,2022-07-04,2023-01-02,76.55%,No,7,1
IRFC,Yes,2022-08-01,2023-01-30,57.83%,No,8,1
IRFC,Yes,2022-08-05,2023-02-01,57.10%,No,8,2
IRFC,Yes,2022-09-01,2023-02-28,31.62%,No,9,2
IRFC,Yes,2022-09-02,2023-03-01,31.81%,No,9,3
IRFC,Yes,2022-10-03,2023-04-03,34.83%,No,10,4
IRFC,Yes,2022-10-31,2023-05-02,52.66%,No,10,5
IRFC,Yes,2022-11-01,2023-05-02,53.33%,No,11,5
IRFC,Yes,2023-02-02,2023-08-01,28.37%,No,2,8
IRFC,Yes,2023-03-01,2023-08-28,78.39%,No,3,8
IRFC,Yes,2023-03-06,2023-09-04,136.52%,No,3,9
IRFC,Yes,2023-04-03,2023-10-03,177.93%,No,4,10
IRFC,Yes,2023-05-02,2023-10-30,118.72%,No,5,10
IRFC,Yes,2023-11-01,2024-04-29,122.95%,No,11,4
IRFC,Yes,2023-12-01,2024-05-29,139.12%,No,12,5
IRFC,Yes,2023-12-04,2024-06-03,147.32%,No,12,6
IRFC,Yes,2024-01-01,2024-07-01,71.08%,No,1,7
ITC,Yes,2016-01-25,2016-07-25,25.01%,No,1,7
ITC,Yes,2016-02-11,2016-08-09,27.44%,No,2,8
ITC,Yes,2016-03-04,2016-08-31,26.75%,No,3,8
ITC,Yes,2016-03-08,2016-09-06,25.98%,No,3,9
ITC,Yes,2016-11-21,2017-05-22,35.41%,No,11,5
ITC,Yes,2016-12-01,2017-05-30,33.38%,No,12,5
ITC,Yes,2016-12-05,2017-06-05,38.57%,No,12,6
ITC,Yes,2021-04-19,2021-10-18,31.25%,No,4,10
ITC,Yes,2022-01-31,2022-08-01,46.22%,No,1,8
ITC,Yes,2022-04-01,2022-09-28,31.30%,No,4,9
ITC,Yes,2022-05-02,2022-10-31,35.62%,No,5,10
ITC,Yes,2022-05-05,2022-11-01,36.50%,No,5,11
ITC,Yes,2022-06-01,2022-11-28,25.09%,No,6,11
ITC,Yes,2022-06-08,2022-12-05,25.70%,No,6,12
ITC,Yes,2023-02-01,2023-07-31,33.72%,No,2,7
ITCHOTELS,Yes,2025-01-29,2025-07-28,36.96%,No,1,7
ITCHOTELS,Yes,2025-02-01,2025-07-31,34.96%,No,2,7
ITCHOTELS,Yes,2025-02-03,2025-08-04,33.73%,No,2,8
ITCHOTELS,Yes,2025-03-03,2025-09-01,51.33%,No,3,9
JINDALSTEL,Yes,2016-01-28,2016-07-26,25.45%,No,1,7
JINDALSTEL,Yes,2016-02-01,2016-08-01,39.67%,No,2,8
JINDALSTEL,Yes,2016-03-01,2016-08-29,52.73%,No,3,8
JINDALSTEL,Yes,2016-03-09,2016-09-06,27.13%,No,3,9
JINDALSTEL,Yes,2016-04-01,2016-09-28,28.35%,No,4,9
JINDALSTEL,Yes,2016-04-05,2016-10-03,30.87%,No,4,10
JINDALSTEL,Yes,2016-08-25,2017-02-21,25.82%,No,8,2
JINDALSTEL,Yes,2016-09-01,2017-02-28,48.81%,No,9,2
JINDALSTEL,Yes,2016-09-02,2017-03-01,54.81%,No,9,3
JINDALSTEL,Yes,2016-10-03,2017-04-03,56.71%,No,10,4
JINDALSTEL,Yes,2016-11-01,2017-05-02,46.10%,No,11,5
JINDALSTEL,Yes,2016-12-01,2017-05-30,81.09%,No,12,5
JINDALSTEL,Yes,2016-12-05,2017-06-05,77.42%,No,12,6
JINDALSTEL,Yes,2017-02-01,2017-07-31,83.93%,No,2,7
JINDALSTEL,Yes,2017-05-02,2017-10-30,45.92%,No,5,10
JINDALSTEL,Yes,2017-05-05,2017-11-01,51.90%,No,5,11
JINDALSTEL,Yes,2017-06-01,2017-11-28,43.64%,No,6,11
JINDALSTEL,Yes,2017-06-05,2017-12-04,38.96%,No,6,12
JINDALSTEL,Yes,2017-07-03,2018-01-01,60.22%,No,7,1
JINDALSTEL,Yes,2017-08-01,2018-01-29,71.59%,No,8,1
JINDALSTEL,Yes,2017-11-01,2018-04-30,53.53%,No,11,4
JINDALSTEL,Yes,2021-01-01,2021-06-30,47.12%,No,1,6
JINDALSTEL,Yes,2021-10-01,2022-03-30,29.70%,No,10,3
JINDALSTEL,Yes,2022-07-01,2022-12-28,74.47%,No,7,12
JINDALSTEL,Yes,2022-10-31,2023-05-02,28.90%,No,10,5
JIOFIN,Yes,2023-08-24,2024-02-20,31.97%,No,8,2
JIOFIN,Yes,2023-09-01,2024-02-28,25.76%,No,9,2
JIOFIN,Yes,2023-09-04,2024-03-04,27.28%,No,9,3
JIOFIN,Yes,2023-10-03,2024-04-01,54.26%,No,10,4
JIOFIN,Yes,2023-11-01,2024-04-29,74.82%,No,11,4
JIOFIN,Yes,2023-11-03,2024-05-02,73.32%,No,11,5
JIOFIN,Yes,2023-12-01,2024-05-29,54.86%,No,12,5
JIOFIN,Yes,2023-12-04,2024-06-03,54.76%,No,12,6
JIOFIN,Yes,2024-01-01,2024-07-01,50.42%,No,1,7
JIOFIN,Yes,2024-02-01,2024-07-30,30.49%,No,2,7
JIOFIN,Yes,2025-02-03,2025-08-04,42.71%,No,2,8
JIOFIN,Yes,2025-03-03,2025-09-01,56.55%,No,3,9
JIOFIN,Yes,2025-04-01,2025-09-29,27.88%,No,4,9
JIOFIN,Yes,2025-04-04,2025-10-01,35.17%,No,4,10
JSWENERGY,Yes,2016-02-11,2016-08-09,35.75%,No,2,8
JSWENERGY,Yes,2016-03-01,2016-08-29,26.22%,No,3,8
JSWENERGY,Yes,2017-03-22,2017-09-18,28.27%,No,3,9
JSWENERGY,Yes,2017-04-17,2017-10-16,25.26%,No,4,10
JSWENERGY,Yes,2017-05-02,2017-10-30,40.85%,No,5,10
JSWENERGY,Yes,2017-05-05,2017-11-01,33.61%,No,5,11
JSWENERGY,Yes,2017-06-01,2017-11-28,30.67%,No,6,11
JSWENERGY,Yes,2017-06-05,2017-12-04,32.11%,No,6,12
JSWENERGY,Yes,2017-07-03,2018-01-01,40.08%,No,7,1
JSWENERGY,Yes,2017-08-03,2018-01-30,30.20%,No,8,1
JSWENERGY,Yes,2017-08-10,2018-02-06,27.50%,No,8,2
JSWENERGY,Yes,2021-01-01,2021-06-30,151.12%,No,1,6
JSWENERGY,Yes,2021-01-04,2021-07-05,149.12%,No,1,7
JSWENERGY,Yes,2021-04-01,2021-09-28,307.79%,No,4,9
JSWENERGY,Yes,2021-07-01,2021-12-28,79.15%,No,7,12
JSWENERGY,Yes,2021-09-01,2022-02-28,33.25%,No,9,2
JSWENERGY,Yes,2021-09-02,2022-03-02,33.44%,No,9,3
JSWENERGY,Yes,2023-10-05,2024-04-02,31.12%,No,10,4
JSWENERGY,Yes,2023-11-01,2024-04-29,60.05%,No,11,4
JSWENERGY,Yes,2023-11-03,2024-05-02,62.07%,No,11,5
JSWENERGY,Yes,2023-12-01,2024-05-29,42.30%,No,12,5
JSWENERGY,Yes,2023-12-04,2024-06-03,55.68%,No,12,6
JSWENERGY,Yes,2024-02-01,2024-07-30,45.96%,No,2,7
JSWSTEEL,Yes,2015-11-30,2016-05-30,51.51%,No,11,5
JSWSTEEL,Yes,2015-12-01,2016-05-30,45.37%,No,12,5
JSWSTEEL,Yes,2015-12-04,2016-06-01,41.63%,No,12,6
JSWSTEEL,Yes,2016-01-01,2016-06-29,40.66%,No,1,6
JSWSTEEL,Yes,2016-01-04,2016-07-04,41.78%,No,1,7
JSWSTEEL,Yes,2016-02-01,2016-08-01,61.66%,No,2,8
JSWSTEEL,Yes,2016-03-01,2016-08-29,55.87%,No,3,8
JSWSTEEL,Yes,2016-03-08,2016-09-06,57.82%,No,3,9
JSWSTEEL,Yes,2016-04-01,2016-09-28,41.36%,No,4,9
JSWSTEEL,Yes,2016-04-04,2016-10-03,41.02%,No,4,10
JSWSTEEL,Yes,2016-05-04,2016-11-01,26.46%,No,5,11
JSWSTEEL,Yes,2016-06-01,2016-11-28,25.93%,No,6,11
JSWSTEEL,Yes,2017-05-02,2017-10-30,36.27%,No,5,10
JSWSTEEL,Yes,2017-06-05,2017-12-04,33.69%,No,6,12
JSWSTEEL,Yes,2017-07-03,2018-01-01,29.63%,No,7,1
JSWSTEEL,Yes,2017-08-01,2018-01-29,31.50%,No,8,1
JSWSTEEL,Yes,2017-08-07,2018-02-05,27.16%,No,8,2
JSWSTEEL,Yes,2017-09-28,2018-03-27,25.09%,No,9,3
JSWSTEEL,Yes,2017-10-31,2018-04-30,25.75%,No,10,4
JSWSTEEL,Yes,2022-07-01,2022-12-28,35.65%,No,7,12
JUBLFOOD,Yes,2016-02-23,2016-08-22,27.00%,No,2,8
JUBLFOOD,Yes,2017-01-06,2017-07-05,25.02%,No,1,7
JUBLFOOD,Yes,2017-02-01,2017-07-31,49.18%,No,2,7
JUBLFOOD,Yes,2017-03-01,2017-08-28,38.17%,No,3,8
JUBLFOOD,Yes,2017-03-06,2017-09-04,29.96%,No,3,9
JUBLFOOD,Yes,2017-04-03,2017-10-03,28.65%,No,4,10
JUBLFOOD,Yes,2017-05-02,2017-10-30,55.43%,No,5,10
JUBLFOOD,Yes,2017-05-05,2017-11-01,58.55%,No,5,11
JUBLFOOD,Yes,2017-06-01,2017-11-28,97.08%,No,6,11
JUBLFOOD,Yes,2017-06-05,2017-12-04,85.40%,No,6,12
JUBLFOOD,Yes,2017-07-03,2018-01-01,78.11%,No,7,1
JUBLFOOD,Yes,2017-08-01,2018-01-29,67.83%,No,8,1
JUBLFOOD,Yes,2017-08-07,2018-02-05,55.22%,No,8,2
JUBLFOOD,Yes,2017-09-01,2018-02-28,44.96%,No,9,2
JUBLFOOD,Yes,2017-09-04,2018-03-05,44.76%,No,9,3
JUBLFOOD,Yes,2017-10-03,2018-04-02,66.39%,No,10,4
JUBLFOOD,Yes,2017-11-01,2018-04-30,56.18%,No,11,4
JUBLFOOD,Yes,2017-11-02,2018-05-02,57.61%,No,11,5
JUBLFOOD,Yes,2017-12-01,2018-05-30,42.99%,No,12,5
JUBLFOOD,Yes,2017-12-04,2018-06-04,47.85%,No,12,6
JUBLFOOD,Yes,2019-07-01,2019-12-30,31.18%,No,7,12
JUBLFOOD,Yes,2021-04-01,2021-09-28,35.83%,No,4,9
KALYANKJIL,Yes,2021-04-30,2021-10-27,27.30%,No,4,10
KALYANKJIL,Yes,2021-05-03,2021-11-01,30.69%,No,5,11
KALYANKJIL,Yes,2022-02-24,2022-08-23,38.25%,No,2,8
KALYANKJIL,Yes,2022-03-02,2022-08-29,30.91%,No,3,8
KALYANKJIL,Yes,2022-03-04,2022-09-01,35.27%,No,3,9
KALYANKJIL,Yes,2022-04-01,2022-09-28,53.15%,No,4,9
KALYANKJIL,Yes,2022-05-02,2022-10-31,69.14%,No,5,10
KALYANKJIL,Yes,2022-06-01,2022-11-28,64.63%,No,6,11
KALYANKJIL,Yes,2022-06-06,2022-12-05,90.28%,No,6,12
KALYANKJIL,Yes,2022-07-01,2022-12-28,113.60%,No,7,12
KALYANKJIL,Yes,2022-07-04,2023-01-02,104.41%,No,7,1
KALYANKJIL,Yes,2022-08-01,2023-01-30,60.06%,No,8,1
KALYANKJIL,Yes,2022-08-05,2023-02-01,57.87%,No,8,2
KALYANKJIL,Yes,2022-09-01,2023-02-28,35.62%,No,9,2
KALYANKJIL,Yes,2022-09-02,2023-03-01,36.08%,No,9,3
KALYANKJIL,Yes,2023-01-09,2023-07-10,30.83%,No,1,7
KALYANKJIL,Yes,2023-02-01,2023-07-31,55.43%,No,2,7
KALYANKJIL,Yes,2023-10-03,2024-04-01,85.46%,No,10,4
KALYANKJIL,Yes,2023-11-01,2024-04-29,38.44%,No,11,4
KALYANKJIL,Yes,2023-11-03,2024-05-02,35.17%,No,11,5
KALYANKJIL,Yes,2023-12-11,2024-06-10,28.59%,No,12,6
KEI,Yes,2016-02-22,2016-08-22,27.57%,No,2,8
KEI,Yes,2016-03-28,2016-09-26,27.15%,No,3,9
KEI,Yes,2016-08-08,2017-02-06,46.61%,No,8,2
KEI,Yes,2016-09-01,2017-02-28,57.08%,No,9,2
KEI,Yes,2016-09-02,2017-03-01,59.10%,No,9,3
KEI,Yes,2016-10-03,2017-04-03,60.92%,No,10,4
KEI,Yes,2016-11-01,2017-05-02,74.98%,No,11,5
KEI,Yes,2016-12-01,2017-05-30,68.42%,No,12,5
KEI,Yes,2016-12-05,2017-06-05,81.30%,No,12,6
KEI,Yes,2017-01-02,2017-07-03,89.31%,No,1,7
KEI,Yes,2017-02-01,2017-07-31,65.66%,No,2,7
KEI,Yes,2017-03-01,2017-08-28,34.67%,No,3,8
KEI,Yes,2017-04-03,2017-10-03,90.20%,No,4,10
KEI,Yes,2017-05-02,2017-10-30,55.75%,No,5,10
KEI,Yes,2017-05-05,2017-11-01,55.05%,No,5,11
KEI,Yes,2017-06-01,2017-11-28,79.64%,No,6,11
KEI,Yes,2017-06-05,2017-12-04,80.93%,No,6,12
KEI,Yes,2017-07-03,2018-01-01,58.58%,No,7,1
KEI,Yes,2017-08-01,2018-01-29,67.91%,No,8,1
KEI,Yes,2017-11-01,2018-04-30,32.49%,No,11,4
KEI,Yes,2018-12-31,2019-07-01,34.37%,No,12,7
KEI,Yes,2019-04-01,2019-09-30,29.37%,No,4,9
KEI,Yes,2021-01-01,2021-06-30,45.94%,No,1,6
KEI,Yes,2021-07-01,2021-12-28,53.92%,No,7,12
KOTAKBANK,Yes,2016-02-25,2016-08-23,28.34%,No,2,8
KOTAKBANK,Yes,2016-03-08,2016-09-06,25.83%,No,3,9
KOTAKBANK,Yes,2016-11-16,2017-05-15,26.31%,No,11,5
KOTAKBANK,Yes,2016-12-01,2017-05-30,29.13%,No,12,5
KOTAKBANK,Yes,2016-12-05,2017-06-05,32.50%,No,12,6
KOTAKBANK,Yes,2017-01-02,2017-07-03,32.74%,No,1,7
KOTAKBANK,Yes,2017-02-01,2017-07-31,31.56%,No,2,7
KOTAKBANK,Yes,2018-10-05,2019-04-03,26.80%,No,10,4
KOTAKBANK,Yes,2021-04-30,2021-10-27,25.19%,No,4,10
KOTAKBANK,Yes,2024-11-01,2025-04-30,26.58%,No,11,4
KPITTECH,Yes,2021-01-01,2021-06-30,80.47%,No,1,6
KPITTECH,Yes,2021-01-04,2021-07-05,77.83%,No,1,7
KPITTECH,Yes,2021-02-01,2021-08-02,114.65%,No,2,8
KPITTECH,Yes,2021-03-01,2021-08-30,136.56%,No,3,8
KPITTECH,Yes,2021-03-05,2021-09-01,140.13%,No,3,9
KPITTECH,Yes,2021-04-01,2021-09-28,94.97%,No,4,9
KPITTECH,Yes,2021-04-05,2021-10-04,94.95%,No,4,10
KPITTECH,Yes,2021-05-03,2021-11-01,53.56%,No,5,11
KPITTECH,Yes,2021-06-01,2021-11-29,88.63%,No,6,11
KPITTECH,Yes,2021-06-04,2021-12-01,112.52%,No,6,12
KPITTECH,Yes,2021-07-01,2021-12-28,122.32%,No,7,12
KPITTECH,Yes,2021-07-05,2022-01-03,136.14%,No,7,1
KPITTECH,Yes,2021-08-02,2022-01-31,119.27%,No,8,1
KPITTECH,Yes,2021-08-05,2022-02-01,104.44%,No,8,2
KPITTECH,Yes,2021-09-01,2022-02-28,72.65%,No,9,2
KPITTECH,Yes,2021-09-02,2022-03-02,71.28%,No,9,3
KPITTECH,Yes,2021-10-01,2022-03-30,77.14%,No,10,3
KPITTECH,Yes,2021-10-04,2022-04-04,83.01%,No,10,4
KPITTECH,Yes,2021-11-01,2022-05-02,73.98%,No,11,5
KPITTECH,Yes,2022-05-02,2022-10-31,32.41%,No,5,10
KPITTECH,Yes,2022-10-31,2023-05-02,32.11%,No,10,5
KPITTECH,Yes,2022-12-01,2023-05-30,42.15%,No,12,5
KPITTECH,Yes,2022-12-05,2023-06-05,55.61%,No,12,6
KPITTECH,Yes,2023-02-01,2023-07-31,46.06%,No,2,7
LICHSGFIN,Yes,2016-02-11,2016-08-09,29.43%,No,2,8
LICHSGFIN,Yes,2016-03-01,2016-08-29,31.56%,No,3,8
LICHSGFIN,Yes,2016-03-08,2016-09-06,33.58%,No,3,9
LICHSGFIN,Yes,2016-04-05,2016-10-03,28.18%,No,4,10
LICHSGFIN,Yes,2016-05-02,2016-11-01,29.31%,No,5,11
LICHSGFIN,Yes,2016-11-03,2017-05-02,28.21%,No,11,5
LICHSGFIN,Yes,2016-12-02,2017-05-31,32.08%,No,12,5
LICHSGFIN,Yes,2016-12-05,2017-06-05,30.72%,No,12,6
LICHSGFIN,Yes,2017-01-02,2017-07-03,41.80%,No,1,7
LICHSGFIN,Yes,2018-09-27,2019-03-26,25.92%,No,9,3
LICHSGFIN,Yes,2018-10-01,2019-04-01,29.16%,No,10,4
LICHSGFIN,Yes,2022-06-13,2022-12-12,27.13%,No,6,12
LICHSGFIN,Yes,2022-07-01,2022-12-28,25.61%,No,7,12
LICHSGFIN,Yes,2022-07-04,2023-01-02,28.47%,No,7,1
LICHSGFIN,Yes,2023-05-02,2023-10-30,29.53%,No,5,10
LICHSGFIN,Yes,2023-06-02,2023-11-29,28.82%,No,6,11
LICHSGFIN,Yes,2023-08-01,2024-01-29,46.47%,No,8,1
LICHSGFIN,Yes,2023-08-07,2024-02-05,48.22%,No,8,2
LICHSGFIN,Yes,2023-09-01,2024-02-28,47.31%,No,9,2
LICHSGFIN,Yes,2023-11-01,2024-04-29,45.81%,No,11,4
LICI,Yes,2023-06-12,2023-12-11,29.75%,No,6,12
LICI,Yes,2023-07-03,2024-01-01,37.17%,No,7,1
LICI,Yes,2023-08-01,2024-01-29,41.46%,No,8,1
LICI,Yes,2023-08-07,2024-02-05,52.37%,No,8,2
LICI,Yes,2023-09-01,2024-02-28,56.54%,No,9,2
LICI,Yes,2023-09-04,2024-03-04,58.05%,No,9,3
LICI,Yes,2023-10-03,2024-04-01,50.98%,No,10,4
LICI,Yes,2023-11-01,2024-04-29,64.00%,No,11,4
LICI,Yes,2023-11-03,2024-05-02,64.95%,No,11,5
LICI,Yes,2023-12-01,2024-05-29,49.37%,No,12,5
LICI,Yes,2023-12-04,2024-06-03,49.06%,No,12,6
LICI,Yes,2024-01-12,2024-07-10,27.04%,No,1,7
LICI,Yes,2024-02-01,2024-07-30,27.98%,No,2,7
LODHA,Yes,2021-04-19,2021-10-18,154.51%,No,4,10
LODHA,Yes,2021-05-03,2021-11-01,91.90%,No,5,11
LODHA,Yes,2021-06-01,2021-11-29,124.46%,No,6,11
LODHA,Yes,2021-06-04,2021-12-01,137.44%,No,6,12
LODHA,Yes,2021-07-01,2021-12-28,78.21%,No,7,12
LODHA,Yes,2021-07-05,2022-01-03,85.04%,No,7,1
LODHA,Yes,2021-08-02,2022-01-31,40.84%,No,8,1
LODHA,Yes,2021-08-05,2022-02-01,49.45%,No,8,2
LODHA,Yes,2022-12-15,2023-06-13,29.79%,No,12,6
LODHA,Yes,2023-01-02,2023-07-03,25.50%,No,1,7
LODHA,Yes,2023-02-01,2023-07-31,46.29%,No,2,7
LODHA,Yes,2023-02-02,2023-08-01,49.92%,No,2,8
LODHA,Yes,2023-03-01,2023-08-28,52.70%,No,3,8
LODHA,Yes,2023-03-06,2023-09-04,41.62%,No,3,9
LODHA,Yes,2023-05-02,2023-10-30,66.29%,No,5,10
LODHA,Yes,2023-09-01,2024-02-28,69.40%,No,9,2
LODHA,Yes,2023-09-04,2024-03-04,69.09%,No,9,3
LODHA,Yes,2023-10-03,2024-04-01,48.59%,No,10,4
LODHA,Yes,2023-11-01,2024-04-29,52.58%,No,11,4
LODHA,Yes,2023-11-03,2024-05-02,46.37%,No,11,5
LODHA,Yes,2023-12-01,2024-05-29,40.83%,No,12,5
LT,Yes,2016-01-06,2016-07-04,26.78%,No,1,7
LT,Yes,2016-02-01,2016-08-01,33.12%,No,2,8
LT,Yes,2016-03-01,2016-08-29,31.45%,No,3,8
LT,Yes,2016-03-08,2016-09-06,29.27%,No,3,9
LT,Yes,2016-11-11,2017-05-10,25.23%,No,11,5
LT,Yes,2016-12-01,2017-05-30,27.31%,No,12,5
LT,Yes,2016-12-05,2017-06-05,33.09%,No,12,6
LT,Yes,2021-04-12,2021-10-11,29.08%,No,4,10
LT,Yes,2021-05-03,2021-11-01,35.25%,No,5,11
LT,Yes,2021-06-16,2021-12-13,26.27%,No,6,12
LT,Yes,2021-07-01,2021-12-28,28.73%,No,7,12
LT,Yes,2021-07-05,2022-01-03,28.96%,No,7,1
LT,Yes,2022-05-04,2022-10-31,25.40%,No,5,10
LT,Yes,2022-06-01,2022-11-28,26.87%,No,6,11
LT,Yes,2023-08-01,2024-01-29,40.63%,No,8,1
LT,Yes,2023-08-07,2024-02-05,26.78%,No,8,2
LT,Yes,2023-09-01,2024-02-28,28.43%,No,9,2
LT,Yes,2023-09-04,2024-03-04,34.43%,No,9,3
LT,Yes,2023-10-04,2024-04-01,26.76%,No,10,4
LT,Yes,2023-11-01,2024-04-29,25.52%,No,11,4
LTF,Yes,2016-01-13,2016-07-11,26.64%,No,1,7
LTF,Yes,2016-02-01,2016-08-01,52.29%,No,2,8
LTF,Yes,2016-03-01,2016-08-29,82.71%,No,3,8
LTF,Yes,2016-03-08,2016-09-06,79.26%,No,3,9
LTF,Yes,2016-04-01,2016-09-28,42.32%,No,4,9
LTF,Yes,2016-04-04,2016-10-03,44.16%,No,4,10
LTF,Yes,2016-05-02,2016-11-01,44.28%,No,5,11
LTF,Yes,2016-07-13,2017-01-09,27.22%,No,7,1
LTF,Yes,2016-08-22,2017-02-20,25.61%,No,8,2
LTF,Yes,2016-09-09,2017-03-08,26.86%,No,9,3
LTF,Yes,2016-10-03,2017-04-03,33.08%,No,10,4
LTF,Yes,2016-11-02,2017-05-02,28.52%,No,11,5
LTF,Yes,2016-12-01,2017-05-30,44.85%,No,12,5
LTF,Yes,2016-12-05,2017-06-05,54.65%,No,12,6
LTF,Yes,2017-02-01,2017-07-31,69.90%,No,2,7
LTF,Yes,2017-05-02,2017-10-30,50.67%,No,5,10
LTF,Yes,2017-06-01,2017-11-28,41.03%,No,6,11
LTF,Yes,2017-06-05,2017-12-04,25.09%,No,6,12
LTF,Yes,2022-07-01,2022-12-28,25.18%,No,7,12
LTF,Yes,2023-08-01,2024-01-29,26.40%,No,8,1
LTF,Yes,2023-09-01,2024-02-28,30.57%,No,9,2
LTF,Yes,2023-11-01,2024-04-29,28.02%,No,11,4
LTF,Yes,2025-01-01,2025-06-30,51.94%,No,1,6
LTIM,Yes,2016-11-15,2017-05-15,27.86%,No,11,5
LTIM,Yes,2017-05-15,2017-11-13,30.32%,No,5,11
LTIM,Yes,2017-06-01,2017-11-28,28.91%,No,6,11
LTIM,Yes,2017-06-05,2017-12-04,31.35%,No,6,12
LTIM,Yes,2017-07-03,2018-01-01,48.20%,No,7,1
LTIM,Yes,2017-08-01,2018-01-29,68.80%,No,8,1
LTIM,Yes,2017-08-07,2018-02-05,65.28%,No,8,2
LTIM,Yes,2017-09-01,2018-02-28,91.43%,No,9,2
LTIM,Yes,2017-09-04,2018-03-05,85.06%,No,9,3
LTIM,Yes,2017-10-03,2018-04-02,75.67%,No,10,4
LTIM,Yes,2017-11-01,2018-04-30,92.86%,No,11,4
LTIM,Yes,2017-12-01,2018-05-30,65.34%,No,12,5
LTIM,Yes,2017-12-04,2018-06-04,64.30%,No,12,6
LTIM,Yes,2018-01-01,2018-07-02,44.03%,No,1,7
LTIM,Yes,2018-02-01,2018-07-31,44.01%,No,2,7
LTIM,Yes,2018-02-02,2018-08-01,44.93%,No,2,8
LTIM,Yes,2018-03-01,2018-08-28,32.85%,No,3,8
LTIM,Yes,2018-03-05,2018-09-03,28.08%,No,3,9
LTIM,Yes,2018-04-02,2018-10-01,37.71%,No,4,10
LTIM,Yes,2021-04-01,2021-09-28,41.50%,No,4,9
LTIM,Yes,2021-07-01,2021-12-28,81.85%,No,7,12
LTIM,Yes,2024-05-02,2024-10-29,26.25%,No,5,10
LUPIN,Yes,2018-03-16,2018-09-12,26.70%,No,3,9
LUPIN,Yes,2022-06-03,2022-11-30,26.13%,No,6,11
LUPIN,Yes,2022-06-06,2022-12-05,27.99%,No,6,12
LUPIN,Yes,2023-01-24,2023-07-24,25.10%,No,1,7
LUPIN,Yes,2023-02-01,2023-07-31,34.22%,No,2,7
LUPIN,Yes,2023-02-02,2023-08-01,33.76%,No,2,8
LUPIN,Yes,2023-03-01,2023-08-28,68.25%,No,3,8
LUPIN,Yes,2023-04-03,2023-10-03,80.92%,No,4,10
LUPIN,Yes,2023-05-02,2023-10-30,61.58%,No,5,10
LUPIN,Yes,2023-05-05,2023-11-01,61.52%,No,5,11
LUPIN,Yes,2023-07-03,2024-01-01,47.77%,No,7,1
LUPIN,Yes,2023-08-01,2024-01-29,50.10%,No,8,1
LUPIN,Yes,2023-08-07,2024-02-05,45.51%,No,8,2
LUPIN,Yes,2023-09-01,2024-02-28,47.77%,No,9,2
LUPIN,Yes,2023-09-04,2024-03-04,52.16%,No,9,3
LUPIN,Yes,2023-10-03,2024-04-01,38.29%,No,10,4
LUPIN,Yes,2023-11-01,2024-04-29,44.56%,No,11,4
LUPIN,Yes,2023-11-03,2024-05-02,38.86%,No,11,5
LUPIN,Yes,2023-12-04,2024-06-03,25.66%,No,12,6
LUPIN,Yes,2024-04-01,2024-09-30,35.53%,No,4,9
LUPIN,Yes,2024-07-01,2024-12-30,43.65%,No,7,12
M&M,Yes,2016-01-11,2016-07-11,26.61%,No,1,7
M&M,Yes,2016-02-08,2016-08-08,25.67%,No,2,8
M&M,Yes,2017-10-30,2018-04-30,27.05%,No,10,4
M&M,Yes,2017-11-01,2018-04-30,29.31%,No,11,4
M&M,Yes,2017-11-02,2018-05-02,29.28%,No,11,5
M&M,Yes,2017-12-01,2018-05-30,27.42%,No,12,5
M&M,Yes,2017-12-04,2018-06-04,30.55%,No,12,6
M&M,Yes,2018-03-01,2018-08-28,34.93%,No,3,8
M&M,Yes,2018-03-05,2018-09-03,29.19%,No,3,9
M&M,Yes,2021-05-14,2021-11-10,25.42%,No,5,11
M&M,Yes,2022-01-31,2022-08-01,41.16%,No,1,8
M&M,Yes,2022-04-01,2022-09-28,51.85%,No,4,9
M&M,Yes,2022-04-04,2022-10-03,51.63%,No,4,10
M&M,Yes,2022-05-02,2022-10-31,47.87%,No,5,10
M&M,Yes,2022-06-03,2022-11-30,28.22%,No,6,11
M&M,Yes,2022-06-13,2022-12-12,27.15%,No,6,12
M&M,Yes,2023-09-08,2024-03-06,25.72%,No,9,3
M&M,Yes,2024-02-01,2024-07-30,78.27%,No,2,7
M&MFIN,Yes,2015-11-30,2016-05-30,39.85%,No,11,5
M&MFIN,Yes,2015-12-01,2016-05-30,40.00%,No,12,5
M&MFIN,Yes,2015-12-04,2016-06-01,34.46%,No,12,6
M&MFIN,Yes,2016-01-01,2016-06-29,30.51%,No,1,6
M&MFIN,Yes,2016-01-04,2016-07-04,44.66%,No,1,7
M&MFIN,Yes,2016-02-01,2016-08-01,67.40%,No,2,8
M&MFIN,Yes,2016-03-01,2016-08-29,63.62%,No,3,8
M&MFIN,Yes,2016-03-08,2016-09-06,58.09%,No,3,9
M&MFIN,Yes,2016-04-01,2016-09-28,48.38%,No,4,9
M&MFIN,Yes,2016-04-04,2016-10-03,60.65%,No,4,10
M&MFIN,Yes,2017-02-01,2017-07-31,41.01%,No,2,7
M&MFIN,Yes,2017-05-02,2017-10-30,28.32%,No,5,10
M&MFIN,Yes,2017-05-05,2017-11-01,33.24%,No,5,11
M&MFIN,Yes,2017-06-09,2017-12-06,25.06%,No,6,12
M&MFIN,Yes,2017-07-03,2018-01-01,35.36%,No,7,1
M&MFIN,Yes,2017-10-25,2018-04-23,25.51%,No,10,4
M&MFIN,Yes,2022-07-01,2022-12-28,31.95%,No,7,12
M&MFIN,Yes,2022-08-08,2023-02-06,33.53%,No,8,2
M&MFIN,Yes,2022-10-31,2023-05-02,31.83%,No,10,5
MANKIND,Yes,2023-05-10,2023-11-06,27.43%,No,5,11
MANKIND,Yes,2023-06-01,2023-11-28,35.90%,No,6,11
MANKIND,Yes,2023-06-05,2023-12-04,35.11%,No,6,12
MANKIND,Yes,2023-09-20,2024-03-18,25.53%,No,9,3
MANKIND,Yes,2023-10-03,2024-04-01,28.55%,No,10,4
MANKIND,Yes,2023-11-01,2024-04-29,36.33%,No,11,4
MANKIND,Yes,2023-11-03,2024-05-02,31.47%,No,11,5
MANKIND,Yes,2024-07-01,2024-12-30,32.23%,No,7,12
MANKIND,Yes,2024-07-05,2025-01-01,34.76%,No,7,1
MANKIND,Yes,2024-08-06,2025-02-03,27.11%,No,8,2
MARICO,Yes,2016-01-15,2016-07-13,25.10%,No,1,7
MARICO,Yes,2016-02-01,2016-08-01,28.18%,No,2,8
MARICO,Yes,2016-03-08,2016-09-06,25.84%,No,3,9
MARICO,Yes,2016-11-11,2017-05-10,29.46%,No,11,5
MARICO,Yes,2016-12-05,2017-06-05,28.03%,No,12,6
MARICO,Yes,2017-02-01,2017-07-31,30.43%,No,2,7
MARICO,Yes,2021-01-01,2021-06-30,32.19%,No,1,6
MARICO,Yes,2021-03-01,2021-08-30,32.16%,No,3,8
MARICO,Yes,2021-04-01,2021-09-28,35.29%,No,4,9
MARICO,Yes,2021-04-05,2021-10-04,37.67%,No,4,10
MARICO,Yes,2021-05-03,2021-11-01,29.11%,No,5,11
MARICO,Yes,2024-05-03,2024-10-30,25.97%,No,5,10
MARUTI,Yes,2016-02-02,2016-08-01,25.58%,No,2,8
MARUTI,Yes,2016-03-01,2016-08-29,41.01%,No,3,8
MARUTI,Yes,2016-03-08,2016-09-06,54.70%,No,3,9
MARUTI,Yes,2016-04-01,2016-09-28,49.34%,No,4,9
MARUTI,Yes,2016-04-04,2016-10-03,55.31%,No,4,10
MARUTI,Yes,2016-05-02,2016-11-01,54.51%,No,5,11
MARUTI,Yes,2016-06-03,2016-11-30,25.72%,No,6,11
MARUTI,Yes,2016-06-06,2016-12-05,26.49%,No,6,12
MARUTI,Yes,2016-07-01,2016-12-28,26.46%,No,7,12
MARUTI,Yes,2016-07-04,2017-01-02,31.87%,No,7,1
MARUTI,Yes,2016-08-05,2017-02-01,25.91%,No,8,2
MARUTI,Yes,2016-11-11,2017-05-10,31.23%,No,11,5
MARUTI,Yes,2016-12-01,2017-05-30,36.09%,No,12,5
MARUTI,Yes,2016-12-05,2017-06-05,36.95%,No,12,6
MARUTI,Yes,2017-01-02,2017-07-03,34.54%,No,1,7
MARUTI,Yes,2017-02-01,2017-07-31,25.42%,No,2,7
MARUTI,Yes,2022-05-02,2022-10-31,25.61%,No,5,10
MARUTI,Yes,2023-10-09,2024-04-08,25.58%,No,10,4
MAXHEALTH,Yes,2021-01-01,2021-06-30,78.60%,No,1,6
MAXHEALTH,Yes,2021-01-04,2021-07-05,99.33%,No,1,7
MAXHEALTH,Yes,2021-02-01,2021-08-02,76.05%,No,2,8
MAXHEALTH,Yes,2021-03-01,2021-08-30,95.40%,No,3,8
MAXHEALTH,Yes,2021-03-05,2021-09-01,89.06%,No,3,9
MAXHEALTH,Yes,2021-04-01,2021-09-28,69.43%,No,4,9
MAXHEALTH,Yes,2021-04-05,2021-10-04,54.38%,No,4,10
MAXHEALTH,Yes,2021-05-03,2021-11-01,48.53%,No,5,11
MAXHEALTH,Yes,2021-06-01,2021-11-29,62.04%,No,6,11
MAXHEALTH,Yes,2021-06-04,2021-12-01,52.92%,No,6,12
MAXHEALTH,Yes,2021-07-01,2021-12-28,57.34%,No,7,12
MAXHEALTH,Yes,2021-07-05,2022-01-03,53.81%,No,7,1
MAXHEALTH,Yes,2021-08-03,2022-01-31,28.55%,No,8,1
MAXHEALTH,Yes,2021-08-05,2022-02-01,30.75%,No,8,2
MAXHEALTH,Yes,2022-11-21,2023-05-22,27.65%,No,11,5
MAXHEALTH,Yes,2022-12-09,2023-06-07,29.39%,No,12,6
MAXHEALTH,Yes,2023-02-01,2023-07-31,34.84%,No,2,7
MAXHEALTH,Yes,2023-09-01,2024-02-28,48.35%,No,9,2
MAXHEALTH,Yes,2023-09-04,2024-03-04,30.26%,No,9,3
MAXHEALTH,Yes,2023-10-03,2024-04-01,38.00%,No,10,4
MAXHEALTH,Yes,2023-11-01,2024-04-29,45.39%,No,11,4
MAZDOCK,Yes,2021-01-22,2021-07-22,32.30%,No,1,7
MAZDOCK,Yes,2021-04-12,2021-10-11,30.96%,No,4,10
MAZDOCK,Yes,2021-05-03,2021-11-01,28.68%,No,5,11
MAZDOCK,Yes,2021-10-14,2022-04-12,25.89%,No,10,4
MAZDOCK,Yes,2022-02-14,2022-08-16,25.35%,No,2,8
MAZDOCK,Yes,2022-03-02,2022-08-29,59.62%,No,3,8
MAZDOCK,Yes,2022-03-04,2022-09-01,66.56%,No,3,9
MAZDOCK,Yes,2022-04-01,2022-09-28,71.16%,No,4,9
MAZDOCK,Yes,2022-05-02,2022-10-31,117.71%,No,5,10
MAZDOCK,Yes,2022-06-01,2022-11-28,215.44%,No,6,11
MAZDOCK,Yes,2022-06-06,2022-12-05,233.49%,No,6,12
MAZDOCK,Yes,2022-07-01,2022-12-28,227.10%,No,7,12
MAZDOCK,Yes,2022-07-04,2023-01-02,213.37%,No,7,1
MAZDOCK,Yes,2022-08-01,2023-01-30,174.59%,No,8,1
MAZDOCK,Yes,2022-08-05,2023-02-01,172.41%,No,8,2
MAZDOCK,Yes,2022-09-01,2023-02-28,81.47%,No,9,2
MAZDOCK,Yes,2022-09-02,2023-03-01,88.83%,No,9,3
MAZDOCK,Yes,2022-12-19,2023-06-19,44.74%,No,12,6
MAZDOCK,Yes,2023-02-01,2023-07-31,154.68%,No,2,7
MAZDOCK,Yes,2023-11-20,2024-05-21,47.14%,No,11,5
MAZDOCK,Yes,2023-12-01,2024-05-29,66.75%,No,12,5
MAZDOCK,Yes,2024-11-01,2025-04-30,49.03%,No,11,4
MAZDOCK,Yes,2025-01-01,2025-06-30,44.75%,No,1,6
MFSL,Yes,2016-01-27,2016-07-25,67.77%,No,1,7
MFSL,Yes,2016-02-01,2016-08-01,49.89%,No,2,8
MFSL,Yes,2016-03-01,2016-08-29,68.11%,No,3,8
MFSL,Yes,2016-03-08,2016-09-06,89.56%,No,3,9
MFSL,Yes,2016-04-01,2016-09-28,60.45%,No,4,9
MFSL,Yes,2016-04-04,2016-10-03,65.86%,No,4,10
MFSL,Yes,2016-05-02,2016-11-01,50.21%,No,5,11
MFSL,Yes,2016-06-01,2016-11-28,48.82%,No,6,11
MFSL,Yes,2016-06-06,2016-12-05,36.94%,No,6,12
MFSL,Yes,2016-11-15,2017-05-15,37.29%,No,11,5
MFSL,Yes,2019-07-01,2019-12-30,33.55%,No,7,12
MFSL,Yes,2021-01-01,2021-06-30,53.47%,No,1,6
MFSL,Yes,2023-05-02,2023-10-30,42.27%,No,5,10
MFSL,Yes,2024-02-02,2024-07-31,25.29%,No,2,7
MFSL,Yes,2024-12-02,2025-06-02,36.57%,No,12,6
MOTHERSON,Yes,2016-01-25,2016-07-25,25.29%,No,1,7
MOTHERSON,Yes,2016-02-01,2016-08-01,28.71%,No,2,8
MOTHERSON,Yes,2016-03-01,2016-08-29,41.74%,No,3,8
MOTHERSON,Yes,2016-03-08,2016-09-06,33.50%,No,3,9
MOTHERSON,Yes,2016-04-04,2016-10-03,26.28%,No,4,10
MOTHERSON,Yes,2016-05-02,2016-11-01,26.27%,No,5,11
MOTHERSON,Yes,2016-11-03,2017-05-02,28.02%,No,11,5
MOTHERSON,Yes,2016-12-01,2017-05-30,43.70%,No,12,5
MOTHERSON,Yes,2016-12-05,2017-06-05,45.18%,No,12,6
MOTHERSON,Yes,2017-02-01,2017-07-31,44.83%,No,2,7
MOTHERSON,Yes,2017-05-02,2017-10-30,37.52%,No,5,10
MOTHERSON,Yes,2017-06-22,2017-12-19,26.34%,No,6,12
MOTHERSON,Yes,2017-07-04,2018-01-01,25.31%,No,7,1
MOTHERSON,Yes,2021-01-01,2021-06-30,47.53%,No,1,6
MOTHERSON,Yes,2021-08-02,2022-01-31,25.93%,No,8,1
MOTHERSON,Yes,2021-08-05,2022-02-01,25.70%,No,8,2
MOTHERSON,Yes,2023-09-07,2024-03-05,26.33%,No,9,3
MOTHERSON,Yes,2023-10-03,2024-04-01,25.48%,No,10,4
MOTHERSON,Yes,2023-11-01,2024-04-29,42.33%,No,11,4
MOTHERSON,Yes,2024-04-01,2024-09-30,76.72%,No,4,9
MOTILALOFS,Yes,2016-01-18,2016-07-18,45.74%,No,1,7
MOTILALOFS,Yes,2016-02-01,2016-08-01,69.30%,No,2,8
MOTILALOFS,Yes,2016-03-01,2016-08-29,79.97%,No,3,8
MOTILALOFS,Yes,2016-03-08,2016-09-06,80.62%,No,3,9
MOTILALOFS,Yes,2016-04-01,2016-09-28,77.54%,No,4,9
MOTILALOFS,Yes,2016-04-04,2016-10-03,81.27%,No,4,10
MOTILALOFS,Yes,2016-05-02,2016-11-01,95.63%,No,5,11
MOTILALOFS,Yes,2016-06-01,2016-11-28,44.74%,No,6,11
MOTILALOFS,Yes,2016-06-06,2016-12-05,53.75%,No,6,12
MOTILALOFS,Yes,2016-07-01,2016-12-28,37.49%,No,7,12
MOTILALOFS,Yes,2016-07-04,2017-01-02,39.77%,No,7,1
MOTILALOFS,Yes,2016-08-16,2017-02-13,26.45%,No,8,2
MOTILALOFS,Yes,2016-09-01,2017-02-28,33.13%,No,9,2
MOTILALOFS,Yes,2016-09-02,2017-03-01,35.96%,No,9,3
MOTILALOFS,Yes,2016-10-03,2017-04-03,50.54%,No,10,4
MOTILALOFS,Yes,2016-11-01,2017-05-02,46.14%,No,11,5
MOTILALOFS,Yes,2016-12-01,2017-05-30,85.02%,No,12,5
MOTILALOFS,Yes,2016-12-05,2017-06-05,115.92%,No,12,6
MOTILALOFS,Yes,2017-02-01,2017-07-31,86.82%,No,2,7
MOTILALOFS,Yes,2017-05-02,2017-10-30,64.85%,No,5,10
MOTILALOFS,Yes,2021-01-01,2021-06-30,26.58%,No,1,6
MPHASIS,Yes,2016-01-13,2016-07-11,27.68%,No,1,7
MPHASIS,Yes,2016-02-08,2016-08-08,26.07%,No,2,8
MPHASIS,Yes,2016-03-01,2016-08-29,25.22%,No,3,8
MPHASIS,Yes,2016-03-08,2016-09-06,26.20%,No,3,9
MPHASIS,Yes,2017-04-24,2017-10-23,31.50%,No,4,10
MPHASIS,Yes,2017-05-02,2017-10-30,28.89%,No,5,10
MPHASIS,Yes,2017-05-05,2017-11-01,26.42%,No,5,11
MPHASIS,Yes,2017-06-22,2017-12-19,26.18%,No,6,12
MPHASIS,Yes,2017-07-03,2018-01-01,28.47%,No,7,1
MPHASIS,Yes,2017-08-01,2018-01-29,48.42%,No,8,1
MPHASIS,Yes,2017-08-07,2018-02-05,42.91%,No,8,2
MPHASIS,Yes,2017-09-01,2018-02-28,42.09%,No,9,2
MPHASIS,Yes,2017-09-04,2018-03-05,41.60%,No,9,3
MPHASIS,Yes,2017-10-03,2018-04-02,36.68%,No,10,4
MPHASIS,Yes,2017-11-01,2018-04-30,50.29%,No,11,4
MPHASIS,Yes,2017-11-02,2018-05-02,44.13%,No,11,5
MPHASIS,Yes,2017-12-01,2018-05-30,47.06%,No,12,5
MPHASIS,Yes,2017-12-04,2018-06-04,39.96%,No,12,6
MPHASIS,Yes,2018-02-01,2018-07-31,33.20%,No,2,7
MPHASIS,Yes,2021-01-01,2021-06-30,39.50%,No,1,6
MPHASIS,Yes,2021-04-01,2021-09-28,84.50%,No,4,9
MPHASIS,Yes,2021-06-01,2021-11-29,56.66%,No,6,11
MPHASIS,Yes,2021-07-01,2021-12-28,56.73%,No,7,12
MRF,Yes,2016-03-28,2016-09-26,26.78%,No,3,9
MRF,Yes,2016-04-01,2016-09-28,33.92%,No,4,9
MRF,Yes,2016-04-04,2016-10-03,41.24%,No,4,10
MRF,Yes,2016-05-02,2016-11-01,46.94%,No,5,11
MRF,Yes,2016-06-01,2016-11-28,43.09%,No,6,11
MRF,Yes,2016-06-06,2016-12-05,52.16%,No,6,12
MRF,Yes,2016-07-01,2016-12-28,44.47%,No,7,12
MRF,Yes,2016-07-04,2017-01-02,40.05%,No,7,1
MRF,Yes,2016-08-01,2017-01-30,54.08%,No,8,1
MRF,Yes,2016-08-05,2017-02-01,41.87%,No,8,2
MRF,Yes,2016-09-01,2017-02-28,39.24%,No,9,2
MRF,Yes,2016-09-02,2017-03-01,35.96%,No,9,3
MRF,Yes,2016-10-20,2017-04-18,25.79%,No,10,4
MRF,Yes,2016-11-01,2017-05-02,36.50%,No,11,5
MRF,Yes,2016-12-01,2017-05-30,33.79%,No,12,5
MRF,Yes,2016-12-05,2017-06-05,35.41%,No,12,6
MRF,Yes,2017-01-02,2017-07-03,44.37%,No,1,7
MRF,Yes,2017-02-01,2017-07-31,31.70%,No,2,7
MRF,Yes,2017-02-02,2017-08-01,34.62%,No,2,8
MRF,Yes,2022-03-02,2022-08-29,27.70%,No,3,8
MRF,Yes,2022-05-02,2022-10-31,25.25%,No,5,10
MUTHOOTFIN,Yes,2015-11-30,2016-05-30,30.79%,No,11,5
MUTHOOTFIN,Yes,2015-12-01,2016-05-30,27.20%,No,12,5
MUTHOOTFIN,Yes,2015-12-04,2016-06-01,26.36%,No,12,6
MUTHOOTFIN,Yes,2016-01-01,2016-06-29,62.83%,No,1,6
MUTHOOTFIN,Yes,2016-01-04,2016-07-04,63.22%,No,1,7
MUTHOOTFIN,Yes,2016-02-01,2016-08-01,81.55%,No,2,8
MUTHOOTFIN,Yes,2016-03-01,2016-08-29,96.28%,No,3,8
MUTHOOTFIN,Yes,2016-03-08,2016-09-06,105.42%,No,3,9
MUTHOOTFIN,Yes,2016-04-01,2016-09-28,102.11%,No,4,9
MUTHOOTFIN,Yes,2016-04-04,2016-10-03,95.16%,No,4,10
MUTHOOTFIN,Yes,2016-05-02,2016-11-01,81.10%,No,5,11
MUTHOOTFIN,Yes,2016-06-02,2016-11-29,27.48%,No,6,11
MUTHOOTFIN,Yes,2017-02-01,2017-07-31,48.84%,No,2,7
MUTHOOTFIN,Yes,2017-05-02,2017-10-30,26.19%,No,5,10
MUTHOOTFIN,Yes,2018-06-21,2018-12-18,27.38%,No,6,12
MUTHOOTFIN,Yes,2018-07-02,2018-12-31,33.66%,No,7,12
MUTHOOTFIN,Yes,2018-07-05,2019-01-01,25.23%,No,7,1
MUTHOOTFIN,Yes,2018-08-01,2019-01-28,27.04%,No,8,1
MUTHOOTFIN,Yes,2018-08-17,2019-02-14,30.00%,No,8,2
MUTHOOTFIN,Yes,2018-09-03,2019-03-05,40.87%,No,9,3
MUTHOOTFIN,Yes,2018-10-01,2019-04-01,44.17%,No,10,4
MUTHOOTFIN,Yes,2018-11-01,2019-04-30,42.52%,No,11,4
NATIONALUM,Yes,2016-01-14,2016-07-12,40.92%,No,1,7
NATIONALUM,Yes,2016-02-01,2016-08-01,45.49%,No,2,8
NATIONALUM,Yes,2016-03-01,2016-08-29,46.49%,No,3,8
NATIONALUM,Yes,2016-03-08,2016-09-06,27.29%,No,3,9
NATIONALUM,Yes,2016-04-08,2016-10-05,26.03%,No,4,10
NATIONALUM,Yes,2016-05-04,2016-11-01,28.62%,No,5,11
NATIONALUM,Yes,2016-06-01,2016-11-28,39.22%,No,6,11
NATIONALUM,Yes,2016-06-06,2016-12-05,37.17%,No,6,12
NATIONALUM,Yes,2016-07-01,2016-12-28,43.69%,No,7,12
NATIONALUM,Yes,2016-07-04,2017-01-02,58.78%,No,7,1
NATIONALUM,Yes,2016-08-01,2017-01-30,61.51%,No,8,1
NATIONALUM,Yes,2016-08-05,2017-02-01,59.09%,No,8,2
NATIONALUM,Yes,2016-09-01,2017-02-28,50.58%,No,9,2
NATIONALUM,Yes,2016-09-02,2017-03-01,55.09%,No,9,3
NATIONALUM,Yes,2016-10-03,2017-04-03,68.15%,No,10,4
NATIONALUM,Yes,2016-11-01,2017-05-02,28.84%,No,11,5
NATIONALUM,Yes,2016-12-02,2017-05-31,29.42%,No,12,5
NATIONALUM,Yes,2017-05-02,2017-10-30,34.19%,No,5,10
NATIONALUM,Yes,2021-01-01,2021-06-30,83.23%,No,1,6
NATIONALUM,Yes,2021-04-01,2021-09-28,53.18%,No,4,9
NATIONALUM,Yes,2021-10-01,2022-03-30,28.00%,No,10,3
NATIONALUM,Yes,2023-11-01,2024-04-29,110.27%,No,11,4
NATIONALUM,Yes,2023-12-04,2024-06-03,104.91%,No,12,6
NATIONALUM,Yes,2024-02-01,2024-07-30,31.79%,No,2,7
NAUKRI,Yes,2016-05-02,2016-11-01,29.47%,No,5,11
NAUKRI,Yes,2016-12-09,2017-06-07,27.11%,No,12,6
NAUKRI,Yes,2017-02-09,2017-08-08,25.52%,No,2,8
NAUKRI,Yes,2017-03-20,2017-09-18,38.15%,No,3,9
NAUKRI,Yes,2017-04-03,2017-10-03,31.73%,No,4,10
NAUKRI,Yes,2017-05-02,2017-10-30,34.55%,No,5,10
NAUKRI,Yes,2017-06-01,2017-11-28,39.90%,No,6,11
NAUKRI,Yes,2017-06-05,2017-12-04,35.20%,No,6,12
NAUKRI,Yes,2017-07-03,2018-01-01,33.84%,No,7,1
NAUKRI,Yes,2017-08-01,2018-01-29,41.38%,No,8,1
NAUKRI,Yes,2017-08-14,2018-02-12,28.96%,No,8,2
NAUKRI,Yes,2017-09-01,2018-02-28,35.26%,No,9,2
NAUKRI,Yes,2017-09-04,2018-03-05,33.48%,No,9,3
NAUKRI,Yes,2018-10-01,2019-04-01,29.28%,No,10,4
NAUKRI,Yes,2018-11-01,2019-04-30,29.98%,No,11,4
NAUKRI,Yes,2018-11-02,2019-05-02,33.21%,No,11,5
NAUKRI,Yes,2018-12-31,2019-07-01,55.90%,No,12,7
NAUKRI,Yes,2019-01-01,2019-07-01,56.08%,No,1,7
NAUKRI,Yes,2019-02-01,2019-07-31,29.85%,No,2,7
NAUKRI,Yes,2021-04-01,2021-09-28,58.72%,No,4,9
NAUKRI,Yes,2023-12-01,2024-05-29,29.48%,No,12,5
NAUKRI,Yes,2024-03-01,2024-08-28,44.49%,No,3,8
NAUKRI,Yes,2024-07-01,2024-12-30,26.00%,No,7,12
NESTLEIND,Yes,2016-01-25,2016-07-25,31.13%,No,1,7
NESTLEIND,Yes,2016-02-01,2016-08-01,28.21%,No,2,8
NESTLEIND,Yes,2016-03-01,2016-08-29,34.53%,No,3,8
NESTLEIND,Yes,2016-03-09,2016-09-06,26.86%,No,3,9
NESTLEIND,Yes,2017-10-19,2018-04-17,25.43%,No,10,4
NESTLEIND,Yes,2017-11-01,2018-04-30,28.95%,No,11,4
NESTLEIND,Yes,2017-11-02,2018-05-02,26.78%,No,11,5
NESTLEIND,Yes,2017-12-04,2018-06-04,28.52%,No,12,6
NESTLEIND,Yes,2018-02-01,2018-07-31,44.69%,No,2,7
NESTLEIND,Yes,2019-04-01,2019-09-30,30.05%,No,4,9
NESTLEIND,Yes,2019-04-04,2019-10-01,27.56%,No,4,10
NESTLEIND,Yes,2019-05-02,2019-10-29,41.54%,No,5,10
NESTLEIND,Yes,2019-05-06,2019-11-04,45.42%,No,5,11
NESTLEIND,Yes,2019-06-03,2019-12-02,26.74%,No,6,12
NESTLEIND,Yes,2019-07-01,2019-12-30,27.81%,No,7,12
NHPC,Yes,2015-12-04,2016-06-01,29.93%,No,12,6
NHPC,Yes,2016-01-04,2016-07-04,25.53%,No,1,7
NHPC,Yes,2016-02-01,2016-08-01,26.17%,No,2,8
NHPC,Yes,2016-03-01,2016-08-29,33.25%,No,3,8
NHPC,Yes,2016-03-08,2016-09-06,32.54%,No,3,9
NHPC,Yes,2016-04-28,2016-10-25,25.43%,No,4,10
NHPC,Yes,2016-05-02,2016-11-01,28.89%,No,5,11
NHPC,Yes,2016-08-01,2017-01-30,25.86%,No,8,1
NHPC,Yes,2016-08-05,2017-02-01,27.05%,No,8,2
NHPC,Yes,2016-09-12,2017-03-14,26.52%,No,9,3
NHPC,Yes,2016-10-03,2017-04-03,33.34%,No,10,4
NHPC,Yes,2016-11-01,2017-05-02,27.22%,No,11,5
NHPC,Yes,2021-06-07,2021-12-06,28.36%,No,6,12
NHPC,Yes,2022-04-01,2022-09-28,33.14%,No,4,9
NHPC,Yes,2022-05-02,2022-10-31,29.19%,No,5,10
NHPC,Yes,2022-06-01,2022-11-28,30.15%,No,6,11
NHPC,Yes,2022-07-01,2022-12-28,30.38%,No,7,12
NHPC,Yes,2022-07-04,2023-01-02,28.45%,No,7,1
NHPC,Yes,2023-02-01,2023-07-31,25.76%,No,2,7
NHPC,Yes,2023-09-01,2024-02-28,77.91%,No,9,2
NHPC,Yes,2023-11-01,2024-04-29,91.58%,No,11,4
NHPC,Yes,2023-12-01,2024-05-29,82.91%,No,12,5
NMDC,Yes,2016-01-07,2016-07-05,27.09%,No,1,7
NMDC,Yes,2016-02-01,2016-08-01,49.74%,No,2,8
NMDC,Yes,2016-03-01,2016-08-29,33.77%,No,3,8
NMDC,Yes,2016-03-11,2016-09-07,25.48%,No,3,9
NMDC,Yes,2016-04-28,2016-10-25,28.91%,No,4,10
NMDC,Yes,2016-05-02,2016-11-01,41.82%,No,5,11
NMDC,Yes,2016-06-01,2016-11-28,41.69%,No,6,11
NMDC,Yes,2016-06-06,2016-12-05,35.98%,No,6,12
NMDC,Yes,2016-07-01,2016-12-28,28.56%,No,7,12
NMDC,Yes,2016-07-04,2017-01-02,35.59%,No,7,1
NMDC,Yes,2016-08-01,2017-01-30,42.42%,No,8,1
NMDC,Yes,2016-08-05,2017-02-01,45.51%,No,8,2
NMDC,Yes,2016-09-01,2017-02-28,41.15%,No,9,2
NMDC,Yes,2016-09-02,2017-03-01,39.64%,No,9,3
NMDC,Yes,2016-10-03,2017-04-03,28.37%,No,10,4
NMDC,Yes,2018-12-27,2019-06-25,28.31%,No,12,6
NMDC,Yes,2018-12-31,2019-07-01,26.64%,No,12,7
NMDC,Yes,2021-01-01,2021-06-30,71.19%,No,1,6
NMDC,Yes,2021-10-01,2022-03-30,26.57%,No,10,3
NMDC,Yes,2021-11-01,2022-05-02,25.74%,No,11,5
NMDC,Yes,2023-05-02,2023-10-30,45.27%,No,5,10
NMDC,Yes,2023-11-01,2024-04-29,70.06%,No,11,4
NMDC,Yes,2023-12-01,2024-05-29,45.36%,No,12,5
NTPC,Yes,2016-02-03,2016-08-01,25.50%,No,2,8
NTPC,Yes,2016-03-01,2016-08-29,29.87%,No,3,8
NTPC,Yes,2016-03-08,2016-09-06,28.22%,No,3,9
NTPC,Yes,2021-01-05,2021-07-05,25.28%,No,1,7
NTPC,Yes,2021-04-01,2021-09-28,25.71%,No,4,9
NTPC,Yes,2021-04-05,2021-10-04,40.75%,No,4,10
NTPC,Yes,2021-05-03,2021-11-01,32.43%,No,5,11
NTPC,Yes,2021-08-10,2022-02-07,25.04%,No,8,2
NTPC,Yes,2021-12-03,2022-06-01,27.07%,No,12,6
NTPC,Yes,2022-06-20,2022-12-19,27.57%,No,6,12
NTPC,Yes,2023-02-01,2023-07-31,31.80%,No,2,7
NTPC,Yes,2023-05-02,2023-10-30,35.47%,No,5,10
NTPC,Yes,2023-06-01,2023-11-28,51.19%,No,6,11
NTPC,Yes,2023-07-03,2024-01-01,65.81%,No,7,1
NTPC,Yes,2023-08-01,2024-01-29,47.58%,No,8,1
NTPC,Yes,2023-09-01,2024-02-28,47.29%,No,9,2
NTPC,Yes,2023-09-04,2024-03-04,52.99%,No,9,3
NTPC,Yes,2023-10-03,2024-04-01,44.71%,No,10,4
NTPC,Yes,2023-11-01,2024-04-29,59.11%,No,11,4
NTPC,Yes,2023-11-03,2024-05-02,59.02%,No,11,5
NTPC,Yes,2023-12-01,2024-05-29,36.89%,No,12,5
NYKAA,Yes,2023-05-22,2023-11-20,36.03%,No,5,11
NYKAA,Yes,2023-06-01,2023-11-28,34.21%,No,6,11
NYKAA,Yes,2023-06-05,2023-12-04,26.13%,No,6,12
NYKAA,Yes,2023-07-10,2024-01-08,26.86%,No,7,1
NYKAA,Yes,2023-10-27,2024-04-24,25.86%,No,10,4
NYKAA,Yes,2023-11-01,2024-04-29,26.55%,No,11,4
NYKAA,Yes,2023-11-03,2024-05-02,25.94%,No,11,5
NYKAA,Yes,2024-02-09,2024-08-07,28.05%,No,2,8
NYKAA,Yes,2024-03-01,2024-08-28,38.09%,No,3,8
NYKAA,Yes,2024-03-04,2024-09-02,31.92%,No,3,9
NYKAA,Yes,2024-12-23,2025-06-23,27.17%,No,12,6
NYKAA,Yes,2025-01-01,2025-06-30,26.54%,No,1,6
NYKAA,Yes,2025-01-02,2025-07-01,25.24%,No,1,7
NYKAA,Yes,2025-04-01,2025-09-29,28.65%,No,4,9
NYKAA,Yes,2025-04-04,2025-10-01,36.47%,No,4,10
NYKAA,Yes,2025-05-02,2025-10-29,32.58%,No,5,10
OBEROIRLTY,Yes,2016-01-20,2016-07-18,27.82%,No,1,7
OBEROIRLTY,Yes,2016-02-08,2016-08-08,29.78%,No,2,8
OBEROIRLTY,Yes,2016-03-01,2016-08-29,34.27%,No,3,8
OBEROIRLTY,Yes,2016-03-08,2016-09-06,26.63%,No,3,9
OBEROIRLTY,Yes,2016-04-07,2016-10-04,28.97%,No,4,10
OBEROIRLTY,Yes,2016-05-02,2016-11-01,30.50%,No,5,11
OBEROIRLTY,Yes,2016-09-20,2017-03-20,26.76%,No,9,3
OBEROIRLTY,Yes,2016-10-03,2017-04-03,26.30%,No,10,4
OBEROIRLTY,Yes,2016-11-09,2017-05-08,31.53%,No,11,5
OBEROIRLTY,Yes,2016-12-01,2017-05-30,29.35%,No,12,5
OBEROIRLTY,Yes,2016-12-05,2017-06-05,36.54%,No,12,6
OBEROIRLTY,Yes,2017-06-01,2017-11-28,30.61%,No,6,11
OBEROIRLTY,Yes,2017-06-19,2017-12-18,25.14%,No,6,12
OBEROIRLTY,Yes,2017-07-03,2018-01-01,31.12%,No,7,1
OBEROIRLTY,Yes,2017-08-01,2018-01-29,37.67%,No,8,1
OBEROIRLTY,Yes,2017-08-08,2018-02-05,25.24%,No,8,2
OBEROIRLTY,Yes,2017-09-01,2018-02-28,33.76%,No,9,2
OBEROIRLTY,Yes,2018-12-31,2019-07-01,40.25%,No,12,7
OBEROIRLTY,Yes,2021-04-01,2021-09-28,53.17%,No,4,9
OBEROIRLTY,Yes,2021-07-01,2021-12-28,36.08%,No,7,12
OBEROIRLTY,Yes,2023-02-01,2023-07-31,36.25%,No,2,7
OBEROIRLTY,Yes,2023-11-01,2024-04-29,27.42%,No,11,4
OBEROIRLTY,Yes,2024-05-02,2024-10-29,30.21%,No,5,10
OFSS,Yes,2016-11-09,2017-05-08,25.69%,No,11,5
OFSS,Yes,2016-12-05,2017-06-05,27.15%,No,12,6
OFSS,Yes,2021-01-15,2021-07-14,29.84%,No,1,7
OFSS,Yes,2021-02-01,2021-08-02,39.45%,No,2,8
OFSS,Yes,2021-03-01,2021-08-30,58.07%,No,3,8
OFSS,Yes,2021-03-05,2021-09-01,53.55%,No,3,9
OFSS,Yes,2021-04-01,2021-09-28,50.83%,No,4,9
OFSS,Yes,2021-04-05,2021-10-04,52.90%,No,4,10
OFSS,Yes,2021-05-03,2021-11-01,33.96%,No,5,11
OFSS,Yes,2023-02-01,2023-07-31,36.73%,No,2,7
OFSS,Yes,2023-07-17,2024-01-15,28.33%,No,7,1
OFSS,Yes,2023-08-01,2024-01-29,71.36%,No,8,1
OFSS,Yes,2023-08-07,2024-02-05,67.40%,No,8,2
OFSS,Yes,2023-09-01,2024-02-28,84.93%,No,9,2
OFSS,Yes,2023-09-04,2024-03-04,87.94%,No,9,3
OFSS,Yes,2023-10-03,2024-04-01,118.97%,No,10,4
OFSS,Yes,2023-11-01,2024-04-29,90.28%,No,11,4
OFSS,Yes,2023-12-01,2024-05-29,92.68%,No,12,5
OFSS,Yes,2024-05-02,2024-10-29,46.08%,No,5,10
OFSS,Yes,2024-06-03,2024-12-02,62.18%,No,6,12
OFSS,Yes,2024-07-01,2024-12-30,26.99%,No,7,12
OIL,Yes,2016-03-01,2016-08-29,27.47%,No,3,8
OIL,Yes,2016-03-09,2016-09-06,25.12%,No,3,9
OIL,Yes,2016-04-01,2016-09-28,29.84%,No,4,9
OIL,Yes,2016-04-04,2016-10-03,34.52%,No,4,10
OIL,Yes,2016-05-02,2016-11-01,27.23%,No,5,11
OIL,Yes,2016-06-06,2016-12-05,27.67%,No,6,12
OIL,Yes,2016-07-07,2017-01-03,27.02%,No,7,1
OIL,Yes,2016-08-08,2017-02-06,26.54%,No,8,2
OIL,Yes,2017-06-01,2017-11-28,25.00%,No,6,11
OIL,Yes,2017-08-01,2018-01-29,29.97%,No,8,1
OIL,Yes,2017-09-01,2018-02-28,25.11%,No,9,2
OIL,Yes,2021-01-01,2021-06-30,48.81%,No,1,6
OIL,Yes,2021-01-04,2021-07-05,57.76%,No,1,7
OIL,Yes,2021-02-01,2021-08-02,51.91%,No,2,8
OIL,Yes,2021-09-02,2022-03-02,43.57%,No,9,3
OIL,Yes,2021-12-06,2022-06-06,33.27%,No,12,6
OIL,Yes,2022-10-03,2023-04-03,53.24%,No,10,4
OIL,Yes,2022-10-31,2023-05-02,42.27%,No,10,5
OIL,Yes,2022-11-01,2023-05-02,42.61%,No,11,5
OIL,Yes,2022-12-01,2023-05-30,28.89%,No,12,5
OIL,Yes,2023-02-01,2023-07-31,27.65%,No,2,7
OIL,Yes,2023-11-01,2024-04-29,111.45%,No,11,4
ONGC,Yes,2016-04-04,2016-10-03,27.25%,No,4,10
ONGC,Yes,2016-05-02,2016-11-01,34.60%,No,5,11
ONGC,Yes,2016-06-01,2016-11-28,38.91%,No,6,11
ONGC,Yes,2016-06-06,2016-12-05,44.39%,No,6,12
ONGC,Yes,2016-07-01,2016-12-28,30.44%,No,7,12
ONGC,Yes,2016-07-04,2017-01-02,28.04%,No,7,1
ONGC,Yes,2016-08-01,2017-01-30,42.58%,No,8,1
ONGC,Yes,2016-08-05,2017-02-01,36.94%,No,8,2
ONGC,Yes,2016-09-01,2017-02-28,26.16%,No,9,2
ONGC,Yes,2016-09-02,2017-03-01,25.22%,No,9,3
ONGC,Yes,2018-11-28,2019-05-27,26.88%,No,11,5
ONGC,Yes,2018-12-03,2019-06-03,26.04%,No,12,6
ONGC,Yes,2021-01-01,2021-06-30,28.45%,No,1,6
ONGC,Yes,2021-01-04,2021-07-05,26.90%,No,1,7
ONGC,Yes,2021-02-01,2021-08-02,31.11%,No,2,8
ONGC,Yes,2021-03-25,2021-09-21,34.63%,No,3,9
ONGC,Yes,2021-04-01,2021-09-28,38.41%,No,4,9
ONGC,Yes,2022-10-03,2023-04-03,25.09%,No,10,4
ONGC,Yes,2022-10-31,2023-05-02,32.07%,No,10,5
ONGC,Yes,2023-02-01,2023-07-31,26.00%,No,2,7
ONGC,Yes,2023-11-01,2024-04-29,58.51%,No,11,4
ONGC,Yes,2023-12-01,2024-05-29,41.78%,No,12,5
PAGEIND,Yes,2016-02-11,2016-08-09,32.84%,No,2,8
PAGEIND,Yes,2016-03-01,2016-08-29,47.18%,No,3,8
PAGEIND,Yes,2016-03-08,2016-09-06,43.32%,No,3,9
PAGEIND,Yes,2016-04-01,2016-09-28,26.71%,No,4,9
PAGEIND,Yes,2016-04-04,2016-10-03,28.75%,No,4,10
PAGEIND,Yes,2016-05-02,2016-11-01,27.58%,No,5,11
PAGEIND,Yes,2016-12-20,2017-06-19,25.40%,No,12,6
PAGEIND,Yes,2017-01-02,2017-07-03,25.63%,No,1,7
PAGEIND,Yes,2017-05-02,2017-10-30,35.83%,No,5,10
PAGEIND,Yes,2017-06-01,2017-11-28,62.06%,No,6,11
PAGEIND,Yes,2017-06-05,2017-12-04,49.45%,No,6,12
PAGEIND,Yes,2017-07-03,2018-01-01,44.93%,No,7,1
PAGEIND,Yes,2017-08-01,2018-01-29,28.06%,No,8,1
PAGEIND,Yes,2017-08-14,2018-02-12,32.45%,No,8,2
PAGEIND,Yes,2017-10-09,2018-04-09,32.94%,No,10,4
PAGEIND,Yes,2018-02-01,2018-07-31,36.84%,No,2,7
PAGEIND,Yes,2021-07-01,2021-12-28,35.19%,No,7,12
PAGEIND,Yes,2021-09-01,2022-02-28,32.41%,No,9,2
PAGEIND,Yes,2021-09-02,2022-03-02,30.58%,No,9,3
PAGEIND,Yes,2021-10-01,2022-03-30,30.75%,No,10,3
PATANJALI,Yes,2016-08-16,2017-02-13,35.73%,No,8,2
PATANJALI,Yes,2016-09-01,2017-02-28,35.40%,No,9,2
PATANJALI,Yes,2016-09-02,2017-03-01,34.56%,No,9,3
PATANJALI,Yes,2016-11-15,2017-05-15,27.76%,No,11,5
PATANJALI,Yes,2017-01-13,2017-07-12,27.05%,No,1,7
PATANJALI,Yes,2018-10-23,2019-04-22,25.66%,No,10,4
PATANJALI,Yes,2018-11-01,2019-04-30,34.23%,No,11,4
PATANJALI,Yes,2021-01-01,2021-06-30,72.50%,No,1,6
PATANJALI,Yes,2021-02-01,2021-08-02,81.45%,No,2,8
PATANJALI,Yes,2021-03-01,2021-08-30,43.90%,No,3,8
PATANJALI,Yes,2021-03-05,2021-09-01,46.74%,No,3,9
PATANJALI,Yes,2021-04-01,2021-09-28,57.55%,No,4,9
PATANJALI,Yes,2021-04-05,2021-10-04,48.21%,No,4,10
PATANJALI,Yes,2021-05-03,2021-11-01,35.92%,No,5,11
PATANJALI,Yes,2021-12-27,2022-06-27,27.66%,No,12,6
PATANJALI,Yes,2022-01-31,2022-08-01,39.39%,No,1,8
PATANJALI,Yes,2022-05-02,2022-10-31,28.24%,No,5,10
PATANJALI,Yes,2022-06-16,2022-12-13,26.97%,No,6,12
PATANJALI,Yes,2023-02-01,2023-07-31,34.19%,No,2,7
PATANJALI,Yes,2023-06-01,2023-11-28,29.16%,No,6,11
PATANJALI,Yes,2023-07-03,2024-01-01,32.14%,No,7,1
PAYTM,Yes,2022-03-22,2022-09-19,29.95%,No,3,9
PAYTM,Yes,2022-11-17,2023-05-16,33.90%,No,11,5
PAYTM,Yes,2022-12-01,2023-05-30,39.97%,No,12,5
PAYTM,Yes,2022-12-05,2023-06-05,36.51%,No,12,6
PAYTM,Yes,2023-01-02,2023-07-03,59.53%,No,1,7
PAYTM,Yes,2023-02-01,2023-07-31,52.79%,No,2,7
PAYTM,Yes,2023-02-02,2023-08-01,44.27%,No,2,8
PAYTM,Yes,2023-03-01,2023-08-28,45.14%,No,3,8
PAYTM,Yes,2023-04-03,2023-10-03,37.18%,No,4,10
PAYTM,Yes,2023-05-02,2023-10-30,39.63%,No,5,10
PAYTM,Yes,2023-05-05,2023-11-01,32.45%,No,5,11
PAYTM,Yes,2023-06-01,2023-11-28,26.60%,No,6,11
PAYTM,Yes,2024-04-01,2024-09-30,69.51%,No,4,9
PAYTM,Yes,2024-06-03,2024-12-02,138.16%,No,6,12
PAYTM,Yes,2024-07-01,2024-12-30,147.88%,No,7,12
PAYTM,Yes,2024-07-05,2025-01-01,126.23%,No,7,1
PAYTM,Yes,2024-08-01,2025-01-28,54.82%,No,8,1
PAYTM,Yes,2024-08-05,2025-02-01,48.80%,No,8,2
PAYTM,Yes,2024-10-22,2025-04-21,27.93%,No,10,4
PERSISTENT,Yes,2017-08-07,2018-02-05,25.05%,No,8,2
PERSISTENT,Yes,2017-09-01,2018-02-28,38.77%,No,9,2
PERSISTENT,Yes,2017-09-04,2018-03-05,35.33%,No,9,3
PERSISTENT,Yes,2017-10-30,2018-04-30,26.27%,No,10,4
PERSISTENT,Yes,2017-11-17,2018-05-16,25.20%,No,11,5
PERSISTENT,Yes,2017-12-01,2018-05-30,27.81%,No,12,5
PERSISTENT,Yes,2017-12-14,2018-06-12,28.50%,No,12,6
PERSISTENT,Yes,2021-01-01,2021-06-30,97.80%,No,1,6
PERSISTENT,Yes,2021-01-04,2021-07-05,92.58%,No,1,7
PERSISTENT,Yes,2021-02-01,2021-08-02,104.89%,No,2,8
PERSISTENT,Yes,2021-03-01,2021-08-30,97.41%,No,3,8
PERSISTENT,Yes,2021-03-05,2021-09-01,98.37%,No,3,9
PERSISTENT,Yes,2021-04-01,2021-09-28,80.16%,No,4,9
PERSISTENT,Yes,2021-04-05,2021-10-04,90.03%,No,4,10
PERSISTENT,Yes,2021-05-03,2021-11-01,88.80%,No,5,11
PERSISTENT,Yes,2021-06-01,2021-11-29,61.22%,No,6,11
PERSISTENT,Yes,2021-06-04,2021-12-01,71.22%,No,6,12
PERSISTENT,Yes,2021-07-01,2021-12-28,57.32%,No,7,12
PERSISTENT,Yes,2021-07-05,2022-01-03,68.15%,No,7,1
PERSISTENT,Yes,2021-08-02,2022-01-31,40.94%,No,8,1
PERSISTENT,Yes,2021-10-01,2022-03-30,32.04%,No,10,3
PERSISTENT,Yes,2022-10-31,2023-05-02,29.43%,No,10,5
PERSISTENT,Yes,2023-05-02,2023-10-30,28.32%,No,5,10
PFC,Yes,2016-01-18,2016-07-18,28.73%,No,1,7
PFC,Yes,2016-02-01,2016-08-01,32.59%,No,2,8
PFC,Yes,2016-03-01,2016-08-29,46.59%,No,3,8
PFC,Yes,2016-03-08,2016-09-06,49.77%,No,3,9
PFC,Yes,2016-04-01,2016-09-28,41.70%,No,4,9
PFC,Yes,2016-04-04,2016-10-03,46.01%,No,4,10
PFC,Yes,2016-05-02,2016-11-01,37.68%,No,5,11
PFC,Yes,2016-06-01,2016-11-28,58.34%,No,6,11
PFC,Yes,2016-06-06,2016-12-05,58.09%,No,6,12
PFC,Yes,2016-07-01,2016-12-28,35.47%,No,7,12
PFC,Yes,2016-07-04,2017-01-02,35.71%,No,7,1
PFC,Yes,2016-08-03,2017-01-30,25.55%,No,8,1
PFC,Yes,2016-08-10,2017-02-06,25.20%,No,8,2
PFC,Yes,2016-09-29,2017-03-28,26.67%,No,9,3
PFC,Yes,2016-10-06,2017-04-05,29.11%,No,10,4
PFC,Yes,2016-11-01,2017-05-02,38.58%,No,11,5
PFC,Yes,2018-12-03,2019-06-03,31.39%,No,12,6
PFC,Yes,2022-09-01,2023-02-28,29.92%,No,9,2
PFC,Yes,2022-10-31,2023-05-02,58.08%,No,10,5
PFC,Yes,2022-12-01,2023-05-30,33.97%,No,12,5
PFC,Yes,2023-02-01,2023-07-31,100.87%,No,2,7
PFC,Yes,2023-05-02,2023-10-30,76.00%,No,5,10
PFC,Yes,2023-11-01,2024-04-29,76.79%,No,11,4
PHOENIXLTD,Yes,2016-02-03,2016-08-01,28.29%,No,2,8
PHOENIXLTD,Yes,2016-03-01,2016-08-29,60.03%,No,3,8
PHOENIXLTD,Yes,2016-03-08,2016-09-06,49.22%,No,3,9
PHOENIXLTD,Yes,2016-04-01,2016-09-28,31.67%,No,4,9
PHOENIXLTD,Yes,2016-04-04,2016-10-03,29.21%,No,4,10
PHOENIXLTD,Yes,2016-05-30,2016-11-28,32.70%,No,5,11
PHOENIXLTD,Yes,2016-06-01,2016-11-28,34.60%,No,6,11
PHOENIXLTD,Yes,2016-06-06,2016-12-05,27.75%,No,6,12
PHOENIXLTD,Yes,2016-11-15,2017-05-15,38.24%,No,11,5
PHOENIXLTD,Yes,2017-01-06,2017-07-05,27.07%,No,1,7
PHOENIXLTD,Yes,2017-02-01,2017-07-31,40.20%,No,2,7
PHOENIXLTD,Yes,2017-05-04,2017-10-31,28.55%,No,5,10
PHOENIXLTD,Yes,2017-07-03,2018-01-01,38.49%,No,7,1
PHOENIXLTD,Yes,2017-08-01,2018-01-29,31.24%,No,8,1
PHOENIXLTD,Yes,2017-09-04,2018-03-05,27.78%,No,9,3
PHOENIXLTD,Yes,2017-12-01,2018-05-30,37.41%,No,12,5
PHOENIXLTD,Yes,2018-10-01,2019-04-01,25.57%,No,10,4
PHOENIXLTD,Yes,2019-07-01,2019-12-30,28.48%,No,7,12
PHOENIXLTD,Yes,2022-01-31,2022-08-01,25.46%,No,1,8
PHOENIXLTD,Yes,2023-08-07,2024-02-05,56.64%,No,8,2
PHOENIXLTD,Yes,2023-09-01,2024-02-28,50.94%,No,9,2
PHOENIXLTD,Yes,2023-11-01,2024-04-29,60.59%,No,11,4
PHOENIXLTD,Yes,2023-12-04,2024-06-03,40.96%,No,12,6
PIDILITIND,Yes,2015-11-30,2016-05-30,25.37%,No,11,5
PIDILITIND,Yes,2015-12-01,2016-05-30,26.37%,No,12,5
PIDILITIND,Yes,2015-12-04,2016-06-01,30.56%,No,12,6
PIDILITIND,Yes,2016-01-01,2016-06-29,30.98%,No,1,6
PIDILITIND,Yes,2016-01-04,2016-07-04,29.74%,No,1,7
PIDILITIND,Yes,2016-02-01,2016-08-01,29.52%,No,2,8
PIDILITIND,Yes,2017-03-07,2017-09-04,25.11%,No,3,9
PIDILITIND,Yes,2017-10-16,2018-04-16,28.24%,No,10,4
PIDILITIND,Yes,2017-11-01,2018-04-30,40.56%,No,11,4
PIDILITIND,Yes,2018-03-01,2018-08-28,29.70%,No,3,8
PIDILITIND,Yes,2021-04-01,2021-09-28,32.73%,No,4,9
PIDILITIND,Yes,2021-04-05,2021-10-04,35.03%,No,4,10
PIDILITIND,Yes,2021-05-03,2021-11-01,30.95%,No,5,11
PIDILITIND,Yes,2022-06-03,2022-11-30,25.73%,No,6,11
PIDILITIND,Yes,2022-06-06,2022-12-05,26.41%,No,6,12
PIDILITIND,Yes,2024-02-01,2024-07-30,26.35%,No,2,7
PIIND,Yes,2016-02-15,2016-08-16,26.90%,No,2,8
PIIND,Yes,2016-03-01,2016-08-29,41.90%,No,3,8
PIIND,Yes,2016-03-08,2016-09-06,40.00%,No,3,9
PIIND,Yes,2016-04-01,2016-09-28,42.55%,No,4,9
PIIND,Yes,2016-04-04,2016-10-03,46.60%,No,4,10
PIIND,Yes,2016-05-02,2016-11-01,41.30%,No,5,11
PIIND,Yes,2016-06-01,2016-11-28,27.59%,No,6,11
PIIND,Yes,2017-07-13,2018-01-09,30.12%,No,7,1
PIIND,Yes,2017-08-03,2018-01-30,26.14%,No,8,1
PIIND,Yes,2017-08-29,2018-02-26,25.72%,No,8,2
PIIND,Yes,2017-09-05,2018-03-05,25.23%,No,9,3
PIIND,Yes,2018-10-01,2019-04-01,49.04%,No,10,4
PIIND,Yes,2018-11-01,2019-04-30,32.29%,No,11,4
PIIND,Yes,2018-11-02,2019-05-02,30.21%,No,11,5
PIIND,Yes,2018-12-03,2019-06-03,40.23%,No,12,6
PIIND,Yes,2018-12-31,2019-07-01,38.45%,No,12,7
PIIND,Yes,2019-01-01,2019-07-01,38.17%,No,1,7
PIIND,Yes,2019-02-01,2019-07-31,29.74%,No,2,7
PIIND,Yes,2019-05-02,2019-10-29,35.25%,No,5,10
PIIND,Yes,2019-06-03,2019-12-02,32.47%,No,6,12
PIIND,Yes,2021-01-01,2021-06-30,28.70%,No,1,6
PIIND,Yes,2022-01-31,2022-08-01,26.86%,No,1,8
PIIND,Yes,2022-07-01,2022-12-28,33.91%,No,7,12
PNB,Yes,2016-01-12,2016-07-11,27.75%,No,1,7
PNB,Yes,2016-02-01,2016-08-01,35.76%,No,2,8
PNB,Yes,2016-03-01,2016-08-29,67.21%,No,3,8
PNB,Yes,2016-03-08,2016-09-06,62.82%,No,3,9
PNB,Yes,2016-04-01,2016-09-28,67.14%,No,4,9
PNB,Yes,2016-04-04,2016-10-03,65.05%,No,4,10
PNB,Yes,2016-05-02,2016-11-01,71.00%,No,5,11
PNB,Yes,2016-06-01,2016-11-28,78.75%,No,6,11
PNB,Yes,2016-06-06,2016-12-05,76.17%,No,6,12
PNB,Yes,2016-08-11,2017-02-07,30.45%,No,8,2
PNB,Yes,2016-11-03,2017-05-02,28.20%,No,11,5
PNB,Yes,2018-09-21,2019-03-20,28.41%,No,9,3
PNB,Yes,2018-10-01,2019-04-01,54.27%,No,10,4
PNB,Yes,2022-05-04,2022-10-31,26.89%,No,5,10
PNB,Yes,2022-07-01,2022-12-28,86.42%,No,7,12
PNB,Yes,2022-07-04,2023-01-02,90.50%,No,7,1
PNB,Yes,2022-08-01,2023-01-30,51.80%,No,8,1
PNB,Yes,2022-09-01,2023-02-28,35.06%,No,9,2
PNB,Yes,2023-11-01,2024-04-29,88.27%,No,11,4
PNB,Yes,2023-12-01,2024-05-29,58.67%,No,12,5
PNB,Yes,2023-12-04,2024-06-03,63.58%,No,12,6
POLICYBZR,Yes,2022-09-29,2023-03-28,27.20%,No,9,3
POLICYBZR,Yes,2022-10-03,2023-04-03,32.81%,No,10,4
POLICYBZR,Yes,2022-10-31,2023-05-02,54.37%,No,10,5
POLICYBZR,Yes,2022-11-01,2023-05-02,52.13%,No,11,5
POLICYBZR,Yes,2022-12-01,2023-05-30,30.05%,No,12,5
POLICYBZR,Yes,2022-12-05,2023-06-05,25.65%,No,12,6
POLICYBZR,Yes,2023-01-02,2023-07-03,52.33%,No,1,7
POLICYBZR,Yes,2023-02-01,2023-07-31,81.77%,No,2,7
POLICYBZR,Yes,2023-02-02,2023-08-01,81.49%,No,2,8
POLICYBZR,Yes,2023-03-01,2023-08-28,31.18%,No,3,8
POLICYBZR,Yes,2023-03-06,2023-09-04,27.47%,No,3,9
POLICYBZR,Yes,2023-04-05,2023-10-03,26.50%,No,4,10
POLICYBZR,Yes,2023-05-15,2023-11-13,25.12%,No,5,11
POLICYBZR,Yes,2023-06-01,2023-11-28,36.85%,No,6,11
POLICYBZR,Yes,2023-06-05,2023-12-04,40.07%,No,6,12
POLICYBZR,Yes,2023-07-28,2024-01-24,28.89%,No,7,1
POLICYBZR,Yes,2023-08-03,2024-01-30,26.02%,No,8,1
POLICYBZR,Yes,2023-08-08,2024-02-05,26.91%,No,8,2
POLICYBZR,Yes,2023-09-01,2024-02-28,50.89%,No,9,2
POLICYBZR,Yes,2023-11-01,2024-04-29,76.31%,No,11,4
POLICYBZR,Yes,2024-04-01,2024-09-30,38.20%,No,4,9
POLICYBZR,Yes,2024-05-02,2024-10-29,31.95%,No,5,10
POLICYBZR,Yes,2024-07-01,2024-12-30,38.93%,No,7,12
POLYCAB,Yes,2019-04-30,2019-10-27,30.02%,No,4,10
POLYCAB,Yes,2019-05-02,2019-10-29,29.34%,No,5,10
POLYCAB,Yes,2019-05-06,2019-11-04,33.14%,No,5,11
POLYCAB,Yes,2019-06-03,2019-12-02,52.82%,No,6,12
POLYCAB,Yes,2019-07-01,2019-12-30,53.84%,No,7,12
POLYCAB,Yes,2021-01-01,2021-06-30,90.74%,No,1,6
POLYCAB,Yes,2021-01-04,2021-07-05,86.86%,No,1,7
POLYCAB,Yes,2021-02-01,2021-08-02,50.00%,No,2,8
POLYCAB,Yes,2021-03-01,2021-08-30,51.39%,No,3,8
POLYCAB,Yes,2021-03-05,2021-09-01,58.31%,No,3,9
POLYCAB,Yes,2021-04-01,2021-09-28,69.11%,No,4,9
POLYCAB,Yes,2021-06-01,2021-11-29,32.64%,No,6,11
POLYCAB,Yes,2021-07-06,2022-01-03,25.88%,No,7,1
POLYCAB,Yes,2021-08-02,2022-01-31,35.27%,No,8,1
POLYCAB,Yes,2021-08-05,2022-02-01,39.59%,No,8,2
POLYCAB,Yes,2022-09-02,2023-03-01,25.97%,No,9,3
POLYCAB,Yes,2022-11-14,2023-05-15,25.44%,No,11,5
POLYCAB,Yes,2022-12-01,2023-05-30,33.60%,No,12,5
POLYCAB,Yes,2022-12-05,2023-06-05,34.50%,No,12,6
POLYCAB,Yes,2023-02-01,2023-07-31,61.72%,No,2,7
POWERGRID,Yes,2016-01-21,2016-07-19,26.56%,No,1,7
POWERGRID,Yes,2016-02-08,2016-08-08,25.31%,No,2,8
POWERGRID,Yes,2016-03-01,2016-08-29,34.77%,No,3,8
POWERGRID,Yes,2016-03-08,2016-09-06,35.51%,No,3,9
POWERGRID,Yes,2016-04-01,2016-09-28,30.09%,No,4,9
POWERGRID,Yes,2016-04-04,2016-10-03,31.81%,No,4,10
POWERGRID,Yes,2016-05-13,2016-11-09,25.52%,No,5,11
POWERGRID,Yes,2016-06-01,2016-11-28,28.99%,No,6,11
POWERGRID,Yes,2016-06-06,2016-12-05,25.04%,No,6,12
POWERGRID,Yes,2021-07-01,2021-12-28,25.11%,No,7,12
POWERGRID,Yes,2021-07-05,2022-01-03,25.02%,No,7,1
POWERGRID,Yes,2021-08-02,2022-01-31,32.68%,No,8,1
POWERGRID,Yes,2021-08-05,2022-02-01,28.03%,No,8,2
POWERGRID,Yes,2021-09-01,2022-02-28,28.91%,No,9,2
POWERGRID,Yes,2021-09-02,2022-03-02,29.91%,No,9,3
POWERGRID,Yes,2021-10-04,2022-04-04,26.23%,No,10,4
POWERGRID,Yes,2021-11-01,2022-05-02,31.20%,No,11,5
POWERGRID,Yes,2022-12-23,2023-06-21,25.11%,No,12,6
POWERGRID,Yes,2023-02-01,2023-07-31,25.76%,No,2,7
POWERGRID,Yes,2023-11-01,2024-04-29,51.48%,No,11,4
POWERGRID,Yes,2023-12-01,2024-05-29,53.67%,No,12,5
POWERINDIA,Yes,2021-01-01,2021-06-30,44.97%,No,1,6
POWERINDIA,Yes,2021-01-04,2021-07-05,45.03%,No,1,7
POWERINDIA,Yes,2021-02-01,2021-08-02,58.26%,No,2,8
POWERINDIA,Yes,2021-03-01,2021-08-30,53.65%,No,3,8
POWERINDIA,Yes,2021-03-05,2021-09-01,71.21%,No,3,9
POWERINDIA,Yes,2021-04-01,2021-09-28,66.59%,No,4,9
POWERINDIA,Yes,2021-04-05,2021-10-04,80.30%,No,4,10
POWERINDIA,Yes,2021-05-06,2021-11-02,28.50%,No,5,11
POWERINDIA,Yes,2021-06-01,2021-11-29,25.42%,No,6,11
POWERINDIA,Yes,2021-06-04,2021-12-01,43.04%,No,6,12
POWERINDIA,Yes,2021-07-01,2021-12-28,31.57%,No,7,12
POWERINDIA,Yes,2021-07-05,2022-01-03,30.95%,No,7,1
POWERINDIA,Yes,2021-08-02,2022-01-31,61.21%,No,8,1
POWERINDIA,Yes,2021-08-05,2022-02-01,65.41%,No,8,2
POWERINDIA,Yes,2021-09-01,2022-02-28,37.04%,No,9,2
POWERINDIA,Yes,2021-09-02,2022-03-02,43.56%,No,9,3
POWERINDIA,Yes,2021-10-01,2022-03-30,41.71%,No,10,3
POWERINDIA,Yes,2021-10-04,2022-04-04,40.14%,No,10,4
POWERINDIA,Yes,2021-11-01,2022-05-02,42.33%,No,11,5
POWERINDIA,Yes,2021-12-02,2022-05-31,28.34%,No,12,5
POWERINDIA,Yes,2021-12-03,2022-06-01,31.86%,No,12,6
POWERINDIA,Yes,2023-02-01,2023-07-31,25.29%,No,2,7
POWERINDIA,Yes,2023-11-01,2024-04-29,108.61%,No,11,4
POWERINDIA,Yes,2024-05-02,2024-10-29,45.74%,No,5,10
PRESTIGE,Yes,2016-02-10,2016-08-08,26.63%,No,2,8
PRESTIGE,Yes,2016-03-08,2016-09-06,32.95%,No,3,9
PRESTIGE,Yes,2016-10-20,2017-04-18,29.66%,No,10,4
PRESTIGE,Yes,2016-11-01,2017-05-02,25.08%,No,11,5
PRESTIGE,Yes,2016-12-01,2017-05-30,48.16%,No,12,5
PRESTIGE,Yes,2016-12-05,2017-06-05,73.70%,No,12,6
PRESTIGE,Yes,2017-01-02,2017-07-03,51.66%,No,1,7
PRESTIGE,Yes,2017-02-01,2017-07-31,54.20%,No,2,7
PRESTIGE,Yes,2017-03-01,2017-08-28,53.14%,No,3,8
PRESTIGE,Yes,2017-04-03,2017-10-03,26.68%,No,4,10
PRESTIGE,Yes,2017-05-18,2017-11-14,27.65%,No,5,11
PRESTIGE,Yes,2017-06-01,2017-11-28,26.08%,No,6,11
PRESTIGE,Yes,2017-06-05,2017-12-04,25.77%,No,6,12
PRESTIGE,Yes,2017-07-04,2018-01-01,27.93%,No,7,1
PRESTIGE,Yes,2017-08-23,2018-02-19,25.17%,No,8,2
PRESTIGE,Yes,2017-09-04,2018-03-05,25.68%,No,9,3
PRESTIGE,Yes,2018-11-01,2019-04-30,36.17%,No,11,4
PRESTIGE,Yes,2019-07-01,2019-12-30,27.40%,No,7,12
PRESTIGE,Yes,2021-04-01,2021-09-28,54.18%,No,4,9
PRESTIGE,Yes,2021-08-02,2022-01-31,34.47%,No,8,1
PRESTIGE,Yes,2023-05-02,2023-10-30,55.52%,No,5,10
PRESTIGE,Yes,2023-09-01,2024-02-28,84.31%,No,9,2
RECLTD,Yes,2016-02-02,2016-08-01,27.59%,No,2,8
RECLTD,Yes,2016-03-01,2016-08-29,45.70%,No,3,8
RECLTD,Yes,2016-03-08,2016-09-06,48.17%,No,3,9
RECLTD,Yes,2016-04-01,2016-09-28,51.01%,No,4,9
RECLTD,Yes,2016-04-04,2016-10-03,53.82%,No,4,10
RECLTD,Yes,2016-05-02,2016-11-01,51.25%,No,5,11
RECLTD,Yes,2016-06-01,2016-11-28,68.36%,No,6,11
RECLTD,Yes,2016-06-06,2016-12-05,69.42%,No,6,12
RECLTD,Yes,2016-07-01,2016-12-28,37.02%,No,7,12
RECLTD,Yes,2016-07-04,2017-01-02,39.77%,No,7,1
RECLTD,Yes,2016-08-01,2017-01-30,36.37%,No,8,1
RECLTD,Yes,2016-08-05,2017-02-01,39.22%,No,8,2
RECLTD,Yes,2016-09-01,2017-02-28,33.90%,No,9,2
RECLTD,Yes,2016-09-02,2017-03-01,33.62%,No,9,3
RECLTD,Yes,2016-10-03,2017-04-03,51.83%,No,10,4
RECLTD,Yes,2016-11-01,2017-05-02,68.63%,No,11,5
RECLTD,Yes,2016-12-01,2017-05-30,58.60%,No,12,5
RECLTD,Yes,2016-12-05,2017-06-05,47.76%,No,12,6
RECLTD,Yes,2017-01-02,2017-07-03,44.86%,No,1,7
RECLTD,Yes,2018-11-01,2019-04-30,35.76%,No,11,4
RECLTD,Yes,2018-12-31,2019-07-01,43.86%,No,12,7
RECLTD,Yes,2022-10-31,2023-05-02,43.64%,No,10,5
RECLTD,Yes,2023-02-01,2023-07-31,82.37%,No,2,7
RECLTD,Yes,2023-05-02,2023-10-30,112.39%,No,5,10
RELIANCE,Yes,2016-09-06,2017-03-06,27.99%,No,9,3
RELIANCE,Yes,2016-10-03,2017-04-03,26.03%,No,10,4
RELIANCE,Yes,2016-11-01,2017-05-02,30.40%,No,11,5
RELIANCE,Yes,2016-12-01,2017-05-30,36.24%,No,12,5
RELIANCE,Yes,2016-12-05,2017-06-05,33.76%,No,12,6
RELIANCE,Yes,2017-01-02,2017-07-03,27.27%,No,1,7
RELIANCE,Yes,2017-02-01,2017-07-31,55.10%,No,2,7
RELIANCE,Yes,2017-02-02,2017-08-01,54.90%,No,2,8
RELIANCE,Yes,2017-03-01,2017-08-28,27.91%,No,3,8
RELIANCE,Yes,2017-03-08,2017-09-04,25.94%,No,3,9
RELIANCE,Yes,2017-04-17,2017-10-16,26.99%,No,4,10
RELIANCE,Yes,2017-05-02,2017-10-30,38.63%,No,5,10
RELIANCE,Yes,2017-05-05,2017-11-01,44.57%,No,5,11
RELIANCE,Yes,2017-06-01,2017-11-28,43.17%,No,6,11
RELIANCE,Yes,2017-06-05,2017-12-04,36.72%,No,6,12
RELIANCE,Yes,2017-07-03,2018-01-01,32.79%,No,7,1
RELIANCE,Yes,2018-11-01,2019-04-30,31.86%,No,11,4
RELIANCE,Yes,2021-04-01,2021-09-28,26.47%,No,4,9
RVNL,Yes,2021-01-01,2021-06-30,46.51%,No,1,6
RVNL,Yes,2021-01-04,2021-07-05,39.33%,No,1,7
RVNL,Yes,2021-04-19,2021-10-18,27.29%,No,4,10
RVNL,Yes,2021-05-03,2021-11-01,31.40%,No,5,11
RVNL,Yes,2021-07-19,2022-01-17,25.13%,No,7,1
RVNL,Yes,2022-06-01,2022-11-28,141.55%,No,6,11
RVNL,Yes,2022-06-06,2022-12-05,122.65%,No,6,12
RVNL,Yes,2022-07-01,2022-12-28,123.94%,No,7,12
RVNL,Yes,2022-08-01,2023-01-30,134.80%,No,8,1
RVNL,Yes,2022-08-05,2023-02-01,136.43%,No,8,2
RVNL,Yes,2022-09-01,2023-02-28,75.61%,No,9,2
RVNL,Yes,2022-09-02,2023-03-01,79.64%,No,9,3
RVNL,Yes,2022-10-03,2023-04-03,109.89%,No,10,4
RVNL,Yes,2022-10-31,2023-05-02,202.88%,No,10,5
RVNL,Yes,2022-11-01,2023-05-02,201.37%,No,11,5
RVNL,Yes,2022-12-01,2023-05-30,57.68%,No,12,5
RVNL,Yes,2022-12-05,2023-06-05,67.74%,No,12,6
RVNL,Yes,2023-02-01,2023-07-31,74.94%,No,2,7
RVNL,Yes,2023-02-02,2023-08-01,73.60%,No,2,8
RVNL,Yes,2023-03-01,2023-08-28,122.06%,No,3,8
RVNL,Yes,2023-03-06,2023-09-04,141.78%,No,3,9
RVNL,Yes,2023-05-02,2023-10-30,32.45%,No,5,10
RVNL,Yes,2023-11-01,2024-04-29,88.76%,No,11,4
RVNL,Yes,2024-04-01,2024-09-30,103.83%,No,4,9
SAIL,Yes,2016-02-10,2016-08-08,26.89%,No,2,8
SAIL,Yes,2016-03-01,2016-08-29,34.40%,No,3,8
SAIL,Yes,2016-05-20,2016-11-16,26.89%,No,5,11
SAIL,Yes,2016-06-13,2016-12-12,25.17%,No,6,12
SAIL,Yes,2016-07-21,2017-01-17,27.22%,No,7,1
SAIL,Yes,2016-08-01,2017-01-30,35.37%,No,8,1
SAIL,Yes,2016-08-05,2017-02-01,36.59%,No,8,2
SAIL,Yes,2016-09-01,2017-02-28,27.50%,No,9,2
SAIL,Yes,2016-09-02,2017-03-01,31.84%,No,9,3
SAIL,Yes,2016-10-03,2017-04-03,31.32%,No,10,4
SAIL,Yes,2016-11-18,2017-05-17,26.90%,No,11,5
SAIL,Yes,2017-05-02,2017-10-30,34.88%,No,5,10
SAIL,Yes,2017-06-01,2017-11-28,42.38%,No,6,11
SAIL,Yes,2021-01-01,2021-06-30,78.10%,No,1,6
SAIL,Yes,2021-01-04,2021-07-05,60.92%,No,1,7
SAIL,Yes,2021-03-05,2021-09-01,66.50%,No,3,9
SAIL,Yes,2021-04-01,2021-09-28,33.69%,No,4,9
SAIL,Yes,2021-04-05,2021-10-04,36.32%,No,4,10
SAIL,Yes,2023-11-01,2024-04-29,100.36%,No,11,4
SAIL,Yes,2023-12-01,2024-05-29,75.71%,No,12,5
SAIL,Yes,2023-12-04,2024-06-03,78.36%,No,12,6
SAIL,Yes,2024-02-01,2024-07-30,25.12%,No,2,7
SBICARD,Yes,2021-04-12,2021-10-11,26.55%,No,4,10
SBICARD,Yes,2022-03-04,2022-09-01,25.06%,No,3,9
SBICARD,Yes,2024-10-21,2025-04-21,26.90%,No,10,4
SBICARD,Yes,2024-11-01,2025-04-30,26.10%,No,11,4
SBICARD,Yes,2024-11-04,2025-05-05,31.75%,No,11,5
SBICARD,Yes,2024-12-02,2025-06-02,31.77%,No,12,6
SBICARD,Yes,2025-01-01,2025-06-30,41.04%,No,1,6
SBICARD,Yes,2025-01-02,2025-07-01,33.00%,No,1,7
SBILIFE,Yes,2019-01-03,2019-07-02,25.37%,No,1,7
SBILIFE,Yes,2019-02-01,2019-07-31,35.41%,No,2,7
SBILIFE,Yes,2019-02-04,2019-08-05,34.47%,No,2,8
SBILIFE,Yes,2019-03-01,2019-08-28,36.74%,No,3,8
SBILIFE,Yes,2019-03-05,2019-09-03,33.92%,No,3,9
SBILIFE,Yes,2019-04-01,2019-09-30,41.96%,No,4,9
SBILIFE,Yes,2019-04-04,2019-10-01,39.17%,No,4,10
SBILIFE,Yes,2019-05-02,2019-10-29,55.93%,No,5,10
SBILIFE,Yes,2019-05-06,2019-11-04,51.32%,No,5,11
SBILIFE,Yes,2019-06-03,2019-12-02,35.69%,No,6,12
SBILIFE,Yes,2019-07-01,2019-12-30,32.67%,No,7,12
SBILIFE,Yes,2021-07-20,2022-01-17,26.92%,No,7,1
SBILIFE,Yes,2024-11-28,2025-05-27,26.47%,No,11,5
SBILIFE,Yes,2024-12-02,2025-06-02,26.99%,No,12,6
SBILIFE,Yes,2025-01-01,2025-06-30,31.52%,No,1,6
SBIN,Yes,2016-01-15,2016-07-13,25.17%,No,1,7
SBIN,Yes,2016-02-01,2016-08-01,33.31%,No,2,8
SBIN,Yes,2016-03-01,2016-08-29,55.71%,No,3,8
SBIN,Yes,2016-03-08,2016-09-06,43.72%,No,3,9
SBIN,Yes,2016-04-01,2016-09-28,31.40%,No,4,9
SBIN,Yes,2016-04-04,2016-10-03,32.85%,No,4,10
SBIN,Yes,2016-05-02,2016-11-01,41.05%,No,5,11
SBIN,Yes,2016-06-01,2016-11-28,29.57%,No,6,11
SBIN,Yes,2016-06-06,2016-12-05,29.16%,No,6,12
SBIN,Yes,2018-10-26,2019-04-24,25.25%,No,10,4
SBIN,Yes,2018-11-26,2019-05-27,26.29%,No,11,5
SBIN,Yes,2018-12-04,2019-06-03,25.80%,No,12,6
SBIN,Yes,2021-01-01,2021-06-30,51.42%,No,1,6
SBIN,Yes,2021-08-10,2022-02-07,25.04%,No,8,2
SBIN,Yes,2022-07-01,2022-12-28,28.75%,No,7,12
SBIN,Yes,2022-07-04,2023-01-02,29.31%,No,7,1
SBIN,Yes,2023-09-01,2024-02-28,30.37%,No,9,2
SBIN,Yes,2023-09-04,2024-03-04,34.14%,No,9,3
SBIN,Yes,2023-11-01,2024-04-29,45.92%,No,11,4
SBIN,Yes,2023-12-01,2024-05-29,46.30%,No,12,5
SBIN,Yes,2024-02-01,2024-07-30,37.02%,No,2,7
SHREECEM,Yes,2015-12-08,2016-06-06,27.31%,No,12,6
SHREECEM,Yes,2016-01-01,2016-06-29,27.14%,No,1,6
SHREECEM,Yes,2016-01-04,2016-07-04,32.82%,No,1,7
SHREECEM,Yes,2016-02-01,2016-08-01,52.82%,No,2,8
SHREECEM,Yes,2016-03-01,2016-08-29,63.06%,No,3,8
SHREECEM,Yes,2016-03-08,2016-09-06,58.68%,No,3,9
SHREECEM,Yes,2016-04-01,2016-09-28,37.44%,No,4,9
SHREECEM,Yes,2016-04-04,2016-10-03,43.95%,No,4,10
SHREECEM,Yes,2016-05-02,2016-11-01,33.98%,No,5,11
SHREECEM,Yes,2016-11-11,2017-05-10,29.13%,No,11,5
SHREECEM,Yes,2018-10-11,2019-04-09,28.07%,No,10,4
SHREECEM,Yes,2018-11-01,2019-04-30,41.75%,No,11,4
SHREECEM,Yes,2019-02-01,2019-07-31,27.98%,No,2,7
SHREECEM,Yes,2022-06-09,2022-12-06,25.35%,No,6,12
SHREECEM,Yes,2022-07-01,2022-12-28,26.68%,No,7,12
SHREECEM,Yes,2022-08-22,2023-02-20,26.89%,No,8,2
SHREECEM,Yes,2022-09-02,2023-03-01,25.08%,No,9,3
SHRIRAMFIN,Yes,2015-11-30,2016-05-30,36.50%,No,11,5
SHRIRAMFIN,Yes,2015-12-01,2016-05-30,36.31%,No,12,5
SHRIRAMFIN,Yes,2015-12-04,2016-06-01,37.51%,No,12,6
SHRIRAMFIN,Yes,2016-01-01,2016-06-29,32.25%,No,1,6
SHRIRAMFIN,Yes,2016-01-04,2016-07-04,47.52%,No,1,7
SHRIRAMFIN,Yes,2016-02-01,2016-08-01,61.15%,No,2,8
SHRIRAMFIN,Yes,2016-03-01,2016-08-29,48.65%,No,3,8
SHRIRAMFIN,Yes,2016-03-08,2016-09-06,34.89%,No,3,9
SHRIRAMFIN,Yes,2016-04-01,2016-09-28,27.97%,No,4,9
SHRIRAMFIN,Yes,2016-04-04,2016-10-03,32.66%,No,4,10
SHRIRAMFIN,Yes,2017-05-08,2017-11-06,31.75%,No,5,11
SHRIRAMFIN,Yes,2017-06-01,2017-11-28,25.46%,No,6,11
SHRIRAMFIN,Yes,2017-06-05,2017-12-04,27.99%,No,6,12
SHRIRAMFIN,Yes,2017-07-03,2018-01-01,43.78%,No,7,1
SHRIRAMFIN,Yes,2017-08-01,2018-01-29,39.02%,No,8,1
SHRIRAMFIN,Yes,2017-08-07,2018-02-05,36.74%,No,8,2
SHRIRAMFIN,Yes,2017-09-01,2018-02-28,31.33%,No,9,2
SHRIRAMFIN,Yes,2017-09-04,2018-03-05,28.39%,No,9,3
SHRIRAMFIN,Yes,2017-10-03,2018-04-02,38.88%,No,10,4
SHRIRAMFIN,Yes,2017-11-01,2018-04-30,35.03%,No,11,4
SHRIRAMFIN,Yes,2023-02-01,2023-07-31,48.02%,No,2,7
SHRIRAMFIN,Yes,2023-05-02,2023-10-30,44.82%,No,5,10
SIEMENS,Yes,2016-01-15,2016-07-13,25.56%,No,1,7
SIEMENS,Yes,2016-02-01,2016-08-01,29.29%,No,2,8
SIEMENS,Yes,2016-03-01,2016-08-29,29.56%,No,3,8
SIEMENS,Yes,2016-03-08,2016-09-06,26.00%,No,3,9
SIEMENS,Yes,2016-11-09,2017-05-08,25.74%,No,11,5
SIEMENS,Yes,2016-12-02,2017-05-31,26.36%,No,12,5
SIEMENS,Yes,2016-12-05,2017-06-05,27.83%,No,12,6
SIEMENS,Yes,2018-10-09,2019-04-08,29.93%,No,10,4
SIEMENS,Yes,2018-11-01,2019-04-30,25.75%,No,11,4
SIEMENS,Yes,2018-12-31,2019-07-01,28.57%,No,12,7
SIEMENS,Yes,2019-04-01,2019-09-30,34.01%,No,4,9
SIEMENS,Yes,2019-04-04,2019-10-01,35.21%,No,4,10
SIEMENS,Yes,2019-05-02,2019-10-29,42.74%,No,5,10
SIEMENS,Yes,2019-05-06,2019-11-04,47.30%,No,5,11
SIEMENS,Yes,2021-01-01,2021-06-30,27.10%,No,1,6
SIEMENS,Yes,2021-06-17,2021-12-14,25.15%,No,6,12
SIEMENS,Yes,2023-02-01,2023-07-31,35.24%,No,2,7
SIEMENS,Yes,2023-09-14,2024-03-12,25.42%,No,9,3
SOLARINDS,Yes,2016-10-13,2017-04-11,27.48%,No,10,4
SOLARINDS,Yes,2016-11-21,2017-05-22,26.95%,No,11,5
SOLARINDS,Yes,2016-12-01,2017-05-30,25.21%,No,12,5
SOLARINDS,Yes,2016-12-05,2017-06-05,27.45%,No,12,6
SOLARINDS,Yes,2017-01-23,2017-07-24,28.41%,No,1,7
SOLARINDS,Yes,2017-02-01,2017-07-31,27.09%,No,2,7
SOLARINDS,Yes,2017-02-02,2017-08-01,26.10%,No,2,8
SOLARINDS,Yes,2017-03-01,2017-08-28,25.71%,No,3,8
SOLARINDS,Yes,2017-03-20,2017-09-18,28.09%,No,3,9
SOLARINDS,Yes,2017-05-02,2017-10-30,30.84%,No,5,10
SOLARINDS,Yes,2017-05-05,2017-11-01,32.66%,No,5,11
SOLARINDS,Yes,2017-06-01,2017-11-28,41.89%,No,6,11
SOLARINDS,Yes,2017-06-05,2017-12-04,38.22%,No,6,12
SOLARINDS,Yes,2017-07-03,2018-01-01,44.98%,No,7,1
SOLARINDS,Yes,2021-01-01,2021-06-30,45.00%,No,1,6
SOLARINDS,Yes,2021-04-01,2021-09-28,55.01%,No,4,9
SOLARINDS,Yes,2021-04-05,2021-10-04,94.54%,No,4,10
SOLARINDS,Yes,2021-07-01,2021-12-28,49.04%,No,7,12
SOLARINDS,Yes,2021-08-02,2022-01-31,34.71%,No,8,1
SOLARINDS,Yes,2021-08-05,2022-02-01,29.92%,No,8,2
SOLARINDS,Yes,2021-09-01,2022-02-28,32.17%,No,9,2
SOLARINDS,Yes,2021-09-02,2022-03-02,30.54%,No,9,3
SOLARINDS,Yes,2021-10-01,2022-03-30,27.27%,No,10,3
SOLARINDS,Yes,2023-11-01,2024-04-29,60.15%,No,11,4
SONACOMS,Yes,2021-06-24,2021-12-21,96.37%,No,6,12
SONACOMS,Yes,2021-07-01,2021-12-28,111.29%,No,7,12
SONACOMS,Yes,2021-07-05,2022-01-03,93.33%,No,7,1
SONACOMS,Yes,2021-08-02,2022-01-31,46.24%,No,8,1
SONACOMS,Yes,2021-08-05,2022-02-01,62.12%,No,8,2
SONACOMS,Yes,2021-09-01,2022-02-28,27.77%,No,9,2
SONACOMS,Yes,2021-09-02,2022-03-02,25.88%,No,9,3
SONACOMS,Yes,2022-12-23,2023-06-21,28.41%,No,12,6
SONACOMS,Yes,2023-01-04,2023-07-03,26.22%,No,1,7
SONACOMS,Yes,2023-02-01,2023-07-31,25.60%,No,2,7
SONACOMS,Yes,2023-02-02,2023-08-01,26.44%,No,2,8
SONACOMS,Yes,2023-03-01,2023-08-28,28.73%,No,3,8
SONACOMS,Yes,2023-03-06,2023-09-04,27.75%,No,3,9
SONACOMS,Yes,2023-04-03,2023-10-03,39.77%,No,4,10
SONACOMS,Yes,2023-10-20,2024-04-18,25.65%,No,10,4
SRF,Yes,2016-01-27,2016-07-25,25.72%,No,1,7
SRF,Yes,2016-02-01,2016-08-01,30.53%,No,2,8
SRF,Yes,2016-03-01,2016-08-29,52.29%,No,3,8
SRF,Yes,2016-03-08,2016-09-06,45.77%,No,3,9
SRF,Yes,2016-04-01,2016-09-28,40.88%,No,4,9
SRF,Yes,2016-04-04,2016-10-03,49.84%,No,4,10
SRF,Yes,2016-05-02,2016-11-01,33.95%,No,5,11
SRF,Yes,2016-06-03,2016-11-30,25.99%,No,6,11
SRF,Yes,2016-11-17,2017-05-16,26.35%,No,11,5
SRF,Yes,2017-06-27,2017-12-26,27.40%,No,6,12
SRF,Yes,2017-07-03,2018-01-01,25.00%,No,7,1
SRF,Yes,2017-08-14,2018-02-12,29.63%,No,8,2
SRF,Yes,2017-09-01,2018-02-28,25.30%,No,9,2
SRF,Yes,2017-09-04,2018-03-05,25.51%,No,9,3
SRF,Yes,2017-10-03,2018-04-02,27.16%,No,10,4
SRF,Yes,2017-11-01,2018-04-30,41.47%,No,11,4
SRF,Yes,2018-12-03,2019-06-03,33.68%,No,12,6
SRF,Yes,2018-12-31,2019-07-01,51.46%,No,12,7
SRF,Yes,2019-02-01,2019-07-31,37.77%,No,2,7
SRF,Yes,2021-01-01,2021-06-30,28.52%,No,1,6
SRF,Yes,2021-07-01,2021-12-28,62.79%,No,7,12
SRF,Yes,2021-08-02,2022-01-31,33.82%,No,8,1
SUNPHARMA,Yes,2017-08-14,2018-02-12,25.71%,No,8,2
SUNPHARMA,Yes,2018-03-07,2018-09-03,25.03%,No,3,9
SUNPHARMA,Yes,2018-04-02,2018-10-01,25.35%,No,4,10
SUNPHARMA,Yes,2018-05-15,2018-11-12,26.17%,No,5,11
SUNPHARMA,Yes,2021-02-01,2021-08-02,32.47%,No,2,8
SUNPHARMA,Yes,2021-03-01,2021-08-30,30.58%,No,3,8
SUNPHARMA,Yes,2021-04-01,2021-09-28,27.24%,No,4,9
SUNPHARMA,Yes,2021-07-05,2022-01-03,25.14%,No,7,1
SUNPHARMA,Yes,2022-06-17,2022-12-14,26.49%,No,6,12
SUNPHARMA,Yes,2023-09-01,2024-02-28,42.73%,No,9,2
SUNPHARMA,Yes,2023-09-04,2024-03-04,40.77%,No,9,3
SUNPHARMA,Yes,2023-10-03,2024-04-01,43.55%,No,10,4
SUNPHARMA,Yes,2023-11-01,2024-04-29,37.10%,No,11,4
SUNPHARMA,Yes,2023-11-03,2024-05-02,33.88%,No,11,5
SUNPHARMA,Yes,2024-01-30,2024-07-29,26.74%,No,1,7
SUPREMEIND,Yes,2015-11-30,2016-05-30,44.87%,No,11,5
SUPREMEIND,Yes,2015-12-01,2016-05-30,46.90%,No,12,5
SUPREMEIND,Yes,2015-12-04,2016-06-01,42.18%,No,12,6
SUPREMEIND,Yes,2016-01-01,2016-06-29,33.18%,No,1,6
SUPREMEIND,Yes,2016-01-04,2016-07-04,31.55%,No,1,7
SUPREMEIND,Yes,2016-02-01,2016-08-01,27.23%,No,2,8
SUPREMEIND,Yes,2016-03-01,2016-08-29,34.37%,No,3,8
SUPREMEIND,Yes,2016-03-08,2016-09-06,25.92%,No,3,9
SUPREMEIND,Yes,2016-04-01,2016-09-28,25.32%,No,4,9
SUPREMEIND,Yes,2017-07-21,2018-01-17,28.26%,No,7,1
SUPREMEIND,Yes,2021-04-08,2021-10-05,28.01%,No,4,10
SUPREMEIND,Yes,2022-05-10,2022-11-07,25.63%,No,5,11
SUPREMEIND,Yes,2022-06-01,2022-11-28,28.79%,No,6,11
SUPREMEIND,Yes,2022-06-06,2022-12-05,34.31%,No,6,12
SUPREMEIND,Yes,2022-07-01,2022-12-28,38.59%,No,7,12
SUPREMEIND,Yes,2022-08-01,2023-01-30,34.76%,No,8,1
SUPREMEIND,Yes,2022-08-05,2023-02-01,35.80%,No,8,2
SUPREMEIND,Yes,2022-09-01,2023-02-28,40.75%,No,9,2
SUPREMEIND,Yes,2022-09-02,2023-03-01,38.33%,No,9,3
SUPREMEIND,Yes,2022-10-07,2023-04-05,26.18%,No,10,4
SUPREMEIND,Yes,2022-10-31,2023-05-02,27.00%,No,10,5
SUPREMEIND,Yes,2023-02-01,2023-07-31,41.14%,No,2,7
SUPREMEIND,Yes,2023-05-02,2023-10-30,65.60%,No,5,10
SUZLON,Yes,2016-02-11,2016-08-09,29.84%,No,2,8
SUZLON,Yes,2016-03-15,2016-09-12,25.45%,No,3,9
SUZLON,Yes,2016-09-29,2017-03-28,27.24%,No,9,3
SUZLON,Yes,2016-10-03,2017-04-03,26.73%,No,10,4
SUZLON,Yes,2016-11-01,2017-05-02,37.09%,No,11,5
SUZLON,Yes,2016-12-01,2017-05-30,29.39%,No,12,5
SUZLON,Yes,2016-12-05,2017-06-05,35.49%,No,12,6
SUZLON,Yes,2017-01-02,2017-07-03,34.52%,No,1,7
SUZLON,Yes,2021-04-05,2021-10-04,37.37%,No,4,10
SUZLON,Yes,2021-05-03,2021-11-01,36.89%,No,5,11
SUZLON,Yes,2021-07-07,2022-01-03,28.14%,No,7,1
SUZLON,Yes,2021-08-02,2022-01-31,81.06%,No,8,1
SUZLON,Yes,2021-08-05,2022-02-01,76.98%,No,8,2
SUZLON,Yes,2021-09-01,2022-02-28,55.37%,No,9,2
SUZLON,Yes,2021-10-01,2022-03-30,43.85%,No,10,3
SUZLON,Yes,2022-06-06,2022-12-05,32.01%,No,6,12
SUZLON,Yes,2022-07-01,2022-12-28,62.15%,No,7,12
SUZLON,Yes,2023-02-01,2023-07-31,105.98%,No,2,7
SUZLON,Yes,2023-03-01,2023-08-28,179.76%,No,3,8
SUZLON,Yes,2023-05-02,2023-10-30,289.51%,No,5,10
SUZLON,Yes,2023-06-01,2023-11-28,249.33%,No,6,11
SUZLON,Yes,2023-11-01,2024-04-29,32.91%,No,11,4
SUZLON,Yes,2024-04-01,2024-09-30,93.59%,No,4,9
SWIGGY,Yes,2025-02-28,2025-08-28,25.80%,No,2,8
SWIGGY,Yes,2025-03-03,2025-09-01,31.32%,No,3,9
SWIGGY,Yes,2025-04-01,2025-09-29,25.49%,No,4,9
SWIGGY,Yes,2025-04-07,2025-10-06,31.04%,No,4,10
SWIGGY,Yes,2025-05-02,2025-10-29,37.81%,No,5,10
SWIGGY,Yes,2025-05-08,2025-11-04,31.14%,No,5,11
TATACOMM,Yes,2016-02-04,2016-08-02,27.17%,No,2,8
TATACOMM,Yes,2016-03-01,2016-08-29,60.78%,No,3,8
TATACOMM,Yes,2016-03-08,2016-09-06,53.32%,No,3,9
TATACOMM,Yes,2016-04-01,2016-09-28,43.55%,No,4,9
TATACOMM,Yes,2016-04-04,2016-10-03,49.38%,No,4,10
TATACOMM,Yes,2016-05-02,2016-11-01,55.74%,No,5,11
TATACOMM,Yes,2016-06-01,2016-11-28,50.22%,No,6,11
TATACOMM,Yes,2016-06-06,2016-12-05,47.25%,No,6,12
TATACOMM,Yes,2016-07-01,2016-12-28,28.41%,No,7,12
TATACOMM,Yes,2016-07-04,2017-01-02,31.09%,No,7,1
TATACOMM,Yes,2016-08-01,2017-01-30,68.08%,No,8,1
TATACOMM,Yes,2016-08-05,2017-02-01,59.73%,No,8,2
TATACOMM,Yes,2016-09-01,2017-02-28,44.21%,No,9,2
TATACOMM,Yes,2016-09-02,2017-03-01,43.67%,No,9,3
TATACOMM,Yes,2016-10-03,2017-04-03,28.75%,No,10,4
TATACOMM,Yes,2021-01-06,2021-07-05,28.11%,No,1,7
TATACOMM,Yes,2022-12-16,2023-06-14,25.85%,No,12,6
TATACOMM,Yes,2023-02-01,2023-07-31,51.41%,No,2,7
TATACOMM,Yes,2023-05-02,2023-10-30,32.87%,No,5,10
TATACONSUM,Yes,2016-02-11,2016-08-09,38.31%,No,2,8
TATACONSUM,Yes,2016-03-01,2016-08-29,29.71%,No,3,8
TATACONSUM,Yes,2016-04-08,2016-10-05,32.36%,No,4,10
TATACONSUM,Yes,2016-11-09,2017-05-08,25.18%,No,11,5
TATACONSUM,Yes,2016-12-05,2017-06-05,25.31%,No,12,6
TATACONSUM,Yes,2017-01-06,2017-07-05,25.27%,No,1,7
TATACONSUM,Yes,2017-02-01,2017-07-31,32.33%,No,2,7
TATACONSUM,Yes,2017-03-06,2017-09-04,38.95%,No,3,9
TATACONSUM,Yes,2017-05-02,2017-10-30,48.09%,No,5,10
TATACONSUM,Yes,2017-05-05,2017-11-01,54.02%,No,5,11
TATACONSUM,Yes,2017-06-01,2017-11-28,94.42%,No,6,11
TATACONSUM,Yes,2017-06-05,2017-12-04,85.44%,No,6,12
TATACONSUM,Yes,2017-07-03,2018-01-01,112.53%,No,7,1
TATACONSUM,Yes,2017-08-01,2018-01-29,82.72%,No,8,1
TATACONSUM,Yes,2017-08-07,2018-02-05,60.22%,No,8,2
TATACONSUM,Yes,2017-09-01,2018-02-28,39.42%,No,9,2
TATACONSUM,Yes,2017-09-04,2018-03-05,42.60%,No,9,3
TATACONSUM,Yes,2017-10-03,2018-04-02,34.15%,No,10,4
TATACONSUM,Yes,2017-11-01,2018-04-30,30.62%,No,11,4
TATACONSUM,Yes,2018-12-31,2019-07-01,25.11%,No,12,7
TATACONSUM,Yes,2019-04-01,2019-09-30,34.07%,No,4,9
TATACONSUM,Yes,2021-01-01,2021-06-30,26.14%,No,1,6
TATAELXSI,Yes,2016-10-27,2017-04-25,28.49%,No,10,4
TATAELXSI,Yes,2016-11-09,2017-05-08,28.19%,No,11,5
TATAELXSI,Yes,2017-03-14,2017-09-11,25.74%,No,3,9
TATAELXSI,Yes,2017-05-23,2017-11-20,29.40%,No,5,11
TATAELXSI,Yes,2017-06-01,2017-11-28,42.12%,No,6,11
TATAELXSI,Yes,2017-07-24,2018-01-22,29.11%,No,7,1
TATAELXSI,Yes,2017-08-02,2018-01-29,26.64%,No,8,1
TATAELXSI,Yes,2017-08-28,2018-02-26,25.47%,No,8,2
TATAELXSI,Yes,2017-09-01,2018-02-28,26.90%,No,9,2
TATAELXSI,Yes,2017-11-01,2018-04-30,45.02%,No,11,4
TATAELXSI,Yes,2017-12-01,2018-05-30,34.55%,No,12,5
TATAELXSI,Yes,2017-12-04,2018-06-04,30.42%,No,12,6
TATAELXSI,Yes,2018-01-01,2018-07-02,39.39%,No,1,7
TATAELXSI,Yes,2018-02-01,2018-07-31,40.47%,No,2,7
TATAELXSI,Yes,2018-02-02,2018-08-01,45.60%,No,2,8
TATAELXSI,Yes,2018-03-01,2018-08-28,36.77%,No,3,8
TATAELXSI,Yes,2021-01-01,2021-06-30,133.40%,No,1,6
TATAELXSI,Yes,2021-04-01,2021-09-28,107.02%,No,4,9
TATAELXSI,Yes,2021-04-05,2021-10-04,108.89%,No,4,10
TATAELXSI,Yes,2021-06-04,2021-12-01,67.10%,No,6,12
TATAELXSI,Yes,2021-07-01,2021-12-28,30.29%,No,7,12
TATAELXSI,Yes,2021-09-02,2022-03-02,33.35%,No,9,3
TATAELXSI,Yes,2021-10-01,2022-03-30,55.58%,No,10,3
TATAPOWER,Yes,2016-02-03,2016-08-01,26.21%,No,2,8
TATAPOWER,Yes,2016-03-01,2016-08-29,30.05%,No,3,8
TATAPOWER,Yes,2016-03-08,2016-09-06,33.62%,No,3,9
TATAPOWER,Yes,2017-07-07,2018-01-03,25.47%,No,7,1
TATAPOWER,Yes,2021-01-01,2021-06-30,59.82%,No,1,6
TATAPOWER,Yes,2021-01-04,2021-07-05,60.84%,No,1,7
TATAPOWER,Yes,2021-04-01,2021-09-28,34.98%,No,4,9
TATAPOWER,Yes,2021-04-05,2021-10-04,65.17%,No,4,10
TATAPOWER,Yes,2021-05-03,2021-11-01,126.07%,No,5,11
TATAPOWER,Yes,2021-06-01,2021-11-29,111.54%,No,6,11
TATAPOWER,Yes,2021-06-04,2021-12-01,110.82%,No,6,12
TATAPOWER,Yes,2021-07-01,2021-12-28,82.61%,No,7,12
TATAPOWER,Yes,2021-08-02,2022-01-31,84.38%,No,8,1
TATAPOWER,Yes,2021-08-05,2022-02-01,85.69%,No,8,2
TATAPOWER,Yes,2021-09-01,2022-02-28,67.20%,No,9,2
TATAPOWER,Yes,2021-09-02,2022-03-02,68.71%,No,9,3
TATAPOWER,Yes,2021-10-01,2022-03-30,47.60%,No,10,3
TATAPOWER,Yes,2021-10-04,2022-04-04,49.44%,No,10,4
TATAPOWER,Yes,2023-11-01,2024-04-29,89.11%,No,11,4
TATAPOWER,Yes,2023-11-03,2024-05-02,87.18%,No,11,5
TATAPOWER,Yes,2023-12-01,2024-05-29,56.83%,No,12,5
TATAPOWER,Yes,2023-12-04,2024-06-03,62.16%,No,12,6
TATASTEEL,Yes,2015-11-30,2016-05-30,40.76%,No,11,5
TATASTEEL,Yes,2015-12-01,2016-05-30,35.70%,No,12,5
TATASTEEL,Yes,2015-12-04,2016-06-01,38.25%,No,12,6
TATASTEEL,Yes,2016-01-04,2016-07-04,28.94%,No,1,7
TATASTEEL,Yes,2016-02-01,2016-08-01,49.65%,No,2,8
TATASTEEL,Yes,2016-03-01,2016-08-29,48.68%,No,3,8
TATASTEEL,Yes,2016-03-08,2016-09-06,35.18%,No,3,9
TATASTEEL,Yes,2016-04-05,2016-10-03,25.35%,No,4,10
TATASTEEL,Yes,2016-05-04,2016-11-01,29.92%,No,5,11
TATASTEEL,Yes,2016-06-01,2016-11-28,25.17%,No,6,11
TATASTEEL,Yes,2016-06-06,2016-12-05,25.15%,No,6,12
TATASTEEL,Yes,2016-07-04,2017-01-02,25.56%,No,7,1
TATASTEEL,Yes,2016-08-01,2017-01-30,26.64%,No,8,1
TATASTEEL,Yes,2016-08-09,2017-02-06,26.12%,No,8,2
TATASTEEL,Yes,2016-09-01,2017-02-28,28.86%,No,9,2
TATASTEEL,Yes,2016-09-02,2017-03-01,33.71%,No,9,3
TATASTEEL,Yes,2016-10-03,2017-04-03,26.90%,No,10,4
TATASTEEL,Yes,2017-05-02,2017-10-30,64.26%,No,5,10
TATASTEEL,Yes,2021-01-01,2021-06-30,85.46%,No,1,6
TATASTEEL,Yes,2021-04-01,2021-09-28,51.74%,No,4,9
TATASTEEL,Yes,2022-07-01,2022-12-28,26.02%,No,7,12
TATASTEEL,Yes,2023-11-01,2024-04-29,43.57%,No,11,4
TCS,Yes,2017-07-27,2018-01-23,25.63%,No,7,1
TCS,Yes,2017-08-01,2018-01-29,28.52%,No,8,1
TCS,Yes,2017-09-04,2018-03-05,27.09%,No,9,3
TCS,Yes,2017-10-23,2018-04-23,32.39%,No,10,4
TCS,Yes,2017-11-01,2018-04-30,36.02%,No,11,4
TCS,Yes,2017-11-02,2018-05-02,33.58%,No,11,5
TCS,Yes,2017-12-01,2018-05-30,33.94%,No,12,5
TCS,Yes,2017-12-04,2018-06-04,33.94%,No,12,6
TCS,Yes,2018-01-01,2018-07-02,41.46%,No,1,7
TCS,Yes,2018-02-02,2018-08-01,26.64%,No,2,8
TCS,Yes,2018-03-01,2018-08-28,37.65%,No,3,8
TCS,Yes,2018-03-05,2018-09-03,33.56%,No,3,9
TCS,Yes,2018-04-02,2018-10-01,56.64%,No,4,10
TECHM,Yes,2017-05-29,2017-11-27,34.55%,No,5,11
TECHM,Yes,2017-06-01,2017-11-28,28.62%,No,6,11
TECHM,Yes,2017-06-12,2017-12-11,28.99%,No,6,12
TECHM,Yes,2017-07-03,2018-01-01,35.08%,No,7,1
TECHM,Yes,2017-08-01,2018-01-29,50.28%,No,8,1
TECHM,Yes,2017-08-07,2018-02-05,54.80%,No,8,2
TECHM,Yes,2017-09-01,2018-02-28,44.70%,No,9,2
TECHM,Yes,2017-09-04,2018-03-05,51.61%,No,9,3
TECHM,Yes,2017-10-03,2018-04-02,38.20%,No,10,4
TECHM,Yes,2017-11-01,2018-04-30,37.28%,No,11,4
TECHM,Yes,2017-11-02,2018-05-02,41.59%,No,11,5
TECHM,Yes,2017-12-01,2018-05-30,45.33%,No,12,5
TECHM,Yes,2017-12-04,2018-06-04,47.69%,No,12,6
TECHM,Yes,2018-01-01,2018-07-02,30.63%,No,1,7
TECHM,Yes,2018-03-07,2018-09-03,25.20%,No,3,9
TECHM,Yes,2018-04-03,2018-10-01,26.11%,No,4,10
TECHM,Yes,2021-02-01,2021-08-02,32.01%,No,2,8
TECHM,Yes,2021-03-01,2021-08-30,55.69%,No,3,8
TECHM,Yes,2021-04-01,2021-09-28,46.35%,No,4,9
TECHM,Yes,2021-07-01,2021-12-28,72.60%,No,7,12
TECHM,Yes,2024-05-02,2024-10-29,36.55%,No,5,10
TIINDIA,Yes,2018-03-23,2018-09-19,26.34%,No,3,9
TIINDIA,Yes,2018-04-04,2018-10-01,25.52%,No,4,10
TIINDIA,Yes,2018-05-02,2018-10-29,28.41%,No,5,10
TIINDIA,Yes,2018-05-07,2018-11-05,29.65%,No,5,11
TIINDIA,Yes,2018-06-01,2018-11-28,35.14%,No,6,11
TIINDIA,Yes,2018-06-04,2018-12-03,38.61%,No,6,12
TIINDIA,Yes,2018-07-02,2018-12-31,53.90%,No,7,12
TIINDIA,Yes,2018-07-05,2019-01-01,50.07%,No,7,1
TIINDIA,Yes,2018-08-01,2019-01-28,39.18%,No,8,1
TIINDIA,Yes,2018-08-06,2019-02-04,34.33%,No,8,2
TIINDIA,Yes,2018-09-03,2019-03-05,29.88%,No,9,3
TIINDIA,Yes,2018-10-01,2019-04-01,31.22%,No,10,4
TIINDIA,Yes,2018-11-01,2019-04-30,28.40%,No,11,4
TIINDIA,Yes,2018-11-02,2019-05-02,27.78%,No,11,5
TIINDIA,Yes,2018-12-03,2019-06-03,27.10%,No,12,6
TIINDIA,Yes,2019-01-15,2019-07-15,25.30%,No,1,7
TIINDIA,Yes,2021-01-01,2021-06-30,46.67%,No,1,6
TIINDIA,Yes,2021-02-01,2021-08-02,38.60%,No,2,8
TIINDIA,Yes,2021-03-01,2021-08-30,26.54%,No,3,8
TIINDIA,Yes,2022-04-01,2022-09-28,63.70%,No,4,9
TITAN,Yes,2016-02-25,2016-08-23,26.45%,No,2,8
TITAN,Yes,2016-03-08,2016-09-06,28.91%,No,3,9
TITAN,Yes,2016-10-13,2017-04-11,25.39%,No,10,4
TITAN,Yes,2016-11-01,2017-05-02,30.16%,No,11,5
TITAN,Yes,2016-12-01,2017-05-30,44.60%,No,12,5
TITAN,Yes,2016-12-05,2017-06-05,69.36%,No,12,6
TITAN,Yes,2017-01-02,2017-07-03,59.43%,No,1,7
TITAN,Yes,2017-02-01,2017-07-31,47.82%,No,2,7
TITAN,Yes,2017-03-01,2017-08-28,40.41%,No,3,8
TITAN,Yes,2017-04-03,2017-10-03,31.26%,No,4,10
TITAN,Yes,2017-05-02,2017-10-30,28.07%,No,5,10
TITAN,Yes,2017-05-05,2017-11-01,30.40%,No,5,11
TITAN,Yes,2017-06-01,2017-11-28,74.64%,No,6,11
TITAN,Yes,2017-06-05,2017-12-04,46.49%,No,6,12
TITAN,Yes,2017-07-03,2018-01-01,60.88%,No,7,1
TITAN,Yes,2017-08-01,2018-01-29,66.16%,No,8,1
TITAN,Yes,2017-08-07,2018-02-05,30.49%,No,8,2
TITAN,Yes,2017-09-01,2018-02-28,33.03%,No,9,2
TITAN,Yes,2017-09-04,2018-03-05,32.12%,No,9,3
TITAN,Yes,2017-11-01,2018-04-30,54.02%,No,11,4
TITAN,Yes,2018-12-31,2019-07-01,42.13%,No,12,7
TITAN,Yes,2021-04-01,2021-09-28,36.88%,No,4,9
TITAN,Yes,2021-07-01,2021-12-28,37.08%,No,7,12
TORNTPHARM,Yes,2016-02-25,2016-08-23,26.74%,No,2,8
TORNTPHARM,Yes,2016-03-01,2016-08-29,27.02%,No,3,8
TORNTPHARM,Yes,2016-03-08,2016-09-06,25.72%,No,3,9
TORNTPHARM,Yes,2018-04-02,2018-10-01,30.93%,No,4,10
TORNTPHARM,Yes,2018-05-21,2018-11-19,25.62%,No,5,11
TORNTPHARM,Yes,2018-06-05,2018-12-03,25.78%,No,6,12
TORNTPHARM,Yes,2018-07-05,2019-01-01,25.04%,No,7,1
TORNTPHARM,Yes,2022-12-30,2023-06-28,27.70%,No,12,6
TORNTPHARM,Yes,2023-01-12,2023-07-11,27.25%,No,1,7
TORNTPHARM,Yes,2023-02-01,2023-07-31,32.17%,No,2,7
TORNTPHARM,Yes,2023-08-07,2024-02-05,28.87%,No,8,2
TORNTPHARM,Yes,2023-09-01,2024-02-28,47.55%,No,9,2
TORNTPHARM,Yes,2023-09-04,2024-03-04,48.51%,No,9,3
TORNTPHARM,Yes,2023-10-03,2024-04-01,43.47%,No,10,4
TORNTPHARM,Yes,2023-11-01,2024-04-29,41.14%,No,11,4
TORNTPHARM,Yes,2023-11-03,2024-05-02,37.33%,No,11,5
TORNTPHARM,Yes,2023-12-01,2024-05-29,27.22%,No,12,5
TORNTPHARM,Yes,2024-04-01,2024-09-30,27.22%,No,4,9
TORNTPOWER,Yes,2016-10-03,2017-04-03,31.11%,No,10,4
TORNTPOWER,Yes,2016-11-01,2017-05-02,27.19%,No,11,5
TORNTPOWER,Yes,2017-05-03,2017-10-30,25.78%,No,5,10
TORNTPOWER,Yes,2017-05-05,2017-11-01,30.84%,No,5,11
TORNTPOWER,Yes,2017-06-01,2017-11-28,52.10%,No,6,11
TORNTPOWER,Yes,2017-06-05,2017-12-04,44.22%,No,6,12
TORNTPOWER,Yes,2017-07-03,2018-01-01,59.81%,No,7,1
TORNTPOWER,Yes,2017-08-01,2018-01-29,54.32%,No,8,1
TORNTPOWER,Yes,2017-08-07,2018-02-05,25.37%,No,8,2
TORNTPOWER,Yes,2017-09-01,2018-02-28,25.34%,No,9,2
TORNTPOWER,Yes,2019-01-28,2019-07-29,26.99%,No,1,7
TORNTPOWER,Yes,2019-02-01,2019-07-31,26.28%,No,2,7
TORNTPOWER,Yes,2019-02-18,2019-08-19,25.15%,No,2,8
TORNTPOWER,Yes,2021-01-01,2021-06-30,47.58%,No,1,6
TORNTPOWER,Yes,2021-03-01,2021-08-30,28.99%,No,3,8
TORNTPOWER,Yes,2021-04-12,2021-10-11,36.47%,No,4,10
TORNTPOWER,Yes,2022-12-09,2023-06-07,35.87%,No,12,6
TORNTPOWER,Yes,2023-03-06,2023-09-04,36.31%,No,3,9
TORNTPOWER,Yes,2023-09-04,2024-03-04,64.02%,No,9,3
TORNTPOWER,Yes,2023-11-01,2024-04-29,115.66%,No,11,4
TORNTPOWER,Yes,2023-12-01,2024-05-29,54.42%,No,12,5
TORNTPOWER,Yes,2024-04-01,2024-09-30,32.35%,No,4,9
TRENT,Yes,2016-02-03,2016-08-01,26.02%,No,2,8
TRENT,Yes,2016-03-01,2016-08-29,40.71%,No,3,8
TRENT,Yes,2016-03-08,2016-09-06,66.23%,No,3,9
TRENT,Yes,2016-04-01,2016-09-28,31.11%,No,4,9
TRENT,Yes,2016-04-04,2016-10-03,39.41%,No,4,10
TRENT,Yes,2016-07-28,2017-01-24,36.69%,No,7,1
TRENT,Yes,2016-08-01,2017-01-30,30.50%,No,8,1
TRENT,Yes,2016-08-05,2017-02-01,29.30%,No,8,2
TRENT,Yes,2016-10-06,2017-04-05,25.29%,No,10,4
TRENT,Yes,2016-11-04,2017-05-03,28.52%,No,11,5
TRENT,Yes,2016-12-01,2017-05-30,36.40%,No,12,5
TRENT,Yes,2016-12-05,2017-06-05,26.24%,No,12,6
TRENT,Yes,2017-05-19,2017-11-15,25.61%,No,5,11
TRENT,Yes,2017-06-01,2017-11-28,44.41%,No,6,11
TRENT,Yes,2017-06-05,2017-12-04,30.49%,No,6,12
TRENT,Yes,2018-12-31,2019-07-01,25.37%,No,12,7
TRENT,Yes,2019-01-01,2019-07-01,25.49%,No,1,7
TRENT,Yes,2019-05-02,2019-10-29,47.16%,No,5,10
TRENT,Yes,2021-01-01,2021-06-30,25.97%,No,1,6
TRENT,Yes,2021-09-20,2022-03-21,30.76%,No,9,3
TRENT,Yes,2022-01-31,2022-08-01,26.33%,No,1,8
TRENT,Yes,2022-07-01,2022-12-28,25.42%,No,7,12
TRENT,Yes,2023-02-01,2023-07-31,44.71%,No,2,7
TRENT,Yes,2023-09-01,2024-02-28,90.24%,No,9,2
TRENT,Yes,2023-11-01,2024-04-29,96.31%,No,11,4
TVSMOTOR,Yes,2016-04-28,2016-10-25,27.93%,No,4,10
TVSMOTOR,Yes,2016-05-02,2016-11-01,26.59%,No,5,11
TVSMOTOR,Yes,2016-06-03,2016-11-30,26.12%,No,6,11
TVSMOTOR,Yes,2016-06-10,2016-12-07,26.17%,No,6,12
TVSMOTOR,Yes,2016-07-07,2017-01-03,26.53%,No,7,1
TVSMOTOR,Yes,2016-08-01,2017-01-30,32.12%,No,8,1
TVSMOTOR,Yes,2016-08-05,2017-02-01,30.46%,No,8,2
TVSMOTOR,Yes,2016-09-01,2017-02-28,31.39%,No,9,2
TVSMOTOR,Yes,2016-09-02,2017-03-01,28.37%,No,9,3
TVSMOTOR,Yes,2016-11-03,2017-05-02,26.61%,No,11,5
TVSMOTOR,Yes,2016-12-01,2017-05-30,47.66%,No,12,5
TVSMOTOR,Yes,2016-12-05,2017-06-05,52.44%,No,12,6
TVSMOTOR,Yes,2017-01-02,2017-07-03,50.68%,No,1,7
TVSMOTOR,Yes,2017-02-01,2017-07-31,48.08%,No,2,7
TVSMOTOR,Yes,2017-02-02,2017-08-01,53.59%,No,2,8
TVSMOTOR,Yes,2017-03-01,2017-08-28,42.61%,No,3,8
TVSMOTOR,Yes,2017-03-06,2017-09-04,44.67%,No,3,9
TVSMOTOR,Yes,2017-05-02,2017-10-30,45.83%,No,5,10
TVSMOTOR,Yes,2021-01-01,2021-06-30,27.16%,No,1,6
TVSMOTOR,Yes,2022-01-31,2022-08-01,53.78%,No,1,8
TVSMOTOR,Yes,2022-04-01,2022-09-28,62.43%,No,4,9
TVSMOTOR,Yes,2022-07-01,2022-12-28,25.83%,No,7,12
TVSMOTOR,Yes,2023-10-03,2024-04-01,40.36%,No,10,4
TVSMOTOR,Yes,2023-11-01,2024-04-29,31.00%,No,11,4
ULTRACEMCO,Yes,2016-01-05,2016-07-04,25.08%,No,1,7
ULTRACEMCO,Yes,2016-02-01,2016-08-01,33.58%,No,2,8
ULTRACEMCO,Yes,2016-03-01,2016-08-29,31.46%,No,3,8
ULTRACEMCO,Yes,2016-03-08,2016-09-06,38.51%,No,3,9
ULTRACEMCO,Yes,2016-04-05,2016-10-03,27.06%,No,4,10
ULTRACEMCO,Yes,2016-05-02,2016-11-01,25.56%,No,5,11
ULTRACEMCO,Yes,2016-11-15,2017-05-15,31.91%,No,11,5
ULTRACEMCO,Yes,2016-12-16,2017-06-14,27.54%,No,12,6
ULTRACEMCO,Yes,2018-10-23,2019-04-22,25.76%,No,10,4
ULTRACEMCO,Yes,2018-11-01,2019-04-30,28.19%,No,11,4
ULTRACEMCO,Yes,2019-02-01,2019-07-31,25.10%,No,2,7
ULTRACEMCO,Yes,2021-01-01,2021-06-30,28.07%,No,1,6
ULTRACEMCO,Yes,2022-06-03,2022-11-30,25.34%,No,6,11
ULTRACEMCO,Yes,2022-06-06,2022-12-05,29.72%,No,6,12
ULTRACEMCO,Yes,2023-07-05,2024-01-01,25.48%,No,7,1
ULTRACEMCO,Yes,2023-08-11,2024-02-07,25.74%,No,8,2
UNIONBANK,Yes,2016-01-20,2016-07-18,26.35%,No,1,7
UNIONBANK,Yes,2016-02-26,2016-08-24,27.26%,No,2,8
UNIONBANK,Yes,2016-05-05,2016-11-01,25.50%,No,5,11
UNIONBANK,Yes,2016-06-01,2016-11-28,33.68%,No,6,11
UNIONBANK,Yes,2016-06-06,2016-12-05,26.55%,No,6,12
UNIONBANK,Yes,2016-08-08,2017-02-06,30.81%,No,8,2
UNIONBANK,Yes,2016-11-04,2017-05-03,33.26%,No,11,5
UNIONBANK,Yes,2018-07-16,2019-01-14,26.68%,No,7,1
UNIONBANK,Yes,2018-09-27,2019-03-26,35.43%,No,9,3
UNIONBANK,Yes,2018-10-01,2019-04-01,39.31%,No,10,4
UNIONBANK,Yes,2021-04-16,2021-10-13,28.88%,No,4,10
UNIONBANK,Yes,2021-08-02,2022-01-31,28.80%,No,8,1
UNIONBANK,Yes,2022-03-22,2022-09-19,27.21%,No,3,9
UNIONBANK,Yes,2022-05-02,2022-10-31,47.39%,No,5,10
UNIONBANK,Yes,2022-07-01,2022-12-28,130.14%,No,7,12
UNIONBANK,Yes,2022-09-01,2023-02-28,57.86%,No,9,2
UNIONBANK,Yes,2022-10-31,2023-05-02,41.93%,No,10,5
UNIONBANK,Yes,2023-03-01,2023-08-28,41.38%,No,3,8
UNIONBANK,Yes,2023-11-01,2024-04-29,51.82%,No,11,4
UNIONBANK,Yes,2023-12-01,2024-05-29,42.46%,No,12,5
UNIONBANK,Yes,2023-12-04,2024-06-03,48.86%,No,12,6
UNITDSPR,Yes,2024-05-30,2024-11-26,29.51%,No,5,11
UNITDSPR,Yes,2024-06-03,2024-12-02,30.23%,No,6,12
UNITDSPR,Yes,2024-07-01,2024-12-30,28.24%,No,7,12
UNITDSPR,Yes,2024-07-05,2025-01-01,32.85%,No,7,1
UPL,Yes,2015-11-30,2016-05-30,42.33%,No,11,5
UPL,Yes,2015-12-01,2016-05-30,39.19%,No,12,5
UPL,Yes,2015-12-04,2016-06-01,41.17%,No,12,6
UPL,Yes,2016-01-01,2016-06-29,25.85%,No,1,6
UPL,Yes,2016-01-04,2016-07-04,29.19%,No,1,7
UPL,Yes,2016-02-01,2016-08-01,40.74%,No,2,8
UPL,Yes,2016-03-01,2016-08-29,58.11%,No,3,8
UPL,Yes,2016-03-08,2016-09-06,50.01%,No,3,9
UPL,Yes,2016-04-01,2016-09-28,47.64%,No,4,9
UPL,Yes,2016-04-04,2016-10-03,46.70%,No,4,10
UPL,Yes,2016-07-18,2017-01-16,26.45%,No,7,1
UPL,Yes,2016-08-02,2017-01-30,25.52%,No,8,1
UPL,Yes,2018-06-28,2018-12-26,25.15%,No,6,12
UPL,Yes,2018-08-10,2019-02-06,26.49%,No,8,2
UPL,Yes,2018-09-04,2019-03-05,25.32%,No,9,3
UPL,Yes,2018-10-01,2019-04-01,40.37%,No,10,4
UPL,Yes,2018-11-01,2019-04-30,39.27%,No,11,4
UPL,Yes,2018-12-31,2019-07-01,25.99%,No,12,7
VBL,Yes,2016-12-06,2017-06-05,25.01%,No,12,6
VBL,Yes,2017-01-02,2017-07-03,30.48%,No,1,7
VBL,Yes,2017-02-01,2017-07-31,25.02%,No,2,7
VBL,Yes,2017-02-02,2017-08-01,26.05%,No,2,8
VBL,Yes,2017-03-01,2017-08-28,41.58%,No,3,8
VBL,Yes,2017-03-06,2017-09-04,40.15%,No,3,9
VBL,Yes,2017-04-03,2017-10-03,28.10%,No,4,10
VBL,Yes,2017-07-03,2018-01-01,26.42%,No,7,1
VBL,Yes,2017-08-01,2018-01-29,39.61%,No,8,1
VBL,Yes,2017-08-07,2018-02-05,28.60%,No,8,2
VBL,Yes,2017-10-04,2018-04-02,25.39%,No,10,4
VBL,Yes,2017-11-01,2018-04-30,28.09%,No,11,4
VBL,Yes,2017-11-02,2018-05-02,33.25%,No,11,5
VBL,Yes,2017-12-01,2018-05-30,49.86%,No,12,5
VBL,Yes,2019-05-13,2019-11-11,27.38%,No,5,11
VBL,Yes,2021-04-01,2021-09-28,35.23%,No,4,9
VBL,Yes,2021-06-01,2021-11-29,30.43%,No,6,11
VBL,Yes,2021-06-04,2021-12-01,26.70%,No,6,12
VBL,Yes,2022-01-31,2022-08-01,53.52%,No,1,8
VBL,Yes,2022-05-02,2022-10-31,42.78%,No,5,10
VBL,Yes,2022-07-01,2022-12-28,67.10%,No,7,12
VBL,Yes,2022-09-02,2023-03-01,30.27%,No,9,3
VBL,Yes,2022-10-31,2023-05-02,34.99%,No,10,5
VBL,Yes,2023-09-01,2024-02-28,53.53%,No,9,2
VEDL,Yes,2015-12-09,2016-06-06,29.18%,No,12,6
VEDL,Yes,2016-01-01,2016-06-29,38.95%,No,1,6
VEDL,Yes,2016-01-04,2016-07-04,55.87%,No,1,7
VEDL,Yes,2016-02-01,2016-08-01,135.72%,No,2,8
VEDL,Yes,2016-03-01,2016-08-29,131.29%,No,3,8
VEDL,Yes,2016-03-08,2016-09-06,93.25%,No,3,9
VEDL,Yes,2016-04-01,2016-09-28,94.11%,No,4,9
VEDL,Yes,2016-04-04,2016-10-03,97.19%,No,4,10
VEDL,Yes,2016-05-02,2016-11-01,98.55%,No,5,11
VEDL,Yes,2016-06-01,2016-11-28,119.42%,No,6,11
VEDL,Yes,2016-06-06,2016-12-05,115.04%,No,6,12
VEDL,Yes,2016-07-01,2016-12-28,58.03%,No,7,12
VEDL,Yes,2016-07-04,2017-01-02,60.68%,No,7,1
VEDL,Yes,2016-08-01,2017-01-30,58.40%,No,8,1
VEDL,Yes,2016-08-05,2017-02-01,55.36%,No,8,2
VEDL,Yes,2016-09-01,2017-02-28,53.50%,No,9,2
VEDL,Yes,2016-09-02,2017-03-01,55.41%,No,9,3
VEDL,Yes,2016-10-03,2017-04-03,53.82%,No,10,4
VEDL,Yes,2016-11-18,2017-05-17,27.46%,No,11,5
VEDL,Yes,2017-05-02,2017-10-30,40.98%,No,5,10
VEDL,Yes,2021-10-01,2022-03-30,50.07%,No,10,3
VEDL,Yes,2023-11-01,2024-04-29,89.55%,No,11,4
VEDL,Yes,2023-12-01,2024-05-29,102.79%,No,12,5
VEDL,Yes,2024-02-01,2024-07-30,70.52%,No,2,7
VMM,Yes,2024-12-23,2025-06-23,26.65%,No,12,6
VMM,Yes,2025-01-01,2025-06-30,26.50%,No,1,6
VMM,Yes,2025-01-13,2025-07-14,31.67%,No,1,7
VMM,Yes,2025-02-06,2025-08-05,26.27%,No,2,8
VMM,Yes,2025-03-03,2025-09-01,47.49%,No,3,9
VMM,Yes,2025-04-01,2025-09-29,41.63%,No,4,9
VMM,Yes,2025-04-04,2025-10-01,40.62%,No,4,10
VOLTAS,Yes,2016-02-01,2016-08-01,29.41%,No,2,8
VOLTAS,Yes,2016-03-01,2016-08-29,70.03%,No,3,8
VOLTAS,Yes,2016-03-08,2016-09-06,64.11%,No,3,9
VOLTAS,Yes,2016-04-01,2016-09-28,34.73%,No,4,9
VOLTAS,Yes,2016-04-04,2016-10-03,39.16%,No,4,10
VOLTAS,Yes,2016-05-02,2016-11-01,31.18%,No,5,11
VOLTAS,Yes,2016-11-09,2017-05-08,25.31%,No,11,5
VOLTAS,Yes,2016-12-01,2017-05-30,56.59%,No,12,5
VOLTAS,Yes,2016-12-05,2017-06-05,62.44%,No,12,6
VOLTAS,Yes,2017-01-02,2017-07-03,42.81%,No,1,7
VOLTAS,Yes,2017-02-01,2017-07-31,51.13%,No,2,7
VOLTAS,Yes,2017-05-02,2017-10-30,35.69%,No,5,10
VOLTAS,Yes,2017-06-01,2017-11-28,25.90%,No,6,11
VOLTAS,Yes,2017-06-06,2017-12-04,26.16%,No,6,12
VOLTAS,Yes,2017-07-03,2018-01-01,39.27%,No,7,1
VOLTAS,Yes,2018-10-08,2019-04-08,27.76%,No,10,4
VOLTAS,Yes,2021-08-23,2022-02-21,27.84%,No,8,2
VOLTAS,Yes,2023-08-01,2024-01-29,30.47%,No,8,1
VOLTAS,Yes,2023-09-01,2024-02-28,27.65%,No,9,2
VOLTAS,Yes,2023-09-04,2024-03-04,28.24%,No,9,3
VOLTAS,Yes,2023-11-01,2024-04-29,76.77%,No,11,4
WAAREEENER,Yes,2025-01-13,2025-07-14,28.54%,No,1,7
WAAREEENER,Yes,2025-02-03,2025-08-04,32.31%,No,2,8
WAAREEENER,Yes,2025-03-03,2025-09-01,51.25%,No,3,9
WAAREEENER,Yes,2025-04-01,2025-09-29,37.86%,No,4,9
WAAREEENER,Yes,2025-04-04,2025-10-01,54.19%,No,4,10
WAAREEENER,Yes,2025-05-02,2025-10-29,34.56%,No,5,10
WAAREEENER,Yes,2025-05-05,2025-11-03,26.84%,No,5,11
WIPRO,Yes,2017-01-31,2017-07-31,26.52%,No,1,7
WIPRO,Yes,2017-02-01,2017-07-31,27.07%,No,2,7
WIPRO,Yes,2017-02-02,2017-08-01,29.40%,No,2,8
WIPRO,Yes,2017-07-14,2018-01-10,25.73%,No,7,1
WIPRO,Yes,2018-05-21,2018-11-19,25.67%,No,5,11
WIPRO,Yes,2018-06-04,2018-12-03,26.18%,No,6,12
WIPRO,Yes,2018-07-02,2018-12-31,26.96%,No,7,12
WIPRO,Yes,2018-08-01,2019-01-28,28.05%,No,8,1
WIPRO,Yes,2018-08-06,2019-02-04,34.38%,No,8,2
WIPRO,Yes,2021-01-01,2021-06-30,40.91%,No,1,6
WIPRO,Yes,2021-03-01,2021-08-30,52.62%,No,3,8
WIPRO,Yes,2021-03-05,2021-09-01,52.56%,No,3,9
WIPRO,Yes,2021-04-01,2021-09-28,53.60%,No,4,9
WIPRO,Yes,2021-04-05,2021-10-04,50.68%,No,4,10
YESBANK,Yes,2015-11-30,2016-05-30,35.21%,No,11,5
YESBANK,Yes,2015-12-01,2016-05-30,36.42%,No,12,5
YESBANK,Yes,2015-12-04,2016-06-01,38.91%,No,12,6
YESBANK,Yes,2016-01-01,2016-06-29,47.90%,No,1,6
YESBANK,Yes,2016-01-04,2016-07-04,59.92%,No,1,7
YESBANK,Yes,2016-02-01,2016-08-01,59.69%,No,2,8
YESBANK,Yes,2016-03-01,2016-08-29,87.91%,No,3,8
YESBANK,Yes,2016-03-08,2016-09-06,91.56%,No,3,9
YESBANK,Yes,2016-04-01,2016-09-28,50.04%,No,4,9
YESBANK,Yes,2016-04-04,2016-10-03,47.79%,No,4,10
YESBANK,Yes,2016-05-02,2016-11-01,33.53%,No,5,11
YESBANK,Yes,2016-09-12,2017-03-14,27.11%,No,9,3
YESBANK,Yes,2016-10-10,2017-04-10,25.02%,No,10,4
YESBANK,Yes,2017-02-01,2017-07-31,29.09%,No,2,7
YESBANK,Yes,2021-08-23,2022-02-21,26.39%,No,8,2
YESBANK,Yes,2022-06-01,2022-11-28,29.43%,No,6,11
YESBANK,Yes,2022-06-06,2022-12-05,32.70%,No,6,12
YESBANK,Yes,2022-07-01,2022-12-28,59.29%,No,7,12
YESBANK,Yes,2022-07-04,2023-01-02,71.15%,No,7,1
YESBANK,Yes,2023-08-01,2024-01-29,42.40%,No,8,1
YESBANK,Yes,2023-09-01,2024-02-28,37.18%,No,9,2
YESBANK,Yes,2023-11-01,2024-04-29,69.38%,No,11,4
YESBANK,Yes,2025-05-02,2025-10-29,28.05%,No,5,10
ZYDUSLIFE,Yes,2016-01-22,2016-07-20,25.04%,No,1,7
ZYDUSLIFE,Yes,2016-03-31,2016-09-27,25.40%,No,3,9
ZYDUSLIFE,Yes,2016-05-02,2016-11-01,30.78%,No,5,11
ZYDUSLIFE,Yes,2016-06-03,2016-11-30,25.71%,No,6,11
ZYDUSLIFE,Yes,2016-11-08,2017-05-08,25.44%,No,11,5
ZYDUSLIFE,Yes,2016-12-06,2017-06-05,25.36%,No,12,6
ZYDUSLIFE,Yes,2017-02-01,2017-07-31,55.53%,No,2,7
ZYDUSLIFE,Yes,2017-02-02,2017-08-01,49.08%,No,2,8
ZYDUSLIFE,Yes,2021-01-01,2021-06-30,34.87%,No,1,6
ZYDUSLIFE,Yes,2021-03-01,2021-08-30,28.25%,No,3,8
ZYDUSLIFE,Yes,2021-04-05,2021-10-04,28.53%,No,4,10
ZYDUSLIFE,Yes,2022-05-04,2022-10-31,28.69%,No,5,10
ZYDUSLIFE,Yes,2022-07-22,2023-01-18,27.48%,No,7,1
ZYDUSLIFE,Yes,2022-08-08,2023-02-06,30.34%,No,8,2
ZYDUSLIFE,Yes,2022-09-01,2023-02-28,25.05%,No,9,2
ZYDUSLIFE,Yes,2022-09-02,2023-03-01,28.44%,No,9,3
ZYDUSLIFE,Yes,2022-10-21,2023-04-19,26.08%,No,10,4
ZYDUSLIFE,Yes,2023-06-05,2023-12-04,25.33%,No,6,12
ZYDUSLIFE,Yes,2023-11-01,2024-04-29,67.38%,No,11,4
ZYDUSLIFE,Yes,2023-12-01,2024-05-29,63.32%,No,12,5
