Symbol,Increased_25_pct,Start_Date,End_Date,Percentage_Change,Price_Start_Date,Price_End_Date,Target_Price_9m,Increase_9m_Pct,Target_Price_12m,Increase_12m_Pct,CAGR_Prev_3yr,CAGR_Prev_5yr,Market_Cap
360ONE,Yes,01-04-2024,30-09-2024,50.24%,684.2454834,1028.031616,1012.567758,-1.504220145,1016.764037,-1.096034295,42.63628998,32.43534834,459092426752
ABB,Yes,01-01-2021,30-06-2021,47.22%,1205.931519,1775.407593,2031.044926,14.3987969,2213.626014,24.68269386,19.61268665,10.65294661,1111177297920
ABB,Yes,05-04-2021,04-10-2021,36.02%,1352.185181,1839.228882,2189.793281,19.06040093,2170.763311,18.0257298,14.74560468,12.4004625,1111177297920
ABB,Yes,03-05-2021,01-11-2021,49.40%,1366.755493,2041.983887,2224.881223,8.956845214,2164.632444,6.006343074,20.74880108,16.28888127,1111177297920
ABB,Yes,02-08-2021,31-01-2022,36.69%,1652.919922,2259.319824,2157.422971,-4.510067704,2157.422971,-4.510067704,26.35249843,18.71494266,1111177297920
ABB,Yes,05-08-2021,01-02-2022,37.25%,1636.130127,2245.622559,2157.422971,-3.927622999,2157.422971,-3.927622999,26.09994386,18.296638,1111177297920
ABB,Yes,02-05-2022,31-10-2022,48.67%,2019.177002,3001.918213,3101.212422,3.307692005,4279.997807,42.57543024,32.56500334,19.81838632,1111177297920
ABB,Yes,04-09-2023,04-03-2024,30.68%,4253.980957,5559.256348,7748.381229,39.37801648,7538.944485,35.6106647,55.44972223,38.38117123,1111177297920
ABB,Yes,01-11-2023,29-04-2024,59.11%,4002.945313,6369.075684,7603.331445,19.37888358,7538.944485,18.36795259,67.4604518,37.23446781,1111177297920
ABCAPITAL,Yes,01-06-2022,28-11-2022,35.56%,101.0999985,137.0500031,145.5402785,6.195020284,181.4328939,32.38445079,7.555225219,-7.368604001,910418509824
ABCAPITAL,Yes,06-06-2022,05-12-2022,53.73%,103.1999969,158.6499939,145.584849,-8.235200353,181.4328939,14.36047957,14.10103876,-3.557435807,910418509824
ABCAPITAL,Yes,01-07-2022,28-12-2022,63.82%,90.09999847,147.6000061,145.5266668,-1.404701388,181.4328939,22.92200972,14.04802395,-4.369932186,910418509824
ABCAPITAL,Yes,04-07-2022,02-01-2023,72.28%,90.19999695,155.3999939,145.5266668,-6.35349261,181.4328939,16.75218853,13.4761266,-3.453050545,910418509824
ABCAPITAL,Yes,02-09-2022,01-03-2023,32.52%,114.6999969,152,172.5608108,13.52684922,172.8019613,13.68550083,25.17395136,-1.369516579,910418509824
ABCAPITAL,Yes,03-10-2022,03-04-2023,40.14%,109.75,153.8000031,181.5249987,18.02665479,181.7768515,18.19040826,52.40136327,0.235728525,910418509824
ABCAPITAL,Yes,31-10-2022,02-05-2023,43.73%,116.8499985,167.9499969,171.1875,1.927658893,178.2789473,6.150015223,49.8125399,0.980880415,910418509824
ABCAPITAL,Yes,01-11-2022,02-05-2023,42.03%,118.25,167.9499969,171.1875,1.927658893,178.2789473,6.150015223,49.8125399,0.980880415,910418509824
ABCAPITAL,Yes,01-02-2023,31-07-2023,43.50%,136.4499969,195.8000031,178.4812498,-8.845124092,179.1219695,-8.51789238,53.53420591,5.972947517,910418509824
ABCAPITAL,Yes,01-11-2023,29-04-2024,41.48%,170.1000061,240.6499939,223.8714014,-6.972197363,221.0256106,-8.154740835,27.5755564,19.3918933,910418509824
ABCAPITAL,Yes,01-12-2023,29-05-2024,32.93%,169.8999939,225.8500061,221.2166674,-2.051511433,221.109303,-2.099049374,22.33770227,17.70840213,910418509824
ABCAPITAL,Yes,01-04-2024,30-09-2024,30.59%,181.8500061,237.4799957,197.6875618,-16.75612037,188.8414634,-20.48110712,28.18488771,22.85562304,910418509824
ACC,Yes,04-09-2023,04-03-2024,30.94%,2044.539185,2677.173096,2347.206945,-12.32517059,2432.015741,-9.15732176,14.81408541,14.11848911,332856000512
ACC,Yes,01-11-2023,29-04-2024,36.97%,1831.112305,2508.089844,2264.582375,-9.708881434,1960.218907,-21.84415115,11.59531918,10.22869363,332856000512
ACC,Yes,01-12-2023,29-05-2024,33.48%,1887.224976,2519.114014,2324.304827,-7.733242148,1947.28047,-22.69978811,9.686501837,9.197780962,332856000512
ADANIENT,Yes,01-01-2021,30-06-2021,206.94%,489.9598694,1503.896973,1718.461468,14.2672337,1716.982564,14.16889555,176.0610676,100.5945585,2905820626944
ADANIENT,Yes,01-04-2021,28-09-2021,34.42%,1104.51709,1484.650879,1728.689775,16.43746013,1729.855184,16.51595729,125.7845236,108.1705566,2905820626944
ADANIENT,Yes,01-10-2021,30-03-2022,36.78%,1456.101563,1991.696045,2142.480861,7.570674087,2205.545422,10.73704884,144.6010858,103.9280182,2905820626944
ADANIENT,Yes,31-01-2022,01-08-2022,55.18%,1711.895264,2656.505859,3978.386645,49.76013061,1872.597936,-29.50898531,177.536905,103.9835537,2905820626944
ADANIENT,Yes,01-11-2023,29-04-2024,38.96%,2215.335205,3078.469727,3124.298872,1.488698921,3101.221313,0.73905508,37.68509748,88.37713247,2905820626944
ADANIGREEN,Yes,01-11-2023,29-04-2024,105.27%,880.25,1806.849976,1781.843853,-1.38396229,1762.09755,-2.476820212,19.61537368,111.1984506,1694225268736
ADANIPORTS,Yes,01-01-2021,30-06-2021,40.64%,489.0959473,687.8793945,724.3758744,5.305650984,725.6207072,5.486617707,24.52040417,28.43272485,3238278987776
ADANIPORTS,Yes,01-09-2023,28-02-2024,62.54%,792.2301025,1287.683472,1467.884527,13.99420423,1456.575903,13.11598966,25.20200464,32.72112653,3238278987776
ADANIPORTS,Yes,01-11-2023,29-04-2024,71.27%,762.1064453,1305.272095,1457.101785,11.63203375,1453.132574,11.32794307,21.65902843,28.26855567,3238278987776
ADANIPOWER,Yes,01-01-2021,30-06-2021,126.22%,10.02999973,22.69000053,20.30188237,-10.52498063,21.98781515,-3.094690903,91.51846859,30.04717891,2802644680704
ADANIPOWER,Yes,01-03-2021,30-08-2021,68.34%,11.14999962,18.77000046,20.75263641,10.56279116,21.49284676,14.50637313,39.66310398,27.77989687,2802644680704
ADANIPOWER,Yes,01-10-2021,30-03-2022,76.90%,19.38999939,34.29999924,64.78777832,88.88565529,54.62938791,59.26935606,54.06255248,33.86228795,2802644680704
ADANIPOWER,Yes,01-12-2021,30-05-2022,236.05%,20.25,68.05000305,65.98000038,-3.04188476,65.98000038,-3.04188476,87.58142123,65.56486063,2802644680704
ADANIPOWER,Yes,03-12-2021,01-06-2022,204.66%,20.15999985,61.41999817,66.01325035,7.478430998,54.29100027,-11.60696534,82.7090729,62.68376283,2802644680704
ADANIPOWER,Yes,31-01-2022,01-08-2022,202.92%,21.25,64.37000275,66.09921084,2.686357028,48.94934779,-23.95627513,75.63956828,57.36622896,2802644680704
ADANIPOWER,Yes,01-11-2023,29-04-2024,63.23%,73.04000092,119.2200012,136.6289178,14.60234558,101.2458209,-15.07648056,83.16780182,65.23222467,2802644680704
ALKEM,Yes,01-03-2021,30-08-2021,38.20%,2708.765625,3743.608398,3369.670834,-9.988693379,3369.670834,-9.988693379,24.28426914,21.21210027,677156356096
ALKEM,Yes,01-02-2023,31-07-2023,32.90%,2936.357178,3902.405762,4900.152066,25.56746698,4904.645962,25.68262404,15.60445554,14.65623682,677156356096
ALKEM,Yes,01-11-2023,29-04-2024,32.05%,3659.877441,4833.005859,5410.664627,11.95237052,4996.046053,3.373473954,22.24012037,24.71629117,677156356096
AMBUJACEM,Yes,01-04-2021,28-09-2021,32.83%,300.7454224,399.4788818,364.9631816,-8.640181458,370.3075303,-7.302351362,26.27670343,11.9767146,1356527566848
AMBUJACEM,Yes,05-04-2021,04-10-2021,32.82%,295.9586182,393.0964966,364.8708763,-7.180328641,369.9859322,-5.87910718,27.50143539,12.01893228,1356527566848
AMBUJACEM,Yes,03-05-2021,01-11-2021,31.49%,301.3739929,396.2876587,365.0352736,-7.886287761,369.2080411,-6.833323462,30.7113304,13.2496336,1356527566848
AMBUJACEM,Yes,02-05-2022,31-10-2022,40.94%,373.4604187,526.3406982,387.6489105,-26.3501926,439.3254189,-16.53212066,42.7844756,16.26932784,1356527566848
AMBUJACEM,Yes,01-06-2022,28-11-2022,52.95%,367.0410156,561.4004517,387.6489105,-30.9496618,418.0396581,-25.53628042,45.25538733,19.38626048,1356527566848
AMBUJACEM,Yes,06-06-2022,05-12-2022,57.13%,360.3747253,566.2396851,418.075155,-26.16639809,418.0396581,-26.17266696,46.57100516,19.82919573,1356527566848
AMBUJACEM,Yes,01-07-2022,28-12-2022,41.04%,362.9918518,511.9711304,434.3970535,-15.15204125,434.2568681,-15.17942275,43.24138626,16.45834006,1356527566848
AMBUJACEM,Yes,04-07-2022,02-01-2023,42.86%,363.9794617,519.9706421,434.2636454,-16.48304535,419.5157151,-19.31934591,41.49855554,17.11908153,1356527566848
AMBUJACEM,Yes,01-02-2023,31-07-2023,39.39%,329.9566956,459.9228516,437.3507808,-4.907795015,420.4996956,-8.571688899,32.3362118,17.57029147,1356527566848
AMBUJACEM,Yes,01-09-2023,28-02-2024,35.80%,431.0162354,585.3338013,619.6229335,5.858047524,614.1167615,4.917358291,30.47237366,25.29895545,1356527566848
AMBUJACEM,Yes,04-09-2023,04-03-2024,39.90%,438.2180481,613.0483398,619.8581588,1.110812726,614.4132171,0.222637787,29.64041832,25.82920107,1356527566848
AMBUJACEM,Yes,03-10-2023,01-04-2024,43.80%,429.3275452,617.3693848,620.1143447,0.444621967,614.6078727,-0.447303046,27.09116317,24.11272531,1356527566848
AMBUJACEM,Yes,01-11-2023,29-04-2024,54.84%,403.9473267,625.465271,620.1222185,-0.854252459,542.3486031,-13.28877426,27.22972936,25.36414367,1356527566848
AMBUJACEM,Yes,01-12-2023,29-05-2024,42.56%,439.0624084,625.9122314,616.5578192,-1.49452459,541.9305251,-13.41748924,25.73067495,24.52873822,1356527566848
APOLLOHOSP,Yes,01-01-2021,30-06-2021,49.90%,2386.8479,3577.874756,4746.845676,32.67221465,4478.447978,25.17061897,51.79336454,22.86721514,1013897494528
APOLLOHOSP,Yes,04-01-2021,05-07-2021,54.33%,2381.3125,3674.985596,4549.950156,23.80865278,4478.447978,21.86300765,53.12036084,22.97488925,1013897494528
APOLLOHOSP,Yes,01-04-2021,28-09-2021,52.51%,2860.490967,4362.55957,4480.164816,2.695785443,4471.597458,2.499401683,62.19002896,27.00684692,1013897494528
APOLLOHOSP,Yes,01-07-2021,28-12-2021,31.77%,3635.795654,4790.948242,4470.555729,-6.68745511,4330.651706,-9.607629073,57.84049928,33.68941928,1013897494528
APOLLOHOSP,Yes,01-09-2023,28-02-2024,31.56%,4815.582031,6335.503906,6977.14772,10.12774712,6832.522058,7.844966386,27.96924434,41.43839711,1013897494528
ASTRAL,Yes,01-01-2021,30-06-2021,51.90%,973.241394,1478.368774,1511.560693,2.245171808,1557.000944,5.318846735,48.86610569,47.92150273,393008349184
ATGL,Yes,01-09-2023,28-02-2024,60.75%,633.4469604,1018.252136,928.0079831,-8.862652959,920.299982,-9.619636504,25.79425614,58.62013584,645478547456
ATGL,Yes,01-11-2023,29-04-2024,66.55%,551.4490967,918.4656372,878.9798499,-4.299103388,910.6989166,-0.84561907,-7.117535865,45.17804591,645478547456
AUROPHARMA,Yes,01-12-2022,30-05-2023,39.66%,462.1766968,645.4542236,874.9290443,35.55245473,1026.406797,59.0208506,-3.60339205,3.575476839,684242370560
AUROPHARMA,Yes,05-12-2022,05-06-2023,42.33%,459.1704407,653.5378418,1026.017893,56.99441224,866.1736278,32.53610922,-3.131139163,4.922555018,684242370560
AUROPHARMA,Yes,02-01-2023,03-07-2023,64.88%,428.5656128,706.602478,859.8384185,21.68630103,849.7397318,20.25711178,-2.040917593,3.324338633,684242370560
AUROPHARMA,Yes,01-02-2023,31-07-2023,100.49%,406.7825623,815.5584717,859.6765032,5.409548556,1023.648844,25.51507708,-1.182587126,7.568754061,684242370560
AUROPHARMA,Yes,01-03-2023,28-08-2023,78.79%,459.87677,822.2039185,1038.730254,26.33487032,1011.137157,22.97887837,-0.746993251,4.60284278,684242370560
AUROPHARMA,Yes,04-09-2023,04-03-2024,33.69%,812.9300537,1086.820313,1241.169287,14.20188534,1242.076676,14.28537559,8.56211857,9.315401821,684242370560
AUROPHARMA,Yes,01-11-2023,29-04-2024,34.65%,852.2077637,1147.492676,1227.353041,6.959553391,1230.061955,7.195625807,6.911173035,7.52898169,684242370560
AUROPHARMA,Yes,01-04-2024,30-09-2024,31.20%,1109.186401,1455.237305,1160.587487,-20.24754431,1142.516259,-21.48935058,27.31302028,20.80227462,684242370560
AXISBANK,Yes,01-06-2022,28-11-2022,30.17%,683.1973267,889.3440552,863.6637279,-2.887558214,954.0410094,7.274682257,5.963659367,9.711325119,3785934241792
AXISBANK,Yes,06-06-2022,05-12-2022,33.97%,669.4050293,896.8241577,863.6637279,-3.697539765,960.8729067,7.141728783,7.286927539,11.08138732,3785934241792
AXISBANK,Yes,01-07-2022,28-12-2022,43.82%,641.2724609,922.2568359,956.4842224,3.711264058,961.13012,4.215017183,6.803965329,11.13899205,3785934241792
BAJAJ-AUTO,Yes,01-02-2023,31-07-2023,33.35%,3577.677979,4770.734863,4617.225643,-3.217726932,4653.345454,-2.460614824,21.99233623,16.6355637,2515234455552
BAJAJ-AUTO,Yes,01-06-2023,28-11-2023,33.12%,4358.959961,5802.72998,9298.824862,60.24913951,9403.237107,62.04850369,27.87300671,22.1771309,2515234455552
BAJAJ-AUTO,Yes,05-06-2023,04-12-2023,35.70%,4421.336426,5999.648926,8641.425484,44.03218573,9403.237107,56.72978907,27.48368096,21.53757624,2515234455552
BAJAJ-AUTO,Yes,03-07-2023,01-01-2024,45.34%,4460.43457,6482.77832,8579.598066,32.34446163,8606.105655,32.75335404,28.65456107,23.76978892,2515234455552
BAJAJ-AUTO,Yes,01-08-2023,29-01-2024,53.31%,4763.527832,7302.859863,8620.00552,18.03602535,8611.984388,17.92618986,27.74711608,28.28614026,2515234455552
BAJAJ-AUTO,Yes,07-08-2023,05-02-2024,63.98%,4517.948242,7408.744141,8663.258168,16.93288367,8681.596235,17.18040291,26.04003132,27.26897123,2515234455552
BAJAJ-AUTO,Yes,01-09-2023,28-02-2024,75.40%,4516.352051,7921.86377,9333.642983,17.82130134,8763.213485,10.62060318,33.60231771,27.2495368,2515234455552
BAJAJ-AUTO,Yes,04-09-2023,04-03-2024,76.99%,4486.071777,7939.90625,8703.516443,9.617370389,8504.869466,7.11548976,32.77404799,27.63563473,2515234455552
BAJAJ-AUTO,Yes,03-10-2023,01-04-2024,80.25%,4853.01416,8747.557617,8646.045373,-1.160463858,8515.592141,-2.651774205,38.77255758,29.66375317,2515234455552
BAJAJ-AUTO,Yes,01-11-2023,29-04-2024,63.91%,5170.230957,8474.695313,9269.188,9.37488202,9436.974072,11.35472987,36.19088717,27.73374543,2515234455552
BAJAJ-AUTO,Yes,01-12-2023,29-05-2024,50.02%,5849.069336,8774.693359,8680.139267,-1.077577166,9436.974072,7.547622302,33.68868696,29.65661291,2515234455552
BAJAJ-AUTO,Yes,01-04-2024,30-09-2024,37.65%,8747.557617,12040.78906,8349.953214,-30.65277391,8324.595503,-30.86337233,51.43051061,37.36427071,2515234455552
BAJAJFINSV,Yes,01-01-2021,30-06-2021,36.51%,885.053833,1208.18689,1644.721622,36.13139124,1616.88555,33.82743715,27.70429062,39.18853583,3249491148800
BAJAJFINSV,Yes,01-07-2021,28-12-2021,36.29%,1178.992432,1606.860352,1640.65431,2.103104883,1642.743483,2.233120713,35.33522445,41.93022176,3249491148800
BAJAJHLDNG,Yes,01-07-2021,28-12-2021,44.84%,3330.235107,4823.530273,4656.789442,-3.456821492,4656.789442,-3.456821492,22.16464412,25.51703588,1233853349888
BAJAJHLDNG,Yes,02-08-2021,31-01-2022,31.64%,3714.078369,4889.093262,4656.789442,-4.751470406,4656.789442,-4.751470406,23.96577863,22.79545744,1233853349888
BAJAJHLDNG,Yes,05-08-2021,01-02-2022,34.59%,3677.840576,4949.82373,4656.789442,-5.920095425,4656.789442,-5.920095425,24.20344899,22.56127326,1233853349888
BANKBARODA,Yes,01-01-2021,30-06-2021,33.18%,57.18026352,76.15170288,70.68116077,-7.183742328,70.89779214,-6.899268879,-8.640441541,-10.88535285,1463059349504
BANKBARODA,Yes,12-04-2021,11-10-2021,32.38%,58.59868622,77.57013702,90.18597882,16.26378691,90.56945786,16.75815119,-2.342914326,-11.4574908,1463059349504
BANKBARODA,Yes,02-08-2021,31-01-2022,33.19%,71.58615112,95.34476471,90.34054702,-5.248550039,96.16199771,0.857134633,-1.474120458,-8.087887378,1463059349504
BANKBARODA,Yes,01-09-2021,28-02-2022,35.99%,69.45850372,94.45825195,92.73854241,-1.820602761,88.30360326,-6.515734271,1.799119198,-8.276101362,1463059349504
BANKBARODA,Yes,02-09-2021,02-03-2022,31.51%,69.50283813,91.39977264,92.77377319,1.503286616,88.23159932,-3.466281406,-1.566183671,-8.464440063,1463059349504
BANKBARODA,Yes,01-10-2021,30-03-2022,38.27%,73.09321594,101.0627975,88.58342495,-12.3481369,152.5549236,50.95062412,-4.307953521,-7.939694516,1463059349504
BANKBARODA,Yes,04-03-2022,01-09-2022,36.72%,89.13916016,121.8678131,167.4586636,37.41008334,168.3509996,38.14229965,14.07676202,-0.113341003,1463059349504
BANKBARODA,Yes,02-05-2022,31-10-2022,34.94%,99.95465851,134.8810425,167.7010107,24.33252856,165.0968774,22.40183967,16.1090499,-2.183028781,1463059349504
BANKBARODA,Yes,01-06-2022,28-11-2022,69.76%,90.29162598,153.2822266,166.5637193,8.66473107,169.1903375,10.37831408,17.56766702,0.075833928,1463059349504
BANKBARODA,Yes,06-06-2022,05-12-2022,73.57%,90.46893311,157.0263824,166.5637193,6.073716198,169.1903375,7.746440325,20.09942922,0.824819407,1463059349504
BANKBARODA,Yes,01-07-2022,28-12-2022,87.52%,88.53566742,166.0214996,169.1640827,1.892877182,168.4131961,1.440594427,21.56277521,2.846939862,1463059349504
BANKBARODA,Yes,01-02-2023,31-07-2023,34.69%,141.1822205,190.1554718,181.1402496,-4.740974363,181.8424403,-4.3717025,66.10862058,6.941856408,1463059349504
BANKBARODA,Yes,01-11-2023,29-04-2024,39.44%,183.8545685,256.3619385,234.5897511,-8.492753438,238.9001438,-6.811383453,62.93781816,18.59763709,1463059349504
BANKBARODA,Yes,01-12-2023,29-05-2024,30.49%,189.8263397,247.7099457,241.8813029,-2.353011224,238.7861954,-3.602499785,49.3658492,15.43044401,1463059349504
BANKINDIA,Yes,01-01-2021,30-06-2021,55.33%,44.08289337,68.47571564,48.97781345,-28.47418534,47.36397335,-30.83099183,-3.799693719,-5.108246232,634550812672
BANKINDIA,Yes,02-05-2022,31-10-2022,31.97%,41.92929077,55.33327484,68.96648532,24.63835823,68.80775177,24.35149008,-4.045037872,-19.91608206,634550812672
BANKINDIA,Yes,01-07-2022,28-12-2022,103.47%,39.33618164,80.03809357,68.23792718,-14.74318773,68.92936996,-13.87929561,8.240811166,-11.71283847,634550812672
BANKINDIA,Yes,01-08-2022,30-01-2023,59.41%,45.13909912,71.95622253,68.45641895,-4.863795597,71.50034046,-0.633554759,7.388039518,-12.72862148,634550812672
BANKINDIA,Yes,01-09-2022,28-02-2023,37.31%,47.38916016,65.06826019,69.36329704,6.600817104,68.3634802,5.064250978,13.18566626,-8.623865775,634550812672
BANKINDIA,Yes,31-10-2022,02-05-2023,40.58%,55.33327484,77.7880249,69.07059746,-11.20664454,69.49763177,-10.65767275,35.97434255,-2.705225202,634550812672
BANKINDIA,Yes,01-11-2023,29-04-2024,58.75%,92.51062012,146.8564606,114.5391193,-22.0060739,114.27453,-22.18624255,35.26850831,12.60001266,634550812672
BDL,Yes,01-02-2023,31-07-2023,36.24%,445.7006531,607.2320557,878.3754679,44.65235485,532.3617569,-12.32976719,49.98274561,29.30192168,496912105472
BDL,Yes,01-08-2023,29-01-2024,36.96%,605.6985474,829.5403442,847.8300336,2.204798052,847.8300336,2.204798052,74.51926433,48.48364243,496912105472
BDL,Yes,01-09-2023,28-02-2024,59.99%,565.6549683,905.013855,1122.085972,23.98550205,1207.140245,33.3836204,76.29710996,46.14106921,496912105472
BDL,Yes,01-11-2023,29-04-2024,101.30%,487.854187,982.0440063,1200.491384,22.24415369,1199.414681,22.13451463,81.54552635,50.16340617,496912105472
BEL,Yes,01-01-2021,30-06-2021,43.82%,38.78839111,55.78424072,66.14727067,18.57698485,65.77047119,17.9015262,21.18288766,11.70923165,2836194131968
BEL,Yes,01-04-2021,28-09-2021,67.84%,39.51905823,66.3276062,65.30455316,-1.542424183,66.38477608,0.086193189,41.83394261,15.12245361,2836194131968
BEL,Yes,31-01-2022,01-08-2022,37.55%,66.12265778,90.95068359,96.21071014,5.783383195,104.6967773,15.11378827,46.52435186,14.26568999,2836194131968
BEL,Yes,01-07-2022,28-12-2022,30.93%,73.54140472,96.29008484,94.19180832,-2.179120024,91.53896111,-4.934177525,47.99433905,13.1801831,2836194131968
BEL,Yes,01-02-2023,31-07-2023,45.56%,87.79531097,127.7942581,136.9808924,7.18861273,133.4034172,4.389210572,63.89305044,30.65240242,2836194131968
BEL,Yes,01-09-2023,28-02-2024,49.75%,135.4040527,202.769104,294.6888611,45.33223024,281.1746971,38.66742591,68.35150085,53.27177631,2836194131968
BEL,Yes,01-11-2023,29-04-2024,79.11%,130.0507507,232.9306488,283.1050789,21.54050157,282.7232932,21.37659627,78.88107655,55.27193302,2836194131968
BEL,Yes,01-12-2023,29-05-2024,99.60%,144.8337097,289.0853577,282.4797763,-2.284993411,294.3158713,1.809331912,85.35544753,54.48942023,2836194131968
BHARATFORG,Yes,01-01-2021,30-06-2021,41.59%,519.8908081,736.1174927,754.5083961,2.498365215,708.4423352,-3.759611441,8.324428472,15.66609693,678872481792
BHARATFORG,Yes,04-01-2021,05-07-2021,39.50%,533.9000244,744.8128662,754.9808303,1.365170302,708.4423352,-4.883177058,8.601778095,15.69409658,678872481792
BHARATFORG,Yes,12-04-2021,11-10-2021,37.00%,561.3389893,769.0250854,707.8772685,-7.951342308,708.1897799,-7.910704954,13.4317053,11.89301693,678872481792
BHARATFORG,Yes,01-07-2022,28-12-2022,36.71%,626.7559204,856.8270264,757.0300252,-11.64727513,760.6923466,-11.2198468,22.15068348,4.369216144,678872481792
BHARATFORG,Yes,01-02-2024,30-07-2024,42.70%,1213.608032,1731.785156,1068.167097,-38.31988376,1295.675075,-25.18268967,32.32784385,34.26871734,678872481792
BHARATFORG,Yes,01-04-2024,30-09-2024,32.55%,1136.214478,1506.107422,1314.803182,-12.70189876,1203.169599,-20.11395859,28.23339277,28.61727987,678872481792
BHARTIARTL,Yes,01-04-2021,28-09-2021,36.18%,499.6285095,680.3890991,672.3564072,-1.180602682,678.7103831,-0.246728824,32.16988349,19.79746677,12803449552896
BHARTIARTL,Yes,02-08-2021,31-01-2022,31.47%,542.1755981,712.7884521,674.495752,-5.372239138,676.8641506,-5.03996683,38.39118757,19.02172977,12803449552896
BHARTIARTL,Yes,01-09-2023,28-02-2024,30.35%,854.0115356,1113.188354,1407.137903,26.4060927,1590.91117,42.91482332,27.76967417,31.86980128,12803449552896
BHARTIARTL,Yes,04-09-2023,04-03-2024,31.00%,853.3704834,1117.872925,1423.979129,27.38291603,1604.113853,43.49697694,29.25521941,32.86108737,12803449552896
BHARTIARTL,Yes,03-10-2023,01-04-2024,31.56%,912.5432739,1200.566895,1434.81009,19.51104903,1608.800599,34.00341176,33.94084997,32.04076807,12803449552896
BHARTIARTL,Yes,01-11-2023,29-04-2024,45.87%,900.8566895,1314.080078,1581.42711,20.34480517,1598.412035,21.63733869,36.30849208,33.39625264,12803449552896
BHARTIARTL,Yes,01-12-2023,29-05-2024,35.71%,1000.710754,1358.114502,1590.764471,17.13036484,1610.765321,18.60305729,39.31145681,33.2032146,12803449552896
BHARTIARTL,Yes,01-03-2024,28-08-2024,38.66%,1113.139038,1543.446899,1572.42553,1.877526912,1585.83261,2.74617225,39.30381773,36.09727885,12803449552896
BHEL,Yes,01-01-2021,30-06-2021,69.38%,38.18823242,64.6831665,57.95335693,-10.40426735,49.95348096,-22.77205391,-1.347985754,-3.717614204,972714409984
BHEL,Yes,04-01-2021,05-07-2021,62.24%,40.11244583,65.07788086,57.95335693,-10.94768888,49.95348096,-23.24046158,0.73584628,-5.275809797,972714409984
BHEL,Yes,05-04-2021,04-10-2021,33.78%,48.35202789,64.6831665,49.88262499,-22.88159705,49.9564505,-22.76746301,-2.567078406,-5.251283106,972714409984
BHEL,Yes,03-05-2021,01-11-2021,34.11%,52.79251862,70.80118561,49.47139986,-30.12631153,50.01809147,-29.35416117,1.962128486,-4.011980703,972714409984
BHEL,Yes,02-05-2022,31-10-2022,42.22%,51.7070694,73.53692627,79.9368384,8.702991074,78.31785455,6.501398032,9.635555817,-4.227986714,972714409984
BHEL,Yes,01-06-2022,28-11-2022,58.45%,51.01632309,80.83600616,78.92606957,-2.362730032,81.06130209,0.278707393,14.72608387,-1.602109112,972714409984
BHEL,Yes,06-06-2022,05-12-2022,72.96%,50.32557678,87.04270172,77.55033004,-10.9054194,82.16218934,-5.607032279,21.85585012,0.724719858,972714409984
BHEL,Yes,01-07-2022,28-12-2022,70.19%,45.0463295,76.6651001,78.44789935,2.325437845,73.83554754,-3.690796142,21.65578493,-2.230537049,972714409984
BHEL,Yes,04-07-2022,02-01-2023,76.50%,45.09566498,79.59466553,78.42780126,-1.46600813,74.45268906,-6.460202365,21.11645994,-2.739333396,972714409984
BHEL,Yes,01-08-2022,30-01-2023,36.24%,53.97665024,73.53692627,77.95724718,6.011022128,75.11296713,2.143196536,19.15538063,-4.916511814,972714409984
BHEL,Yes,05-08-2022,01-02-2023,47.30%,50.96697998,75.0761795,78.02996733,3.934387507,75.37774128,0.401674374,21.18508114,-4.285064722,972714409984
BHEL,Yes,01-02-2023,31-07-2023,37.63%,75.0761795,103.329071,125.7438736,21.69263918,130.000086,25.81172429,42.81319398,8.245331372,972714409984
BHEL,Yes,01-09-2023,28-02-2024,65.04%,135.750473,224.0406189,292.3323805,30.48186617,293.8409015,31.15519092,68.332151,29.24951667,972714409984
BHEL,Yes,01-11-2023,29-04-2024,127.81%,121.1933212,276.0874329,295.0419646,6.865409117,293.8409015,6.430379107,80.97920788,32.08713313,972714409984
BHEL,Yes,01-12-2023,29-05-2024,72.49%,169.9996643,293.236969,295.1154572,0.64060417,231.6667134,-20.99675761,60.48104089,33.80163709,972714409984
BHEL,Yes,04-12-2023,03-06-2024,78.94%,173.5392609,310.5360718,293.9894772,-5.328396964,231.6667134,-25.397809,63.23688617,35.11657907,972714409984
BIOCON,Yes,01-02-2024,30-07-2024,33.34%,269.2164612,358.9700623,337.0832334,-6.097118153,336.8781502,-6.154249175,-2.090293646,9.146888025,513870725120
BLUESTARCO,Yes,01-09-2021,28-02-2022,38.62%,375.8285828,520.9847412,489.6522365,-6.014092584,494.97229,-4.992939162,21.32763504,15.01811368,373268807680
BLUESTARCO,Yes,02-09-2021,02-03-2022,32.57%,385.3952942,510.9068298,489.6522365,-4.160170126,494.6101414,-3.189757403,20.27279716,14.4544324,373268807680
BLUESTARCO,Yes,01-07-2022,28-12-2022,34.28%,436.2961426,585.8544922,727.82198,24.23255086,731.682971,24.89158669,15.29463462,9.007094783,373268807680
BLUESTARCO,Yes,01-06-2023,28-11-2023,39.42%,710.1564331,990.0700684,1693.964115,71.09537691,1701.203701,71.82659644,36.02436051,26.76450425,373268807680
BLUESTARCO,Yes,01-11-2023,29-04-2024,57.67%,925.994751,1460.005249,1706.506973,16.88361902,1708.253752,17.00326097,51.47469736,36.36043902,373268807680
BOSCHLTD,Yes,12-04-2021,11-10-2021,31.01%,12735.94434,16684.90625,13192.0832,-20.93402864,15760.30391,-5.541549503,-0.133317759,-4.408520539,1069551845376
BOSCHLTD,Yes,03-05-2021,01-11-2021,30.93%,12581.0498,16472.65625,15254.69087,-7.393861427,15233.52101,-7.522376617,-2.877422559,-3.989416014,1069551845376
BOSCHLTD,Yes,07-08-2023,05-02-2024,32.79%,17737.29102,23553.25195,29260.20128,24.22998464,30479.94243,29.40863747,16.08169205,6.170096447,1069551845376
BOSCHLTD,Yes,01-09-2023,28-02-2024,50.28%,18507.59766,27813.04883,29363.50926,5.574579195,34058.00169,22.45332001,26.23077046,9.79411924,1069551845376
BOSCHLTD,Yes,04-09-2023,04-03-2024,54.86%,18585.57813,28780.99219,29363.50926,2.023964533,33984.22687,18.07871892,26.59508167,10.87209599,1069551845376
BOSCHLTD,Yes,01-11-2023,29-04-2024,52.39%,18869.81836,28755.2207,33989.42177,18.20261136,33984.22687,18.18454541,31.54325415,11.73759806,1069551845376
BOSCHLTD,Yes,01-12-2023,29-05-2024,41.97%,21526.18945,30561.70508,34129.01555,11.6724851,33984.22687,11.19872658,29.53779341,14.40784602,1069551845376
BOSCHLTD,Yes,01-02-2024,30-07-2024,49.28%,23082.05273,34456.87891,26547.47278,-22.9545054,31087.69056,-9.777984688,34.89058333,21.36785326,1069551845376
BPCL,Yes,01-08-2023,29-01-2024,38.19%,163.4545441,225.8828735,283.3286467,25.43166387,283.1748528,25.36357821,19.1913531,16.01543739,1597220847616
BPCL,Yes,07-08-2023,05-02-2024,68.76%,156.1586304,263.5261841,279.1663862,5.934970814,278.9826676,5.865255315,22.2273574,20.13568346,1597220847616
BPCL,Yes,01-09-2023,28-02-2024,85.38%,150.6980896,279.3675537,279.0491003,-0.113990839,282.3178898,1.056076849,19.75541599,20.7808524,1597220847616
BPCL,Yes,04-09-2023,04-03-2024,94.58%,150.9169922,293.6500244,279.0162593,-4.983403341,282.2653328,-3.876959202,20.52050976,21.38604229,1597220847616
BPCL,Yes,01-02-2024,30-07-2024,36.97%,233.1272736,319.3034363,247.7781598,-22.40040924,320.4880809,0.371009051,25.12698546,24.20318175,1597220847616
BSE,Yes,01-09-2021,28-02-2022,64.62%,126.5662689,208.3597107,213.5202861,2.476762606,189.2606279,-9.166399186,55.80251361,19.62875873,1058331754496
BSE,Yes,02-09-2021,02-03-2022,69.82%,125.5581131,213.2254028,213.5264295,0.141177673,189.2606279,-11.23917444,56.84073461,20.9520497,1058331754496
BSE,Yes,01-10-2021,30-03-2022,132.31%,129.3625793,300.5213013,190.9929857,-36.44610719,192.0892737,-36.08131174,71.93118688,28.19023935,1058331754496
BSE,Yes,04-10-2021,04-04-2022,123.31%,131.3205414,293.2466125,189.9763281,-35.21619006,189.2553123,-35.46206361,70.79400458,27.28169177,1058331754496
BSE,Yes,01-11-2021,02-05-2022,97.56%,143.5139313,283.5205383,191.0302118,-32.62209047,193.635085,-31.70333051,66.8990857,25.74385644,1058331754496
BSE,Yes,01-02-2023,31-07-2023,60.66%,164.0712585,263.5986633,775.8408694,194.3265567,779.3593198,195.6613323,69.92406868,28.18231243,1058331754496
BSE,Yes,02-05-2023,30-10-2023,265.12%,171.7585297,627.1209717,754.6458306,20.33496959,750.0280979,19.59863116,130.1058109,61.16777025,1058331754496
BSE,Yes,01-11-2023,29-04-2024,54.42%,593.0502319,915.7975464,907.6986876,-0.884350344,825.9943773,-9.806006737,143.8453879,72.53931989,1058331754496
CANBK,Yes,02-08-2021,31-01-2022,62.56%,27.20782089,44.23019028,41.00087645,-7.301152925,41.54305016,-6.075352841,0.371726179,-1.673051844,1334927687680
CANBK,Yes,01-09-2021,28-02-2022,36.36%,28.1607914,38.39869308,41.05925237,6.928775627,41.53629634,8.171119898,-1.736618154,-5.714523499,1334927687680
CANBK,Yes,02-05-2022,31-10-2022,30.71%,40.17350006,52.50984573,56.09743448,6.832221078,57.23615544,9.000806681,13.84007113,-5.834520193,1334927687680
CANBK,Yes,01-11-2023,29-04-2024,61.97%,72.05370331,116.7089539,101.0805208,-13.39094602,101.2043813,-13.28481838,68.50596793,19.54304273,1334927687680
CANBK,Yes,01-12-2023,29-05-2024,42.03%,77.12923431,109.5468292,98.81152694,-9.799738027,101.2534483,-7.570626157,56.99636801,18.12063307,1334927687680
CGPOWER,Yes,01-01-2021,30-06-2021,77.16%,44.2045517,78.31086731,79.31502987,1.28227741,175.0753882,123.564614,12.23426555,1.410493743,1060435001344
CGPOWER,Yes,01-06-2021,29-11-2021,77.01%,83.11247253,147.1174927,170.3113276,15.76551807,168.3437816,14.42812037,57.13515041,15.02506274,1060435001344
CGPOWER,Yes,04-06-2021,01-12-2021,78.36%,83.70648956,149.2955475,172.3953325,15.47252106,169.3512628,13.43356561,57.29317562,14.5675408,1060435001344
CGPOWER,Yes,01-07-2021,28-12-2021,138.44%,78.55836487,187.312439,172.1828637,-8.077186637,166.5593906,-11.07937547,60.63003968,26.37366956,1060435001344
CGPOWER,Yes,05-07-2021,03-01-2022,141.95%,80.2414093,194.1436157,172.1828637,-11.31160145,166.5593906,-14.20815465,65.38501989,26.41140673,1060435001344
CGPOWER,Yes,02-08-2021,31-01-2022,120.67%,78.31086731,172.808609,171.969918,-0.485329442,167.5207208,-3.05996802,66.81842134,22.10733919,1060435001344
CGPOWER,Yes,05-08-2021,01-02-2022,102.27%,85.14202118,172.2145996,171.9627214,-0.146258318,167.4268433,-2.780110605,66.04033957,21.29634503,1060435001344
CGPOWER,Yes,01-09-2021,28-02-2022,99.59%,84.94403076,169.5415344,166.3935695,-1.856751483,168.0223178,-0.896073421,74.55202811,19.95525092,1060435001344
CGPOWER,Yes,02-09-2021,02-03-2022,88.45%,89.15161896,168.0070038,166.3415232,-0.991316163,168.0226913,0.009337423,66.7504195,20.24737798,1060435001344
CGPOWER,Yes,01-10-2021,30-03-2022,52.96%,123.0104218,188.1539917,226.4069642,20.33067286,253.839209,34.91035013,63.60355168,19.86746586,1060435001344
CGPOWER,Yes,04-10-2021,04-04-2022,47.37%,125.2874756,184.639389,226.4069642,22.62116194,253.839209,37.47836272,67.62078834,18.504593,1060435001344
CGPOWER,Yes,02-05-2022,31-10-2022,34.99%,190.6785431,257.4061584,293.5916183,14.05772889,299.8876501,16.50368116,162.0405596,25.68509201,1060435001344
CGPOWER,Yes,01-12-2022,30-05-2023,38.83%,276.6125793,384.0160217,433.9796742,13.01082497,436.0658864,13.55408674,301.3446935,38.25107136,1060435001344
CGPOWER,Yes,01-11-2023,29-04-2024,46.37%,381.1799316,557.9397583,718.1348033,28.71188916,716.526346,28.42360404,100.232652,70.38070969,1060435001344
CHOLAFIN,Yes,26-07-2021,24-01-2022,30.85%,487.6889954,638.1514282,633.94128,-0.659741257,711.6840483,11.52275413,41.21899587,26.7006223,1447546322944
CHOLAFIN,Yes,01-10-2021,30-03-2022,31.54%,554.0928955,728.854248,712.0880503,-2.300349876,711.6180968,-2.364828262,36.84334354,31.33672456,1447546322944
CHOLAFIN,Yes,01-02-2023,31-07-2023,51.33%,745.878418,1128.710815,1140.386804,1.034453521,1125.755011,-0.261874393,78.04140368,32.19388842,1447546322944
CHOLAFIN,Yes,02-05-2023,30-10-2023,32.20%,871.5483398,1152.190186,1129.414727,-1.976710019,1116.313549,-3.113777335,62.22699537,36.50851172,1447546322944
CIPLA,Yes,01-03-2023,28-08-2023,37.71%,875.5073853,1205.688232,1215.858092,0.843489952,1201.48778,-0.348386262,18.69242297,14.43421779,1211333607424
CIPLA,Yes,03-04-2023,03-10-2023,33.76%,867.5757446,1160.458984,1444.899153,24.51100576,1463.978606,26.15513565,15.94303979,13.34477436,1211333607424
CIPLA,Yes,02-05-2023,30-10-2023,31.10%,893.1226807,1170.907715,1449.661429,23.80663402,1436.021571,22.64173794,17.23277928,15.14705448,1211333607424
COALINDIA,Yes,01-04-2021,28-09-2021,35.37%,88.34527588,119.5934219,140.8598358,17.78226054,138.0126248,15.40151842,-5.283787705,-4.957651401,2351697231872
COALINDIA,Yes,05-04-2021,04-10-2021,49.98%,86.7742691,130.1447601,136.5193368,4.898066342,138.0126248,6.045471754,-3.421423063,-2.898298478,2351697231872
COALINDIA,Yes,03-05-2021,01-11-2021,32.37%,88.37871552,116.98983,140.3691456,19.98405806,139.4493199,19.19781396,-5.362013818,-5.467046908,2351697231872
COALINDIA,Yes,02-09-2021,02-03-2022,42.56%,97.01763153,138.30896,141.498671,2.306221572,176.6268247,27.70454262,2.977903692,-1.727854961,2351697231872
COALINDIA,Yes,18-11-2021,17-05-2022,31.42%,105.102417,138.1218567,185.0101387,33.94704008,182.9457145,32.45240026,1.570666409,0.028161347,2351697231872
COALINDIA,Yes,01-12-2021,30-05-2022,31.46%,106.5755157,140.1051636,178.6092679,27.48228781,178.410303,27.3402767,-0.256798299,0.953838554,2351697231872
COALINDIA,Yes,03-12-2021,01-06-2022,34.06%,109.4531326,146.7287445,178.6597268,21.76191337,178.410303,21.59192363,1.217561688,2.070662956,2351697231872
COALINDIA,Yes,31-01-2022,01-08-2022,37.24%,116.0239716,159.227417,185.2874822,16.36656911,186.6462237,17.21990297,12.10977676,4.875724174,2351697231872
COALINDIA,Yes,01-02-2022,01-08-2022,34.50%,118.383667,159.227417,185.2874822,16.36656911,186.6462237,17.21990297,12.10977676,4.875724174,2351697231872
COALINDIA,Yes,02-05-2022,31-10-2022,32.88%,140.4419708,186.6217194,189.5232021,1.554740106,186.9460086,0.173768232,17.22581791,5.473743791,2351697231872
COALINDIA,Yes,01-07-2022,28-12-2022,31.46%,137.1489105,180.3000336,190.9099626,5.884596258,193.2506825,7.182832226,16.65067948,6.541838161,2351697231872
COALINDIA,Yes,04-07-2022,02-01-2023,33.25%,136.2508087,181.552124,191.2501045,5.341705883,181.1503427,-0.221303555,15.4997859,6.138543101,2351697231872
COALINDIA,Yes,01-11-2023,29-04-2024,56.37%,258.2211914,403.7722473,435.1090032,7.760997954,358.1359439,-11.30248642,67.70534621,23.62657468,2351697231872
COCHINSHIP,Yes,04-03-2022,01-09-2022,31.34%,136.2792053,178.9872742,240.5285547,34.38304806,239.6614318,33.89858746,7.825291923,-2.828232285,410511278080
COCHINSHIP,Yes,01-04-2022,28-09-2022,39.70%,142.7608337,199.4412537,233.2823015,16.96792777,258.3079589,29.51581188,11.97511956,-0.286298155,410511278080
COCHINSHIP,Yes,04-04-2022,03-10-2022,54.14%,149.7845764,230.881897,233.3356439,1.062771448,258.3079589,11.87882735,18.84085372,2.695940073,410511278080
COCHINSHIP,Yes,02-05-2022,31-10-2022,61.42%,158.6938629,256.1628418,235.867395,-7.922869154,230.3254366,-10.08632048,16.66841935,2.601857335,410511278080
COCHINSHIP,Yes,05-05-2022,01-11-2022,69.95%,154.0270844,261.7755737,235.867395,-9.89709557,230.3254366,-12.01416032,15.56475242,3.09743197,410511278080
COCHINSHIP,Yes,01-06-2022,28-11-2022,104.10%,154.3570557,315.0466003,235.9145317,-25.1175758,230.3254366,-26.89162925,24.06842806,7.245621012,410511278080
COCHINSHIP,Yes,06-06-2022,05-12-2022,111.00%,150.6330719,317.8350525,237.6781398,-25.21965783,232.2822536,-26.91735799,24.18352969,8.101339937,410511278080
COCHINSHIP,Yes,01-07-2022,28-12-2022,76.89%,147.2390442,260.4555359,230.2002221,-11.61630668,232.8632218,-10.59386739,16.32121225,3.956481344,410511278080
COCHINSHIP,Yes,04-07-2022,02-01-2023,74.10%,146.3434448,254.7825012,230.2002221,-9.64833889,232.8632218,-8.603133773,14.3980204,3.764137725,410511278080
COCHINSHIP,Yes,01-08-2022,30-01-2023,48.49%,157.7746582,234.277771,229.247436,-2.147167005,238.9019231,1.973790376,14.54079743,2.404594775,410511278080
COCHINSHIP,Yes,05-08-2022,01-02-2023,44.77%,160.7444153,232.7152405,229.1865973,-1.51629225,238.8898292,2.653280784,13.86708036,2.24471767,410511278080
COCHINSHIP,Yes,12-01-2023,11-07-2023,35.10%,233.6768036,315.7078247,516.7196364,63.67020263,447.2577044,41.66823543,32.669734,12.75134322,410511278080
COCHINSHIP,Yes,01-02-2023,31-07-2023,40.22%,232.7152405,326.3159485,860.5805891,163.7261811,469.4379163,43.8599365,33.64121274,13.23110978,410511278080
COCHINSHIP,Yes,01-09-2023,28-02-2024,90.74%,443.1029968,845.168457,1864.41706,120.5970945,1464.543041,73.28415755,71.57717431,43.4239024,410511278080
COCHINSHIP,Yes,03-10-2023,01-04-2024,83.24%,522.8549194,958.0620117,1628.11046,69.93789969,1439.687427,50.27079763,77.85361748,43.66888512,410511278080
COCHINSHIP,Yes,01-11-2023,29-04-2024,185.76%,463.2573853,1323.803589,1433.967695,8.321786347,1431.023819,8.099406211,101.5719503,54.31192229,410511278080
COCHINSHIP,Yes,03-11-2023,02-05-2024,183.76%,462.2302246,1311.633667,1434.100952,9.337003787,1431.023819,9.102400692,99.78196027,53.98655448,410511278080
COCHINSHIP,Yes,01-12-2023,29-05-2024,247.23%,575.0412598,1996.712891,1456.934188,-27.03336594,1454.282556,-27.16616579,126.9603098,67.35144328,410511278080
COCHINSHIP,Yes,04-12-2023,03-06-2024,240.05%,585.7093506,1991.716187,1456.934188,-26.8503114,1454.282556,-26.98344441,125.930663,66.20422889,410511278080
COFORGE,Yes,01-01-2021,30-06-2021,53.31%,512.3388672,785.4536743,1028.178648,30.90251936,1020.629906,29.94145156,57.68361398,54.48436806,625456054272
COFORGE,Yes,01-04-2021,28-09-2021,78.94%,552.0877075,987.932373,1020.373703,3.283760189,699.7037528,-29.17493425,69.60530843,66.11121909,625456054272
COFORGE,Yes,01-06-2021,29-11-2021,48.27%,678.0071411,1005.291016,700.4570078,-30.32296152,701.4258826,-30.22658397,71.16951161,67.69989673,625456054272
COFORGE,Yes,04-06-2021,01-12-2021,46.37%,697.9395752,1021.597107,700.4570078,-31.43510264,701.4258826,-31.34026341,71.89242809,68.30367856,625456054272
COFORGE,Yes,01-07-2021,28-12-2021,35.58%,792.3119507,1074.228516,699.7037528,-34.8645337,750.1417733,-30.1692552,71.47421903,70.02317221,625456054272
COLPAL,Yes,01-02-2023,31-07-2023,40.83%,1359.487915,1914.602905,1879.929093,-1.811018468,1899.315136,-0.798482532,15.18793219,14.58174665,587915001856
COLPAL,Yes,02-02-2023,01-08-2023,39.07%,1367.817627,1902.230225,1879.433512,-1.198420251,1899.266551,-0.155799959,14.93927062,14.88829071,587915001856
COLPAL,Yes,01-03-2023,28-08-2023,32.28%,1387.518921,1835.341431,2420.049206,31.85825621,2421.284286,31.92555048,14.47028731,13.42839401,587915001856
COLPAL,Yes,06-03-2023,04-09-2023,30.33%,1411.946899,1840.223999,2423.144043,31.67658091,2430.369684,32.06923097,15.3556252,13.69420788,587915001856
COLPAL,Yes,01-06-2023,28-11-2023,36.78%,1527.302246,2088.986084,2432.412561,16.43986429,2669.253321,27.77745826,15.72054563,14.81572921,587915001856
COLPAL,Yes,03-07-2023,01-01-2024,48.70%,1601.82312,2381.979004,2397.780733,0.663386582,2653.512426,11.39948847,19.21957746,16.10928559,587915001856
COLPAL,Yes,01-09-2023,28-02-2024,30.09%,1838.754639,2391.991211,2606.655808,8.974305423,2720.154154,13.71923698,19.31712983,17.42843791,587915001856
COLPAL,Yes,04-09-2023,04-03-2024,34.18%,1840.223999,2469.215576,2622.334601,6.201120164,2685.256897,8.749390814,19.61215673,18.37557506,587915001856
COLPAL,Yes,03-10-2023,01-04-2024,38.74%,1875.730835,2602.441895,2700.848976,3.781336352,2663.917728,2.362236563,22.65831171,19.3924025,587915001856
COLPAL,Yes,01-11-2023,29-04-2024,36.47%,1982.487183,2705.535645,2729.109061,0.871303123,2662.393575,-1.594585158,26.37154484,21.24977974,587915001856
COLPAL,Yes,03-11-2023,02-05-2024,34.99%,1995.713257,2694.03833,2730.846732,1.366290951,2661.108949,-1.222305597,26.30288864,21.38235153,587915001856
COLPAL,Yes,08-12-2023,05-06-2024,30.78%,2197.73291,2874.23999,2686.585891,-6.528825007,2661.936499,-7.386421886,23.36592764,23.70197192,587915001856
COLPAL,Yes,01-04-2024,30-09-2024,41.95%,2602.441895,3694.209717,2381.463169,-35.53524701,2376.305753,-35.6748551,34.85385533,23.26049189,587915001856
CONCOR,Yes,01-01-2021,30-06-2021,73.12%,380.6505737,658.9671021,625.7378235,-5.042630878,590.8537462,-10.33638184,11.38748852,9.942118531,380613722112
CONCOR,Yes,07-08-2023,05-02-2024,34.15%,675.2417603,905.8488159,937.7677985,3.523654505,944.8187753,4.302037903,27.16353869,13.78358426,380613722112
CONCOR,Yes,01-09-2023,28-02-2024,40.57%,665.2598877,935.1883545,1013.686581,8.393841295,986.5364678,5.490670739,21.11475788,16.59696857,380613722112
CONCOR,Yes,04-09-2023,04-03-2024,45.89%,660.3695679,963.4224243,1013.686581,5.217250003,850.8431311,-11.68535113,18.37344083,17.02651399,380613722112
CONCOR,Yes,01-11-2023,29-04-2024,56.40%,655.5858765,1025.361328,1010.908372,-1.409547564,533.4830322,-47.97121584,24.92972312,17.7260388,380613722112
COROMANDEL,Yes,31-01-2022,01-08-2022,34.31%,760.4298706,1021.297241,889.8135359,-12.87418588,935.6330375,-8.387783719,42.73797368,20.32974499,683554308096
CUMMINSIND,Yes,01-01-2021,30-06-2021,56.11%,538.3710938,840.4262695,852.9715201,1.492724702,854.8054768,1.710942148,14.45156218,3.358247646,1245899259904
CUMMINSIND,Yes,04-01-2021,05-07-2021,45.83%,564.2085571,822.7674561,854.8054768,3.893933882,854.8054768,3.893933882,13.15428892,3.096911489,1245899259904
CUMMINSIND,Yes,31-01-2022,01-08-2022,30.89%,887.9437866,1162.215332,1147.554582,-1.261448692,1159.410065,-0.241372378,23.01499173,6.833816548,1245899259904
CUMMINSIND,Yes,02-05-2022,31-10-2022,31.87%,979.8781738,1292.160034,1557.797275,20.55761154,1685.060234,30.40646585,38.17926987,10.65693199,1245899259904
CUMMINSIND,Yes,05-05-2022,01-11-2022,33.67%,966.9050293,1292.44751,1557.797275,20.53079624,1684.561702,30.33888721,37.67678712,10.91172594,1245899259904
CUMMINSIND,Yes,01-06-2022,28-11-2022,36.66%,975.3636475,1332.902588,1527.053722,14.56604073,1695.895483,27.23326512,39.33112429,12.38578447,1245899259904
CUMMINSIND,Yes,02-09-2022,01-03-2023,34.36%,1151.910034,1547.73877,1694.800656,9.501725332,1649.548367,6.577957403,49.22242892,17.33260905,1245899259904
CUMMINSIND,Yes,01-02-2023,31-07-2023,39.95%,1367.509644,1913.832642,1679.124758,-12.2637622,1700.282575,-11.15824143,73.54538976,26.83948344,1245899259904
CUMMINSIND,Yes,01-11-2023,29-04-2024,98.80%,1628.092407,3236.675537,3713.138423,14.72074913,3703.819976,14.43284734,59.23473109,37.31624701,1245899259904
DIVISLAB,Yes,01-02-2024,30-07-2024,34.39%,3616.633301,4860.25293,5830.147193,19.95563353,5880.882045,20.9995062,0.703532901,25.19753364,1681876189184
DIXON,Yes,01-02-2023,31-07-2023,46.87%,2802.614014,4116.145996,5238.920603,27.2773271,5247.441726,27.48434412,39.28051641,49.68440891,824680185856
DIXON,Yes,01-03-2023,28-08-2023,68.84%,2925.739014,4939.874023,6367.064787,28.89123804,5215.108019,5.57168045,43.86589749,53.98372056,824680185856
DIXON,Yes,06-03-2023,04-09-2023,71.45%,2983.856445,5115.724121,5137.407394,0.423855392,5233.243871,2.297226108,43.99103864,55.76686151,824680185856
DIXON,Yes,01-06-2023,28-11-2023,35.41%,3903.947998,5286.457031,6476.961136,22.51988616,6170.906473,16.73047632,30.64408378,66.90824702,824680185856
DIXON,Yes,03-07-2023,01-01-2024,48.35%,4351.211426,6455.168457,6268.785254,-2.887348399,6510.028072,0.849855663,33.41206729,73.81762187,824680185856
DIXON,Yes,01-08-2023,29-01-2024,42.07%,4129.67627,5866.94043,7285.26251,24.17481646,6653.580219,13.40800711,27.66953627,68.11987962,824680185856
DIXON,Yes,07-08-2023,05-02-2024,33.54%,4683.688477,6254.579102,6682.220653,6.837255459,14511.42365,132.0127927,24.32310703,69.74826741,824680185856
DIXON,Yes,01-12-2023,29-05-2024,55.23%,5946.876465,9231.290039,14353.28383,55.48513556,14341.57848,55.35833474,32.28296006,80.1817906,824680185856
DIXON,Yes,04-12-2023,03-06-2024,64.71%,5997.38623,9878.070313,14333.26905,45.10191364,14348.05066,45.25155428,31.79601061,82.44851731,824680185856
DIXON,Yes,01-04-2024,30-09-2024,81.87%,7585.960449,13796.81055,14780.53164,7.130061592,14786.38395,7.172479453,44.18297692,88.55849321,824680185856
DLF,Yes,01-07-2021,28-12-2021,38.56%,270.5622864,374.8901062,369.3760878,-1.470835935,381.5065987,1.764915199,30.63784318,30.36747435,1713272520704
DLF,Yes,02-05-2023,30-10-2023,31.72%,415.4967346,547.2962646,837.9884104,53.11422068,839.9856943,53.47915719,52.99361189,29.04529025,1713272520704
DLF,Yes,01-09-2023,28-02-2024,78.64%,496.7568054,887.4006958,829.2120262,-6.557203514,828.0888896,-6.683768273,44.84079421,41.64636422,1713272520704
DLF,Yes,01-11-2023,29-04-2024,54.14%,567.4329834,874.6671143,816.5234774,-6.647516055,837.2460836,-4.278316867,53.74450926,39.64625527,1713272520704
DRREDDY,Yes,01-02-2023,31-07-2023,30.63%,853.0530396,1114.381348,1119.746444,0.481441704,1154.049566,3.559662792,8.344041085,22.33928298,1063092289536
DRREDDY,Yes,02-02-2023,01-08-2023,30.69%,856.6994019,1119.636841,1119.750098,0.010115497,1154.760172,3.13702886,8.514093163,21.91045478,1063092289536
DRREDDY,Yes,01-03-2023,28-08-2023,34.00%,851.6220703,1141.142334,1101.404175,-3.482313993,1129.615737,-1.010092821,10.41226133,19.85270471,1063092289536
EICHERMOT,Yes,01-11-2023,29-04-2024,39.29%,3204.727051,4463.868164,4770.421369,6.867434117,4729.730896,5.955882256,23.87860163,18.51611878,1936964059136
EXIDEIND,Yes,06-06-2022,05-12-2022,30.74%,144.08255,188.3740387,175.7937159,-6.678373979,176.4870252,-6.310324721,2.069976768,0.074870101,311352328192
EXIDEIND,Yes,02-05-2023,30-10-2023,33.07%,189.4063416,252.0379028,326.4466514,29.5228407,326.4466514,29.5228407,18.09366856,0.736154419,311352328192
EXIDEIND,Yes,04-08-2023,31-01-2024,30.51%,254.3669739,331.9704895,476.019034,43.39197281,450.7810106,35.78948276,21.26125254,9.362509298,311352328192
EXIDEIND,Yes,07-08-2023,05-02-2024,31.98%,260.6604919,344.0123901,476.019034,38.37264229,450.7810106,31.03627181,20.22236673,10.81193622,311352328192
EXIDEIND,Yes,01-11-2023,29-04-2024,80.45%,250.2043457,451.4976807,491.253045,8.805220052,366.8965752,-18.73788262,37.63928118,17.60908296,311352328192
FEDERALBNK,Yes,02-05-2022,31-10-2022,41.55%,91.10969543,128.9690399,131.1144552,1.663511884,132.318147,2.596830317,17.20538899,2.579985634,644683333632
FEDERALBNK,Yes,01-07-2022,28-12-2022,45.25%,90.24243927,131.0776825,132.2684895,0.908474252,131.7983792,0.549824143,15.84763765,5.215515621,644683333632
FORTIS,Yes,01-01-2021,30-06-2021,56.03%,155.0233459,241.8761597,273.6133177,13.12124273,270.5310073,11.84690865,21.75585582,9.068107766,660838744064
FORTIS,Yes,04-01-2021,05-07-2021,58.62%,154.7749176,245.5033264,273.6381854,11.46007243,237.3156139,-3.335071933,21.01541778,9.131565438,660838744064
FORTIS,Yes,01-03-2021,30-08-2021,67.32%,169.6809998,283.911377,273.6562123,-3.612100652,270.298151,-4.794885673,24.33167729,10.28712627,660838744064
FORTIS,Yes,05-03-2021,01-09-2021,60.32%,176.2893677,282.6194763,273.6562123,-3.171495532,270.298151,-4.35968726,24.7187818,10.08616735,660838744064
FORTIS,Yes,01-04-2021,28-09-2021,30.16%,200.9837952,261.6018982,270.5250917,3.410981954,266.7989398,1.986622287,24.94873002,8.683529973,660838744064
FORTIS,Yes,07-08-2023,05-02-2024,34.39%,322.853363,433.8933716,442.3508521,1.949207121,436.2357931,0.539861096,37.62539344,26.47937701,660838744064
FORTIS,Yes,01-11-2023,29-04-2024,35.37%,326.2423706,441.6183167,480.8365288,8.88056737,604.1546436,36.80470688,28.33531882,26.15064751,660838744064
FORTIS,Yes,01-07-2024,30-12-2024,54.23%,470.0262451,724.942627,640.6364674,-11.62935609,658.2291578,-9.20258606,35.77579749,41.34697468,660838744064
GAIL,Yes,30-01-2023,31-07-2023,30.18%,84.99751282,110.6470108,109.9037962,-0.671698726,112.2117634,1.41418428,28.82282271,3.682124666,1106717442048
GAIL,Yes,02-02-2023,01-08-2023,33.01%,84.05757904,111.8082962,109.857345,-1.744907352,112.2176108,0.366086058,29.27193779,3.887780899,1106717442048
GAIL,Yes,01-11-2023,29-04-2024,83.75%,109.253479,200.7576447,212.4123762,5.8053737,194.6533544,-3.040626544,38.8958383,17.65977156,1106717442048
GAIL,Yes,01-04-2024,30-09-2024,31.77%,174.6989136,230.20784,187.76983,-18.43465015,187.4577867,-18.57019869,37.63835112,27.52240961,1106717442048
GLENMARK,Yes,31-10-2022,02-05-2023,34.45%,401.8066711,540.211792,780.2702648,44.4378439,781.4373697,44.6538897,17.92833999,0.281350016,554947903488
GLENMARK,Yes,01-11-2022,02-05-2023,31.57%,410.5967102,540.211792,780.2702648,44.4378439,781.4373697,44.6538897,17.92833999,0.281350016,554947903488
GLENMARK,Yes,01-12-2022,30-05-2023,38.25%,427.7793884,591.4121704,777.8051258,31.51659109,792.6872297,34.03295863,19.45248546,3.065139677,554947903488
GLENMARK,Yes,05-12-2022,05-06-2023,41.82%,432.8447876,613.8588867,786.9459975,28.19656349,767.6614535,25.05503628,15.98749358,3.592260264,554947903488
GLENMARK,Yes,01-02-2023,31-07-2023,105.87%,380.1048889,782.5074463,778.2212524,-0.54775119,769.9569516,-1.603881817,20.96681029,6.778280738,554947903488
GLENMARK,Yes,01-03-2023,28-08-2023,78.78%,426.1902161,761.9478149,784.8315388,3.003319049,776.8667154,1.957995041,16.43288927,4.062241538,554947903488
GLENMARK,Yes,03-04-2023,03-10-2023,76.24%,476.2484131,839.3360596,799.1057901,-4.793106293,779.6364402,-7.112719474,20.28340554,6.659102403,554947903488
GLENMARK,Yes,02-05-2023,30-10-2023,38.32%,540.211792,747.2442017,895.7006836,19.86719758,887.7271832,18.80014341,17.01807399,4.945103722,554947903488
GLENMARK,Yes,03-07-2023,01-01-2024,30.13%,654.9782104,852.3355713,924.6997573,8.490105123,1672.861269,96.26791664,19.96789374,4.847753139,554947903488
GLENMARK,Yes,01-11-2023,29-04-2024,43.56%,743.2098389,1066.950928,1688.92127,58.29418454,1519.791605,42.44250281,24.24783701,11.12652711,554947903488
GLENMARK,Yes,01-04-2024,30-09-2024,70.58%,978.6444092,1669.405273,1518.448007,-9.042577536,1414.933731,-15.24324542,49.09212185,39.3539494,554947903488
GMRAIRPORT,Yes,01-04-2021,28-09-2021,43.40%,22.52321243,32.29828644,38.2345888,18.37962015,38.24565965,18.41389705,30.31409273,21.12597852,1093441159168
GMRAIRPORT,Yes,05-04-2021,04-10-2021,69.44%,21.66732979,36.71283722,38.2345888,4.145012199,38.24565965,4.175167462,35.85994038,25.38349745,1093441159168
GMRAIRPORT,Yes,01-06-2021,29-11-2021,45.72%,23.153862,33.7397728,34.52543375,2.328589942,34.58034702,2.491345236,32.77326198,26.63414014,1093441159168
GMRAIRPORT,Yes,02-08-2021,31-01-2022,61.14%,26.12692642,42.09999847,35.28039214,-16.19859045,35.28039214,-16.19859045,45.40613363,29.76501375,1093441159168
GMRAIRPORT,Yes,05-08-2021,01-02-2022,63.41%,25.9467392,42.40000153,35.28039214,-16.79153096,35.28039214,-16.79153096,46.23332517,29.145968,1093441159168
GMRAIRPORT,Yes,01-09-2021,28-02-2022,38.84%,27.29813385,37.90000153,34.67361122,-8.512902847,35.23061215,-7.043243448,37.44996491,21.48155842,1093441159168
GMRAIRPORT,Yes,01-03-2023,28-08-2023,58.62%,38.29999924,60.75,59.19054042,-2.56701166,84.84460007,39.66189311,37.83502229,28.76332966,1093441159168
GMRAIRPORT,Yes,01-11-2023,29-04-2024,61.11%,54.25,87.40000153,96.79515168,10.74959953,96.70914307,10.65119151,61.92415468,41.75235568,1093441159168
GODFRYPHLP,Yes,01-08-2022,30-01-2023,58.46%,368.155365,583.3712158,550.010758,-5.718564253,675.0119673,15.70882295,18.53406579,15.8604349,446903353344
GODFRYPHLP,Yes,05-08-2022,01-02-2023,57.29%,367.7982788,578.5238037,552.4401616,-4.508654948,684.402943,18.30160464,17.15459261,16.48986496,446903353344
GODFRYPHLP,Yes,01-09-2022,28-02-2023,60.76%,351.0621033,564.3630371,551.7624625,-2.232707274,677.3681789,20.02348389,18.31240459,17.28434087,446903353344
GODFRYPHLP,Yes,01-02-2024,30-07-2024,73.55%,792.7730103,1375.818481,2214.128296,60.93171634,1913.407618,39.0741325,63.01700735,46.24852088,446903353344
GODFRYPHLP,Yes,01-03-2024,28-08-2024,97.70%,961.1976318,1900.316406,2130.84008,12.1308048,2195.763855,15.54727664,83.72797651,44.20506973,446903353344
GODFRYPHLP,Yes,04-03-2024,02-09-2024,123.30%,979.8862305,2188.049316,2286.487744,4.498912661,2197.444412,0.429382237,92.89832594,48.70800905,446903353344
GODFRYPHLP,Yes,01-04-2024,30-09-2024,127.43%,1005.437012,2286.658691,2752.550358,20.3743422,1953.454405,-14.57166684,83.29983076,51.66273946,446903353344
GODREJCP,Yes,01-04-2021,28-09-2021,45.03%,700.2130127,1015.516052,736.1699219,-27.50780057,887.2873987,-12.62694502,11.84505572,15.4641901,1209884475392
GODREJCP,Yes,05-04-2021,04-10-2021,42.54%,696.4049072,992.6674194,736.4239475,-25.8136277,887.1003657,-10.63468506,13.41414755,14.34145338,1209884475392
GODREJCP,Yes,03-05-2021,01-11-2021,37.40%,683.5825806,939.2090454,743.0529251,-20.88524608,866.8592282,-7.703270911,12.13195559,14.07385786,1209884475392
GODREJPROP,Yes,01-07-2021,28-12-2021,33.91%,1385.800049,1855.75,1359.930269,-26.71802404,1280.844551,-30.979682,40.57702092,43.76705479,609521106944
GRASIM,Yes,01-01-2021,30-06-2021,60.57%,906.585022,1455.693481,1667.247143,14.5328439,1661.478145,14.13653809,14.99210812,16.44612223,1899621908480
GRASIM,Yes,01-07-2022,28-12-2022,30.90%,1316.431885,1723.157471,1676.692177,-2.696520467,1730.130359,0.40465763,34.12047981,9.923515424,1899621908480
HAL,Yes,01-02-2023,31-07-2023,68.76%,1145.475342,1933.071899,1891.608648,-2.144940977,1916.297105,-0.867779122,70.04073095,37.04859536,2849917632512
HAL,Yes,01-09-2023,28-02-2024,57.69%,1930.61853,3044.347168,4645.7913,52.60386034,4632.534527,52.16840496,82.80019301,62.40399236,2849917632512
HAL,Yes,04-09-2023,04-03-2024,63.30%,1942.618164,3172.378662,4645.7913,46.44504315,4632.534527,46.02716196,84.74881009,62.86162426,2849917632512
HAL,Yes,01-11-2023,29-04-2024,122.04%,1785.469971,3964.499268,4653.473818,17.37860202,4187.086557,5.614512064,108.1044575,69.01575664,2849917632512
HAVELLS,Yes,01-11-2023,29-04-2024,32.84%,1226.037476,1628.725464,1866.868073,14.62140882,1637.907392,0.563749286,18.38307719,17.27277781,885742698496
HAVELLS,Yes,01-02-2024,30-07-2024,38.57%,1302.029419,1804.255371,1635.50554,-9.352879514,1566.997779,-13.14988976,16.35096314,24.09299155,885742698496
HCLTECH,Yes,03-05-2021,01-11-2021,32.88%,760.6092529,1010.703613,982.6370522,-2.776932891,828.7645513,-18.00122802,35.63615248,27.33140792,4474960084992
HCLTECH,Yes,01-07-2021,28-12-2021,32.14%,825.8018799,1091.189575,828.8458325,-24.04199497,828.7645513,-24.04944383,41.54969896,28.18445716,4474960084992
HCLTECH,Yes,05-07-2021,03-01-2022,37.29%,820.9837036,1127.097778,828.2538452,-26.51446386,828.7645513,-26.46915226,43.58681829,28.1370939,4474960084992
HCLTECH,Yes,01-08-2023,29-01-2024,40.70%,1048.844849,1475.71936,1547.591226,4.870293614,1541.976004,4.489786142,25.16281968,30.04089766,4474960084992
HCLTECH,Yes,07-08-2023,05-02-2024,37.50%,1060.17627,1457.724487,1547.591226,6.164864458,1541.976004,5.779659814,23.22382224,28.17025826,4474960084992
HCLTECH,Yes,01-09-2023,28-02-2024,41.72%,1092.419922,1548.214233,1379.294466,-10.91061969,1684.503528,8.802999745,27.39144265,29.57166325,4474960084992
HCLTECH,Yes,04-09-2023,04-03-2024,35.20%,1135.442383,1535.140015,1379.294466,-10.15187844,1684.503528,9.729634583,24.84859599,29.3840227,4474960084992
HCLTECH,Yes,02-05-2024,29-10-2024,41.39%,1275.292114,1803.18335,1663.611383,-7.740309209,1478.737163,-17.9929671,22.87020299,31.40888822,4474960084992
HDFCAMC,Yes,01-06-2023,28-11-2023,52.30%,917.7113037,1397.651855,1778.561234,27.25352358,1833.33021,31.17216584,6.561224407,16.58606299,1107157581824
HDFCAMC,Yes,03-07-2023,01-01-2024,40.94%,1102.188599,1553.41272,1800.406275,15.90006005,1832.363193,17.95726723,4.429937307,18.24998744,1107157581824
HDFCAMC,Yes,01-08-2023,29-01-2024,37.31%,1232.72876,1692.681274,1832.689522,8.271388672,1832.533966,8.262198783,8.954069155,22.4108357,1107157581824
HDFCAMC,Yes,07-08-2023,05-02-2024,45.18%,1181.901367,1715.852417,1832.689522,6.809274705,1833.734837,6.870195746,8.327717584,23.20016456,1107157581824
HDFCAMC,Yes,01-09-2023,28-02-2024,57.81%,1172.425659,1850.226318,2052.885972,10.95323589,1833.920001,-0.881314761,11.45921732,24.92935289,1107157581824
HDFCAMC,Yes,04-09-2023,04-03-2024,57.23%,1182.817749,1859.726318,2054.129136,10.45330252,1833.384893,-1.416414083,9.023418048,24.33455793,1107157581824
HDFCAMC,Yes,03-10-2023,01-04-2024,42.24%,1283.242432,1825.294922,2055.539936,12.61412672,1836.793352,0.629949165,10.62647014,21.26719205,1107157581824
HDFCAMC,Yes,01-11-2023,29-04-2024,38.48%,1313.164917,1818.423096,2055.671704,13.0469421,2054.708434,12.99396925,12.70032624,20.30620834,1107157581824
HDFCAMC,Yes,03-11-2023,02-05-2024,42.94%,1328.716919,1899.220947,2055.671704,8.237628016,2054.708434,8.186908774,14.56258058,20.12383841,1107157581824
HDFCAMC,Yes,01-12-2023,29-05-2024,32.97%,1411.998291,1877.544678,2055.671704,9.487232367,2059.601912,9.696559387,11.59185216,18.93488968,1107157581824
HEROMOTOCO,Yes,01-06-2023,28-11-2023,30.79%,2585.174805,3381.251221,4384.49342,29.67073825,4333.91826,28.17498543,8.932404847,7.490107307,1189785370624
HEROMOTOCO,Yes,05-06-2023,04-12-2023,33.76%,2649.979736,3544.712646,4384.49342,23.69108182,4333.91826,22.26430438,9.823524342,8.010315539,1189785370624
HEROMOTOCO,Yes,03-07-2023,01-01-2024,43.68%,2675.96582,3844.796143,4279.181055,11.29799594,4276.9413,11.23974176,13.77444936,9.36668849,1189785370624
HEROMOTOCO,Yes,01-08-2023,29-01-2024,48.08%,2895.908203,4288.177246,4319.80326,0.737516486,4372.711177,1.971325494,16.10701126,15.69301572,1189785370624
HEROMOTOCO,Yes,07-08-2023,05-02-2024,60.68%,2757.698975,4431.146973,5274.906788,19.04156691,4375.578454,-1.25404369,15.3733947,14.59043111,1189785370624
HEROMOTOCO,Yes,01-09-2023,28-02-2024,52.73%,2732.820313,4173.748047,5274.906788,26.38297111,4419.944362,5.898686569,14.67362596,14.68023392,1189785370624
HEROMOTOCO,Yes,04-09-2023,04-03-2024,60.14%,2747.243408,4399.509766,5274.906788,19.89760381,4345.975586,-1.216821476,14.43324578,15.48041383,1189785370624
HEROMOTOCO,Yes,03-10-2023,01-04-2024,58.62%,2815.157715,4465.382813,5270.023938,18.0195329,5298.77913,18.66349096,20.72568151,16.86550961,1189785370624
HEROMOTOCO,Yes,01-11-2023,29-04-2024,47.31%,2886.899658,4252.595703,5233.137908,23.05749884,5298.77913,24.60105545,20.09108387,15.32257383,1189785370624
HEROMOTOCO,Yes,01-12-2023,29-05-2024,39.80%,3510.078857,4907.079102,5191.427418,5.794655252,3826.434748,-22.02215068,24.0877011,17.59451726,1189785370624
HINDALCO,Yes,01-07-2022,28-12-2022,37.83%,331.5108948,456.9377136,417.6029182,-8.608349504,412.8247148,-9.654050764,30.23382465,11.84143885,1871137079296
HINDALCO,Yes,01-11-2023,29-04-2024,40.49%,456.7133789,641.6393433,667.524308,4.034192259,685.5383972,6.841702339,21.34024873,27.31505701,1871137079296
HINDPETRO,Yes,01-01-2021,30-06-2021,32.52%,117.7784195,156.0796661,156.5248365,0.285219942,156.8660714,0.50384865,7.834399334,10.53822279,990182178816
HINDPETRO,Yes,01-02-2024,30-07-2024,31.11%,282.868866,370.876709,365.462408,-1.459865472,396.3468622,6.867552638,35.17046862,23.04935135,990182178816
HINDUNILVR,Yes,01-04-2022,28-09-2022,31.17%,1936.734985,2540.459717,2381.389688,-6.26146631,2438.456772,-4.015137284,12.01091037,19.27013626,5359758999552
HINDZINC,Yes,31-10-2022,02-05-2023,31.74%,213.4728088,281.2250366,290.7935329,3.402434002,288.5437062,2.602424604,42.86560954,12.17545808,2398713544704
HINDZINC,Yes,01-11-2023,29-04-2024,47.77%,266.6152954,393.9682312,484.6417518,23.01543969,497.2508581,26.21597853,24.45188585,21.40302432,2398713544704
HINDZINC,Yes,01-02-2024,30-07-2024,105.88%,294.6055908,606.5446167,487.5369804,-19.62059064,439.1863118,-27.59208479,41.68800176,38.67682582,2398713544704
HINDZINC,Yes,02-05-2024,29-10-2024,34.43%,401.2579041,539.4248047,439.2960234,-18.56213887,439.0359403,-18.61035374,37.57794982,34.69691944,2398713544704
HUDCO,Yes,09-05-2022,07-11-2022,34.66%,28.05621147,37.78067398,40.81993875,8.044495901,44.2334006,17.07943754,8.237842067,-7.772028864,422440960000
HUDCO,Yes,01-06-2022,28-11-2022,47.71%,30.32762718,44.79707718,41.5390806,-7.272788291,40.66239777,-9.229797284,15.52551387,-4.952727539,422440960000
HUDCO,Yes,06-06-2022,05-12-2022,58.44%,30.03318977,47.58565521,41.76114448,-12.24005575,40.66239777,-14.54904302,21.09043007,-2.452059515,422440960000
HUDCO,Yes,01-07-2022,28-12-2022,58.63%,29.31811333,46.50620651,53.285274,14.57669415,41.67607863,-10.38598553,22.463503,-3.858499073,422440960000
HUDCO,Yes,04-07-2022,02-01-2023,63.68%,29.40223885,48.12537384,40.65144831,-15.53011423,41.67607863,-13.4010288,20.70642563,-3.068666998,422440960000
HUDCO,Yes,01-08-2022,30-01-2023,34.09%,31.12683105,41.73864746,40.61762497,-2.685814123,54.76077508,31.19920844,11.98107459,-5.628317524,422440960000
HUDCO,Yes,05-08-2022,01-02-2023,34.45%,31.37921524,42.18841171,40.58347743,-3.804206446,44.61897522,5.761211211,13.1923465,-5.839105417,422440960000
HUDCO,Yes,31-10-2022,02-05-2023,45.15%,32.65329742,47.39586258,53.93392114,13.79457658,55.13915976,16.33749607,36.59849219,1.030644264,422440960000
HUDCO,Yes,01-11-2022,02-05-2023,44.16%,32.87818146,47.39586258,53.93392114,13.79457658,55.13915976,16.33749607,36.59849219,1.030644264,422440960000
HUDCO,Yes,01-02-2023,31-07-2023,39.24%,42.18841171,58.74158859,80.93273577,37.77757414,71.69835833,22.05723415,33.4433731,8.663702387,422440960000
HUDCO,Yes,01-03-2023,28-08-2023,62.84%,40.34435654,65.69542694,75.24356224,14.53394207,77.38750823,17.79740514,33.72712764,11.44226686,422440960000
HUDCO,Yes,03-04-2023,03-10-2023,109.76%,41.03676605,86.08066559,79.34657921,-7.822995252,79.67146746,-7.445572222,49.67982665,22.93919164,422440960000
HUDCO,Yes,02-05-2023,30-10-2023,50.66%,47.39586258,71.40836334,188.6767141,164.2221517,189.2692799,165.0519786,42.25152281,19.08075152,422440960000
HUDCO,Yes,01-09-2023,28-02-2024,160.86%,69.90433502,182.3557281,216.5338466,18.74255271,216.6706057,18.81754849,68.07621774,45.54441597,422440960000
HUDCO,Yes,01-11-2023,29-04-2024,210.71%,70.69380188,219.6556091,222.611728,1.345797121,219.9362542,0.12776597,87.39981483,49.20003864,422440960000
HUDCO,Yes,01-12-2023,29-05-2024,208.96%,81.60277557,252.118927,224.8122787,-10.83086009,220.1811968,-12.66772415,88.24183742,51.79073702,422440960000
ICICIBANK,Yes,12-04-2021,11-10-2021,32.84%,520.8788452,691.914917,733.5523979,6.017716902,726.3604964,4.978296978,32.01450002,26.13725318,9767031406592
IDEA,Yes,01-06-2021,29-11-2021,31.76%,8.5,11.19999981,9.105882439,-18.69747684,8.505479408,-24.05821828,-21.12263667,-25.18567682,1220358438912
IDEA,Yes,01-07-2021,28-12-2021,51.93%,9.050000191,13.75,9.025384654,-34.36083888,8.8162037,-35.88215491,-15.27879044,-20.40937774,1220358438912
IDEA,Yes,05-08-2021,01-02-2022,79.83%,5.949999809,10.69999981,8.778124928,-17.9614478,8.672142846,-18.95193457,-16.8791264,-30.23832532,1220358438912
IDEA,Yes,27-02-2023,28-08-2023,34.33%,6.699999809,9,13.6206522,51.34057999,13.2289062,46.98784666,-3.770763563,-21.81826133,1220358438912
IDEA,Yes,01-03-2023,28-08-2023,30.43%,6.900000095,9,13.6206522,51.34057999,13.2289062,46.98784666,-3.770763563,-21.81826133,1220358438912
IDEA,Yes,06-03-2023,04-09-2023,43.88%,6.949999809,10,13.32058819,33.20588187,13.06224482,30.62244824,-6.026735175,-19.6111876,1220358438912
IDEA,Yes,02-05-2023,30-10-2023,68.84%,6.900000095,11.64999962,13.44204545,15.38236816,13.4982051,15.86442525,10.01180391,-13.10530481,1220358438912
IDEA,Yes,26-10-2023,23-04-2024,33.95%,10.75,14.39999962,8.193846189,-43.09828885,8.2298413,-42.84832279,19.44517025,-3.3220076,1220358438912
IDFCFIRSTB,Yes,01-01-2021,30-06-2021,44.92%,37.27798843,54.0231781,46.9514527,-13.09016917,47.93209768,-11.27493909,12.506992,4.480297652,717329727488
IDFCFIRSTB,Yes,04-01-2021,05-07-2021,41.06%,38.4740715,54.27236176,48.20668953,-11.17635575,47.58547719,-12.32097581,13.16729561,4.23287177,717329727488
IDFCFIRSTB,Yes,02-05-2022,31-10-2022,44.40%,38.72325516,55.91697693,57.90125386,3.548612679,55.38257464,-0.955706691,7.906381057,0.216363602,717329727488
IDFCFIRSTB,Yes,05-08-2022,01-02-2023,30.18%,43.25841522,56.31567383,54.96177256,-2.404128692,87.25766783,54.9438405,11.55387735,0.554885817,717329727488
IDFCFIRSTB,Yes,01-02-2023,31-07-2023,54.34%,56.31567383,86.91551208,83.26260995,-4.202819556,81.7345522,-5.960915097,48.55192142,16.83764429,717329727488
IDFCFIRSTB,Yes,02-02-2023,01-08-2023,48.49%,59.40555954,88.21128082,83.26260995,-5.610020431,81.7345522,-7.342290645,49.28650535,17.47876229,717329727488
IDFCFIRSTB,Yes,01-03-2023,28-08-2023,63.46%,55.51828384,90.75296021,83.26260995,-8.253560261,82.94185818,-8.606994205,39.34721339,13.92230043,717329727488
INDHOTEL,Yes,03-05-2021,01-11-2021,86.42%,106.3039017,198.1707764,205.1307121,3.51208988,212.078419,7.018008867,16.93368792,13.942147,1032487501824
INDHOTEL,Yes,01-06-2021,29-11-2021,31.28%,130.0811462,170.7694855,202.6883058,18.69117319,200.538181,17.43209302,8.511247599,13.08422254,1032487501824
INDHOTEL,Yes,04-06-2021,01-12-2021,39.20%,130.8944244,182.2003174,204.3421765,12.15248109,200.538181,10.06467163,10.05424749,15.60424366,1032487501824
INDHOTEL,Yes,01-07-2021,28-12-2021,33.46%,135.5526428,180.9137421,213.8506326,18.20585331,317.0764835,75.26390197,8.74921677,16.02594129,1032487501824
INDHOTEL,Yes,02-08-2021,31-01-2022,50.79%,141.5025787,213.3752899,226.0703942,5.949659995,317.6936323,48.88960782,16.59948857,17.50453773,1032487501824
INDHOTEL,Yes,01-09-2021,28-02-2022,39.92%,141.0707245,197.3919067,226.2451625,14.61724355,317.039599,60.61428466,14.51964695,12.28519769,1032487501824
INDHOTEL,Yes,02-09-2021,02-03-2022,36.62%,143.4698944,196.0063782,317.3584424,61.91230376,316.9504197,61.70413567,14.37489095,12.48810247,1032487501824
INDHOTEL,Yes,01-10-2021,30-03-2022,35.14%,176.6742706,238.7605896,321.6124305,34.70080259,310.743135,30.14842002,18.36310298,16.43696183,1032487501824
INDHOTEL,Yes,01-02-2024,30-07-2024,31.06%,491.6211243,644.3053589,669.2486957,3.871353299,755.7774506,17.30112751,66.63577956,36.33999926,1032487501824
INDIANB,Yes,01-01-2021,30-06-2021,63.78%,77.25395966,126.5268631,125.490726,-0.818906785,125.5375815,-0.781874726,-25.05149301,1.211936,1041960140800
INDIANB,Yes,02-05-2022,31-10-2022,64.49%,142.7454224,234.7967072,264.4804784,12.64232861,269.8576417,14.93246432,26.38883404,-2.799107208,1041960140800
INDIGO,Yes,03-05-2021,01-11-2021,30.79%,1663.438965,2175.623535,1832.024063,-15.79314925,1830.15814,-15.87891424,33.18296918,19.1616141,1922901606400
INDIGO,Yes,09-08-2021,07-02-2022,30.51%,1659.994873,2166.438965,1798.458745,-16.9854875,1796.490005,-17.07636196,21.8269261,21.53834629,1922901606400
INDIGO,Yes,20-06-2022,19-12-2022,30.84%,1546.686279,2023.680176,1867.293097,-7.727855431,2456.432528,21.38442415,16.37841535,12.070926,1922901606400
INDUSINDBK,Yes,03-05-2021,01-11-2021,35.20%,882.2672119,1192.799561,902.5489388,-24.33356209,920.0927852,-22.86274948,-5.340919844,0.681060112,658358140928
INDUSINDBK,Yes,01-06-2022,28-11-2022,30.07%,900.9320068,1171.842041,1133.360421,-3.283857239,1413.947756,20.66026877,-8.194243674,-6.034563219,658358140928
INDUSINDBK,Yes,01-07-2022,28-12-2022,51.63%,783.3601074,1187.788208,1375.517521,15.80494834,1383.693244,16.49326327,-6.913969237,-5.464922397,658358140928
INDUSINDBK,Yes,04-07-2022,02-01-2023,48.59%,807.4276733,1199.723267,1375.517521,14.6529003,1383.693244,15.33436774,-6.686779583,-5.200915685,658358140928
INDUSTOWER,Yes,01-08-2023,29-01-2024,33.71%,173.6999969,232.25,344.7010863,48.41812112,345.0364192,48.56250555,4.501113269,-0.55660237,1076346683392
INDUSTOWER,Yes,01-09-2023,28-02-2024,34.65%,181.6999969,244.6499939,337.7617642,38.05917542,338.2166657,38.24511513,0.125659882,0.73524384,1076346683392
INDUSTOWER,Yes,04-09-2023,04-03-2024,49.69%,179.1000061,268.1000061,337.9326917,26.04725253,337.9390795,26.04963516,3.048062161,2.624286945,1076346683392
INDUSTOWER,Yes,01-11-2023,29-04-2024,94.91%,180.6000061,352,344.4718178,-2.138688111,344.5954542,-2.10356414,13.8349789,9.937589535,1076346683392
INDUSTOWER,Yes,03-11-2023,02-05-2024,87.39%,188.3500061,352.9500122,344.4298246,-2.413992733,344.4855258,-2.398211101,13.92225076,10.1628738,1076346683392
INDUSTOWER,Yes,01-12-2023,29-05-2024,81.69%,187.6499939,340.9500122,345.1066031,1.219120319,344.8338702,1.139128269,14.23773262,8.412287087,1076346683392
INDUSTOWER,Yes,04-12-2023,03-06-2024,94.65%,187,364,345.0735288,-5.199579996,344.796666,-5.275641221,16.04101438,10.40234579,1076346683392
INFY,Yes,02-05-2024,29-10-2024,34.15%,1331.683105,1786.431763,1559.528943,-12.70145461,1502.573651,-15.88967,6.065424198,26.15432148,6444129714176
INFY,Yes,03-06-2024,02-12-2024,35.23%,1350.116699,1825.7677,1559.528943,-14.58229089,1502.439784,-17.70914867,5.17260929,25.12797225,6444129714176
IOC,Yes,01-01-2021,30-06-2021,31.04%,42.27895355,55.40405655,66.06297061,19.23850838,67.7212487,22.23157097,-4.507458773,6.625581052,2368696745984
IOC,Yes,01-11-2023,29-04-2024,100.94%,82.6423645,166.0646362,158.4930474,-4.559422779,134.7519422,-18.85572676,53.79837424,19.98779342,2368696745984
IRB,Yes,01-01-2021,30-06-2021,36.15%,11.59779167,15.78982353,21.50088103,36.16922943,21.47775364,36.02275919,-6.8197544,-3.540211374,250256506880
IRB,Yes,04-01-2021,05-07-2021,34.70%,11.47550297,15.45720005,21.50088103,39.09945502,21.47775364,38.94983289,-7.184375014,-4.35889449,250256506880
IRB,Yes,01-02-2021,02-08-2021,52.42%,10.5069828,16.01483345,22.72921532,41.92601747,21.40007942,33.62661239,-4.284764245,-3.125716325,250256506880
IRB,Yes,01-03-2021,30-08-2021,55.28%,10.47763157,16.26919174,21.92692598,34.77575488,21.92110545,34.73997845,-2.994572659,-4.615096085,250256506880
IRB,Yes,05-03-2021,01-09-2021,43.14%,11.08907413,15.87297916,22.10054115,39.23373125,22.08832853,39.15679154,-3.805388049,-4.63303095,250256506880
IRB,Yes,01-04-2021,28-09-2021,54.44%,11.13309669,17.19368935,21.85865815,27.13186632,21.85577893,27.11512049,10.17486839,-5.679616348,250256506880
IRB,Yes,05-04-2021,04-10-2021,86.55%,10.65372753,19.87423897,21.85865815,9.984881384,21.85577893,9.970394157,17.15462805,-2.375037024,250256506880
IRB,Yes,03-05-2021,01-11-2021,126.26%,10.28197193,23.2640667,21.84353065,-6.106138105,21.82012159,-6.206761392,19.81204948,2.409063985,250256506880
IRB,Yes,01-06-2021,29-11-2021,72.94%,11.35321426,19.63455772,21.85921978,11.33033955,21.82912757,11.17707808,11.86064721,3.431488257,250256506880
IRB,Yes,04-06-2021,01-12-2021,71.95%,12.25814724,21.07755661,21.85921978,3.708509428,21.82912757,3.565740449,14.65144117,4.608932639,250256506880
IRB,Yes,01-07-2021,28-12-2021,36.52%,15.21751404,20.77428246,21.87975148,5.321334322,22.47650415,8.193889235,11.05769429,4.322644917,250256506880
IRB,Yes,05-07-2021,03-01-2022,40.35%,15.45720005,21.69388771,21.86970962,0.810467487,22.52520716,3.832044584,14.01526644,3.515109984,250256506880
IRB,Yes,02-08-2021,31-01-2022,55.28%,16.01483345,24.86848068,20.67586825,-16.85914182,21.02713924,-15.44662698,22.39240077,3.936215778,250256506880
IRB,Yes,05-08-2021,01-02-2022,58.36%,16.44528389,26.04244614,23.04815097,-11.4977493,21.02713924,-19.25820207,24.21731143,4.350633917,250256506880
IRB,Yes,01-09-2021,28-02-2022,33.04%,15.87297916,21.11668396,20.84440551,-1.289399657,21.67122425,2.626076575,18.84512005,0.391403994,250256506880
IRB,Yes,02-09-2021,02-03-2022,34.81%,16.44039536,22.16347504,23.12203634,4.324959434,21.66117832,-2.266326555,18.80439082,1.583249032,250256506880
IRB,Yes,01-11-2023,29-04-2024,106.72%,33.02096176,68.26068878,65.46850118,-4.09047675,64.71105185,-5.200118831,86.79708128,41.68064564,250256506880
IRB,Yes,01-12-2023,29-05-2024,94.96%,36.97236633,72.08266449,65.34948417,-9.340914855,50.99262524,-29.2581294,90.69649814,42.50324652,250256506880
ITC,Yes,19-04-2021,18-10-2021,31.25%,172.3216553,226.1737213,194.8977853,-13.82828025,189.7012605,-16.1258614,1.101042873,4.481404464,5032805138432
ITC,Yes,31-01-2022,01-08-2022,46.22%,189.69133,277.374115,303.6115028,9.459205601,303.6829525,9.484964931,10.00975257,5.147180922,5032805138432
ITC,Yes,01-04-2022,28-09-2022,31.30%,223.2474823,293.1145325,300.4670903,2.508424856,418.1937981,42.67248867,14.16817509,8.371280804,5032805138432
ITC,Yes,02-05-2022,31-10-2022,35.62%,231.9288483,314.5377197,303.5726538,-3.48608934,418.3577434,33.00717756,16.16939054,9.565522344,5032805138432
ITC,Yes,05-05-2022,01-11-2022,36.50%,230.9593353,315.2593384,303.5726538,-3.707006628,418.3577434,32.70272834,15.71430231,9.276504645,5032805138432
ITC,Yes,01-02-2023,31-07-2023,33.72%,325.9934692,435.9213562,406.0538225,-6.851587616,408.6857601,-6.247823304,39.97245461,13.89393459,5032805138432
JINDALSTEL,Yes,01-01-2021,30-06-2021,47.12%,266.3852844,391.9112549,386.7092311,-1.327347379,393.8607933,0.497443856,21.23464974,42.4119873,1028884004864
JINDALSTEL,Yes,01-07-2022,28-12-2022,74.47%,329.037262,574.0650024,577.2279264,0.550969663,588.0685568,2.439367365,53.40942323,23.52293675,1028884004864
JSWENERGY,Yes,01-01-2021,30-06-2021,151.12%,64.78883362,162.6995239,306.8362654,88.59075798,307.06373,88.73056451,38.45120226,16.46117612,835701571584
JSWENERGY,Yes,04-01-2021,05-07-2021,149.12%,65.85572052,164.0573578,306.9635595,87.10746269,307.06373,87.16852088,37.35086678,16.33773285,835701571584
JSWENERGY,Yes,01-04-2021,28-09-2021,307.79%,87.96927643,358.7330627,300.2000871,-16.31658236,300.0166531,-16.36771619,84.3703218,37.89112025,835701571584
JSWENERGY,Yes,01-07-2021,28-12-2021,79.15%,169.1007996,302.9377747,296.9381646,-1.980476043,297.3720079,-1.83726403,67.20076095,40.96049775,835701571584
JSWENERGY,Yes,01-09-2021,28-02-2022,33.25%,249.6852722,332.7180786,313.1914175,-5.868830814,297.4469401,-10.60090833,76.77483363,40.6436519,835701571584
JSWENERGY,Yes,02-09-2021,02-03-2022,33.44%,248.5605621,331.6911621,313.1914175,-5.577400525,297.4469401,-10.32412856,75.64405652,41.90997032,835701571584
JSWENERGY,Yes,05-10-2023,02-04-2024,31.12%,410.5197449,538.2921753,699.6587846,29.97751345,699.2461077,29.90084936,82.9064479,49.76477931,835701571584
JSWENERGY,Yes,01-11-2023,29-04-2024,60.05%,374.2331848,598.9517212,715.8325473,19.51423161,699.2461077,16.74498678,78.27092489,55.8076698,835701571584
JSWENERGY,Yes,03-11-2023,02-05-2024,62.07%,390.961731,633.6499023,709.3700589,11.94984111,699.2461077,10.35212112,81.31693369,57.16924219,835701571584
JSWENERGY,Yes,01-12-2023,29-05-2024,42.30%,421.5397339,599.8452759,699.2461077,16.57107855,699.2461077,16.57107855,74.62192376,54.31544246,835701571584
JSWENERGY,Yes,04-12-2023,03-06-2024,55.68%,421.4404602,656.1072388,699.2461077,6.574972263,699.2461077,6.574972263,70.63881809,57.34401812,835701571584
JSWENERGY,Yes,01-02-2024,30-07-2024,45.96%,488.1064758,712.4346313,697.5888726,-2.083806446,517.5135292,-27.35985782,42.34815793,61.68165521,835701571584
JSWSTEEL,Yes,01-07-2022,28-12-2022,35.65%,553.3087769,750.5883789,710.611412,-5.326083907,769.9712122,2.582351906,43.90281332,24.82904301,2644301578240
JUBLFOOD,Yes,01-04-2021,28-09-2021,35.83%,584.2545776,793.6147461,525.1534145,-33.82766424,567.5175691,-28.4895383,48.63975912,53.05310373,368329883648
KEI,Yes,01-01-2021,30-06-2021,45.94%,472.2643738,689.2215576,720.6972305,4.566843936,1156.145752,67.74660328,19.84291749,44.56359943,397501235200
KEI,Yes,01-07-2021,28-12-2021,53.92%,748.7562866,1152.479492,1197.11708,3.873178524,1208.791068,4.886123886,49.63453677,57.31975649,397501235200
LICHSGFIN,Yes,01-08-2023,29-01-2024,46.47%,397.2289734,581.8397217,614.6190389,5.633736577,619.0813352,6.400665359,17.22854148,7.995122269,289223114752
LICHSGFIN,Yes,07-08-2023,05-02-2024,48.22%,418.9910583,621.0170288,615.1742787,-0.940835736,619.3368673,-0.270549995,16.2409821,9.083515767,289223114752
LICHSGFIN,Yes,01-09-2023,28-02-2024,47.31%,420.0883484,618.835144,614.1413716,-0.758485115,623.5053426,0.754675718,16.43714113,8.256021043,289223114752
LICHSGFIN,Yes,01-11-2023,29-04-2024,45.81%,443.5073853,646.6663818,617.7427926,-4.472721957,622.76694,-3.695791598,19.85544024,8.000107007,289223114752
LT,Yes,03-05-2021,01-11-2021,35.25%,1273.955322,1722.967651,1790.45575,3.916968382,1842.750015,6.95209589,13.06400298,15.32586269,5590086057984
LT,Yes,01-08-2023,29-01-2024,40.63%,2591.912109,3645.08374,3555.374517,-2.461101842,3596.853686,-1.323153528,42.24205171,25.98792682,5590086057984
LT,Yes,04-09-2023,04-03-2024,34.43%,2665.099121,3582.612305,3553.854344,-0.802709271,3562.908852,-0.549974465,37.1759966,24.9622695,5590086057984
LTF,Yes,01-09-2023,28-02-2024,30.57%,122.7440643,160.2613373,163.4715345,2.003101501,137.6747445,-14.09360062,17.20780846,8.435032777,752790339584
LTIM,Yes,01-04-2021,28-09-2021,41.50%,3875.721436,5484.089844,5617.911705,2.440183601,4194.343333,-23.51796829,46.61366182,58.04061763,1842106073088
LTIM,Yes,01-07-2021,28-12-2021,81.85%,3808.642334,6925.875977,4192.696704,-39.46330084,4548.188694,-34.33049177,63.5553416,63.13268261,1842106073088
LUPIN,Yes,01-02-2023,31-07-2023,34.22%,726.5074463,975.0839233,1142.955651,17.2161312,1586.007615,62.65344725,2.846364984,4.236558738,954983645184
LUPIN,Yes,02-02-2023,01-08-2023,33.76%,731.0395508,977.8049927,1151.823266,17.79682806,1596.969648,63.32189548,2.941943825,3.80078643,954983645184
LUPIN,Yes,01-03-2023,28-08-2023,68.25%,651.6300659,1096.344849,1598.759257,45.82631173,1588.528097,44.89310537,4.875740679,4.812113747,954983645184
LUPIN,Yes,03-04-2023,03-10-2023,80.92%,642.171875,1161.848389,1601.549744,37.84498557,1608.633139,38.45465164,5.098695098,6.122887944,954983645184
LUPIN,Yes,02-05-2023,30-10-2023,61.58%,698.329895,1128.354492,1592.773728,41.15898316,1608.633139,42.56451765,8.420523918,6.013976595,954983645184
LUPIN,Yes,05-05-2023,01-11-2023,61.52%,693.9456177,1120.834351,1589.387842,41.80399107,1578.909619,40.86913185,8.179123494,6.476690032,954983645184
LUPIN,Yes,03-07-2023,01-01-2024,47.77%,879.1192627,1299.039917,1592.42805,22.5849975,1600.89654,23.23690129,10.05286587,9.940602823,954983645184
LUPIN,Yes,01-08-2023,29-01-2024,50.10%,977.8049927,1467.697021,1584.959168,7.989533606,1591.380302,8.4270308,14.36860751,12.15050367,954983645184
LUPIN,Yes,07-08-2023,05-02-2024,45.51%,1069.777222,1556.601807,1581.479551,1.598208604,1584.224146,1.774528295,14.3252866,14.09249452,954983645184
LUPIN,Yes,01-09-2023,28-02-2024,47.77%,1082.343628,1599.34729,1579.655762,-1.23122279,1583.374532,-0.99870481,17.27514418,16.85238444,954983645184
LUPIN,Yes,04-09-2023,04-03-2024,52.16%,1085.856201,1652.284546,1579.196476,-4.423455419,1582.616734,-4.216453617,17.41133791,16.92448255,954983645184
LUPIN,Yes,03-10-2023,01-04-2024,38.29%,1161.848389,1606.669434,1578.326502,-1.76407984,2083.704665,29.69093837,17.12315913,16.88428734,954983645184
LUPIN,Yes,01-11-2023,29-04-2024,44.56%,1120.834351,1620.225342,2171.040408,33.99620114,2084.756027,28.67074557,16.38485232,14.18666691,954983645184
LUPIN,Yes,03-11-2023,02-05-2024,38.86%,1174.068481,1630.318115,2171.040408,33.1666739,2084.080888,27.83277498,16.11489775,14.09694637,954983645184
LUPIN,Yes,01-04-2024,30-09-2024,35.53%,1606.669434,2177.556641,2005.496683,-7.901514672,1933.837806,-11.19230746,32.70596849,25.75533999,954983645184
LUPIN,Yes,01-07-2024,30-12-2024,43.65%,1599.050537,2297.063477,1933.837806,-15.81260918,1934.878883,-15.76728714,35.74754798,25.26405747,954983645184
M&M,Yes,31-01-2022,01-08-2022,41.16%,854.5616455,1206.318237,1236.078666,2.467046279,1215.0309,0.722252418,32.28764251,12.67946488,4345367887872
M&M,Yes,01-04-2022,28-09-2022,51.85%,797.4011841,1210.850098,1225.159894,1.181797475,1229.071774,1.504866394,31.93007352,16.19093892,4345367887872
M&M,Yes,04-04-2022,03-10-2022,51.63%,804.2990723,1219.572876,1217.84455,-0.141715659,1229.150167,0.78529875,31.64802929,15.72989846,4345367887872
M&M,Yes,02-05-2022,31-10-2022,47.87%,888.8580322,1314.353271,1214.707126,-7.58138225,1230.525644,-6.377861239,31.64664083,16.03391055,4345367887872
M&M,Yes,01-02-2024,30-07-2024,78.27%,1626.084106,2898.810791,2720.872681,-6.13831406,2992.77968,3.241635812,59.31437113,40.93910715,4345367887872
M&MFIN,Yes,01-07-2022,28-12-2022,31.95%,164.8585663,217.5332947,281.6040534,29.45331142,268.7682489,23.55269535,6.250277705,-3.200305397,474616365056
M&MFIN,Yes,08-08-2022,06-02-2023,33.53%,184.0702362,245.7868042,269.0459969,9.463157607,268.7284066,9.333943878,3.901758217,0.243654993,474616365056
M&MFIN,Yes,31-10-2022,02-05-2023,31.83%,189.6082916,249.9638062,265.4062922,6.177888832,265.4355392,6.189589338,39.07799701,-2.097156616,474616365056
MARICO,Yes,01-01-2021,30-06-2021,32.19%,378.0006714,499.6754456,488.7470084,-2.187107096,499.6252996,-0.010035711,19.08575323,16.90652474,956531343360
MARICO,Yes,01-03-2021,30-08-2021,32.16%,373.9981995,494.2626038,477.5822581,-3.374794201,477.6891635,-3.35316492,14.38372738,14.67269767,956531343360
MARICO,Yes,01-04-2021,28-09-2021,35.29%,383.3700562,518.6439209,477.4035687,-7.951573425,500.0127751,-3.592280758,20.40480308,15.98093106,956531343360
MARICO,Yes,05-04-2021,04-10-2021,37.67%,378.851532,521.5620117,477.4335244,-8.460832334,500.0920635,-4.116470863,23.01541204,16.25031771,956531343360
MFSL,Yes,01-01-2021,30-06-2021,53.47%,690.9500122,1060.400024,981.2395332,-7.46515366,981.2395332,-7.46515366,34.83763969,14.83023773,576203653120
MFSL,Yes,02-05-2023,30-10-2023,42.27%,648.8499756,923.1500244,972.8337864,5.381981335,970.4947765,5.128608657,16.05714254,20.25673662,576203653120
MOTHERSON,Yes,01-01-2021,30-06-2021,47.53%,43.34011841,63.94055176,60.24113899,-5.785706664,60.60224085,-5.220960439,10.82662751,15.14665298,1261994770432
MOTHERSON,Yes,01-11-2023,29-04-2024,42.33%,60.62262726,86.28334808,127.6560716,47.9498355,85.14533317,-1.31892763,14.19215638,18.97405105,1261994770432
MOTHERSON,Yes,01-04-2024,30-09-2024,76.72%,79.25798798,140.0653381,99.06763524,-29.27041297,98.91119579,-29.38210331,32.39772056,39.02967042,1261994770432
MPHASIS,Yes,01-01-2021,30-06-2021,39.50%,1369.963745,1911.089966,2901.405522,51.81941058,2901.021618,51.79932238,28.99996945,34.09186205,544977027072
MPHASIS,Yes,01-04-2021,28-09-2021,84.50%,1565.084229,2887.605957,2817.530111,-2.426780087,2900.158625,0.434708474,43.36049894,48.45746063,544977027072
MPHASIS,Yes,01-06-2021,29-11-2021,56.66%,1746.14624,2735.477539,2843.281664,3.940961814,1975.443099,-27.78434221,50.93855144,45.89863422,544977027072
MPHASIS,Yes,01-07-2021,28-12-2021,56.73%,1944.759277,3047.927002,2074.006791,-31.95352809,1975.313533,-35.19157344,53.74351543,46.84762055,544977027072
NATIONALUM,Yes,01-01-2021,30-06-2021,83.23%,34.06913376,62.42497635,81.14465794,29.98748687,81.01760365,29.78395571,14.42726049,20.50285117,508661727232
NATIONALUM,Yes,01-04-2021,28-09-2021,53.18%,46.80876541,71.70038605,81.07212448,13.07069453,81.07212448,13.07069453,21.91312452,21.58977287,508661727232
NATIONALUM,Yes,01-11-2023,29-04-2024,110.27%,83.16093445,174.8609924,179.1648288,2.461290159,174.7366556,-0.071106121,50.214296,36.12730444,508661727232
NATIONALUM,Yes,04-12-2023,03-06-2024,104.91%,88.82207489,182.0038757,171.6326544,-5.698351911,175.0012715,-3.847502817,46.2335511,38.58829151,508661727232
NATIONALUM,Yes,01-02-2024,30-07-2024,31.79%,134.7218933,177.5511475,184.3052105,3.804009772,184.2507207,3.773320159,33.57673974,41.55547149,508661727232
NAUKRI,Yes,01-04-2021,28-09-2021,58.72%,837.194519,1328.788208,909.5907329,-31.54735063,848.1706782,-36.1696113,68.47540577,51.86708358,872023654400
NAUKRI,Yes,01-03-2024,28-08-2024,44.49%,1048.967773,1515.690308,1506.926669,-0.578194559,1505.735751,-0.656767199,9.334973717,31.00803866,872023654400
NHPC,Yes,01-04-2022,28-09-2022,33.14%,25.10932159,33.42937469,38.42511316,14.94415769,37.79827805,13.06905496,24.42876369,13.01496408,763523104768
NHPC,Yes,01-06-2022,28-11-2022,30.15%,30.74427032,40.01464081,36.22711398,-9.465352565,38.07963234,-4.835751193,30.51936815,16.1728556,763523104768
NHPC,Yes,01-07-2022,28-12-2022,30.38%,27.81410027,36.26469421,38.13635303,5.161104645,37.08489579,2.261708233,25.86765229,11.00655599,763523104768
NHPC,Yes,01-09-2023,28-02-2024,77.91%,48.01786041,85.42966461,92.20871778,7.935244977,80.95446923,-5.238455992,60.75731123,38.35096218,763523104768
NHPC,Yes,01-11-2023,29-04-2024,91.58%,47.30118179,90.62043762,93.59048882,3.277462867,77.04654093,-14.97884699,63.49931731,39.33128683,763523104768
NHPC,Yes,01-12-2023,29-05-2024,82.91%,53.89468002,98.57641602,77.09203037,-21.7946508,81.15118394,-17.67687727,64.62105772,39.95344842,763523104768
NMDC,Yes,01-01-2021,30-06-2021,71.19%,21.06994629,36.06964493,28.62833134,-20.63040432,28.45703376,-21.10531218,28.1200059,21.6671189,678644088832
NMDC,Yes,02-05-2023,30-10-2023,45.27%,33.03731537,47.99392319,74.64141846,55.52264433,70.34336706,46.56723683,47.58181044,22.5353469,678644088832
NMDC,Yes,01-11-2023,29-04-2024,70.06%,47.3012619,80.43978119,71.44688341,-11.17966464,71.44688341,-11.17966464,38.66090319,36.63089047,678644088832
NMDC,Yes,01-12-2023,29-05-2024,45.36%,56.04421997,81.46539307,73.06167094,-10.3156958,70.2495105,-13.76766519,32.37581369,36.19467862,678644088832
NTPC,Yes,05-04-2021,04-10-2021,40.75%,89.2673111,125.6445084,118.3673146,-5.79189163,117.7646586,-6.271543305,6.445958231,6.991677446,3112629960704
NTPC,Yes,03-05-2021,01-11-2021,32.43%,87.54579163,115.9330597,118.3626957,2.095723215,119.0364565,2.676886845,5.74241626,4.907820277,3112629960704
NTPC,Yes,01-02-2023,31-07-2023,31.80%,153.9277344,202.8726044,223.7650618,10.2983138,349.4455915,72.24878273,43.43508362,16.30419012,3112629960704
NTPC,Yes,02-05-2023,30-10-2023,35.47%,163.1528778,221.0207062,347.8415939,57.37964099,353.9973645,60.16479658,45.7715412,17.29430843,3112629960704
NTPC,Yes,01-06-2023,28-11-2023,51.19%,162.0379181,244.9853973,350.1770384,42.93792292,347.2362461,41.73752798,46.99181611,22.28576969,3112629960704
NTPC,Yes,03-07-2023,01-01-2024,65.81%,177.693512,294.6388245,349.356908,18.57124011,349.5981387,18.65311346,53.99559119,25.97484232,3112629960704
NTPC,Yes,01-08-2023,29-01-2024,47.58%,209.1905975,308.7168274,346.2735805,12.16543763,352.7434992,14.26118302,62.11924646,28.97635843,3112629960704
NTPC,Yes,01-09-2023,28-02-2024,47.29%,217.3464508,320.1355591,346.4525666,8.220582432,352.7434992,10.1856664,52.5896238,28.72855892,3112629960704
NTPC,Yes,04-09-2023,04-03-2024,52.99%,222.1512451,339.8738708,346.6965975,2.007429012,352.7434992,3.7865895,54.00670298,29.95774019,3112629960704
NTPC,Yes,03-10-2023,01-04-2024,44.71%,227.238678,328.828125,346.5632051,5.39341947,352.6504324,7.244607634,53.67247861,25.90189517,3112629960704
NTPC,Yes,01-11-2023,29-04-2024,59.11%,219.1365051,348.6625061,353.3559374,1.346124455,353.2374479,1.312140462,59.12290732,27.57478573,3112629960704
NTPC,Yes,03-11-2023,02-05-2024,59.02%,222.9172058,354.4734802,353.4346306,-0.293068352,353.2898951,-0.333899479,60.31378595,28.18898243,3112629960704
NTPC,Yes,01-12-2023,29-05-2024,36.89%,255.8292694,350.1993103,394.6913264,12.70476976,353.4277649,0.921890619,56.42624791,28.30532752,3112629960704
OBEROIRLTY,Yes,01-04-2021,28-09-2021,53.17%,567.4312744,869.1105957,885.5024007,1.886043628,875.878337,0.778697364,29.94239445,25.31420978,591825928192
OBEROIRLTY,Yes,01-07-2021,28-12-2021,36.08%,622.9147339,847.6915283,906.8901062,6.983504719,905.553536,6.825832949,24.3605639,24.66462514,591825928192
OBEROIRLTY,Yes,01-02-2023,31-07-2023,36.25%,811.7337646,1106.017456,1124.256596,1.649082431,1100.805617,-0.471225755,47.73733245,17.94883521,591825928192
OBEROIRLTY,Yes,02-05-2024,29-10-2024,30.21%,1515.682129,1973.505737,1605.121282,-18.66650034,1606.641903,-18.58944856,30.52675119,32.11947852,591825928192
OFSS,Yes,01-02-2021,02-08-2021,39.45%,2525.328369,3521.690918,2922.842256,-17.0045775,2823.573644,-19.82335448,9.164257898,8.739506276,681306423296
OFSS,Yes,01-03-2021,30-08-2021,58.07%,2450.403564,3873.425049,2895.583804,-25.24487327,2823.218839,-27.11311557,8.68910599,10.77322014,681306423296
OFSS,Yes,05-03-2021,01-09-2021,53.55%,2490.275146,3823.833984,2894.447713,-24.30508947,2823.218839,-26.16785011,8.324621731,10.68072361,681306423296
OFSS,Yes,01-04-2021,28-09-2021,50.83%,2494.199951,3762.000732,2831.345296,-24.73831087,2792.782154,-25.76338092,9.927836621,11.26061862,681306423296
OFSS,Yes,05-04-2021,04-10-2021,52.90%,2484.096436,3798.156006,2831.345296,-25.4547393,2904.297596,-23.53400987,9.804766255,11.30403774,681306423296
OFSS,Yes,03-05-2021,01-11-2021,33.96%,2704.789795,3623.254639,2872.057606,-20.73265912,2810.625191,-22.42816277,12.26340018,11.1487353,681306423296
OFSS,Yes,01-02-2023,31-07-2023,36.73%,2628.963623,3594.601563,3768.748201,4.844671539,3800.927174,5.739874293,16.32915461,5.791847072,681306423296
OFSS,Yes,01-08-2023,29-01-2024,71.36%,3579.801514,6134.225586,7317.886012,19.29600419,10709.15728,74.58042794,34.84984911,17.7458461,681306423296
OFSS,Yes,07-08-2023,05-02-2024,67.40%,3656.207764,6120.442871,7256.59857,18.56329229,7305.510514,19.36244921,33.72418394,17.19683087,681306423296
OFSS,Yes,01-09-2023,28-02-2024,84.93%,3826.086426,7075.750488,10472.87196,48.01075846,10401.78548,47.00610909,44.0828502,22.81583071,681306423296
OFSS,Yes,04-09-2023,04-03-2024,87.94%,3829.647705,7197.343262,10574.19352,46.91801031,10401.78548,44.52257039,41.73451388,23.21430922,681306423296
OFSS,Yes,03-10-2023,01-04-2024,118.97%,3780.667969,8278.545898,10414.52388,25.80136665,10401.78548,25.64749425,49.16751845,27.55724069,681306423296
OFSS,Yes,01-11-2023,29-04-2024,90.28%,3622.398438,6892.875488,10481.07308,52.05661412,10481.07308,52.05661412,36.72937646,21.88128318,681306423296
OFSS,Yes,01-12-2023,29-05-2024,92.68%,3740.106445,7206.566895,10481.07308,45.43781021,10481.07308,45.43781021,35.49949339,24.03368416,681306423296
OFSS,Yes,02-05-2024,29-10-2024,46.08%,7178.334473,10486.44238,8794.630249,-16.13332789,8371.378603,-20.16950747,42.34696138,36.24746909,681306423296
OFSS,Yes,03-06-2024,02-12-2024,62.18%,7216.489746,11704.02734,8372.663532,-28.46339737,8345.212943,-28.69793707,50.40305945,40.40858678,681306423296
OIL,Yes,01-01-2021,30-06-2021,48.81%,56.22913361,83.67359161,124.9868862,49.3743531,129.4830068,54.74775773,-3.649268982,3.381386507,653408337920
OIL,Yes,04-01-2021,05-07-2021,57.76%,58.11722183,91.68434143,124.9868862,36.32304518,129.4830068,41.22695851,0.003994577,4.015391079,653408337920
OIL,Yes,01-02-2021,02-08-2021,51.91%,57.98789597,88.0914917,120.890065,37.23239636,123.0071472,39.63567292,-2.322677278,3.389525403,653408337920
OIL,Yes,02-09-2021,02-03-2022,43.57%,95.41026306,136.9821014,107.8348768,-21.2781264,107.8348768,-21.2781264,17.76319354,8.015086692,653408337920
OIL,Yes,06-12-2021,06-06-2022,33.27%,117.244606,156.2548218,107.8348768,-30.98780855,107.8348768,-30.98780855,22.73678758,13.36157971,653408337920
OIL,Yes,03-10-2022,03-04-2023,53.24%,103.6442261,158.8198853,154.6771113,-2.608473076,160.1241991,0.82125351,54.74536814,10.01704682,653408337920
OIL,Yes,31-10-2022,02-05-2023,42.27%,111.0063095,157.9322815,155.3471794,-1.636842105,160.5596177,1.663584016,46.46841644,9.824332816,653408337920
OIL,Yes,01-11-2022,02-05-2023,42.61%,110.7474823,157.9322815,155.3471794,-1.636842105,160.5596177,1.663584016,46.46841644,9.824332816,653408337920
OIL,Yes,01-11-2023,29-04-2024,111.45%,188.2607269,398.0864563,456.9142157,14.77763398,396.9435655,-0.287096131,84.28552126,36.32180905,653408337920
ONGC,Yes,01-02-2021,02-08-2021,31.11%,66.91132355,87.72421265,132.0033012,50.47533316,131.8194259,50.26572705,-6.645594739,-0.211823441,2921876684800
ONGC,Yes,25-03-2021,21-09-2021,34.63%,76.41220856,102.8702393,132.0330713,28.34914379,109.3457394,6.294823683,-4.419572949,-0.177637787,2921876684800
ONGC,Yes,01-04-2021,28-09-2021,38.41%,78.17269897,108.1963425,130.0157484,20.16649123,109.3691965,1.084005269,-2.216055152,1.130043543,2921876684800
ONGC,Yes,31-10-2022,02-05-2023,32.07%,109.4257889,144.5201416,159.0700016,10.06770395,142.0444749,-1.713025356,34.91771102,4.374574464,2921876684800
ONGC,Yes,01-11-2023,29-04-2024,58.51%,164.7368011,261.1310425,251.8343363,-3.560168898,248.7899553,-4.726013079,49.62974322,17.8766236,2921876684800
ONGC,Yes,01-12-2023,29-05-2024,41.78%,176.8016205,250.6654968,243.4287579,-2.887010402,238.7583862,-4.750199268,43.87531402,16.4836988,2921876684800
PAGEIND,Yes,01-07-2021,28-12-2021,35.19%,28120.46289,38016.5,39420.83146,3.694005128,39494.74929,3.888441308,18.01880821,26.34937398,405519826944
PAGEIND,Yes,01-09-2021,28-02-2022,32.41%,30528.64648,40422.13672,47921.70161,18.55311347,38647.72496,-4.389703026,24.88872056,25.35427255,405519826944
PAGEIND,Yes,02-09-2021,02-03-2022,30.58%,30472.83594,39792.36328,47921.70161,20.42939313,39810.14304,0.044681342,24.31273052,24.82283155,405519826944
PAGEIND,Yes,01-10-2021,30-03-2022,30.75%,30692.94141,40131.80859,47921.70161,19.41076989,47479.35156,18.30852689,21.13626152,24.4883851,405519826944
PATANJALI,Yes,01-01-2021,30-06-2021,72.50%,219.6273804,378.8518982,342.2836117,-9.652396265,344.2348583,-9.13735422,1.498457115,-12.40007085,586612604928
PATANJALI,Yes,01-02-2021,02-08-2021,81.45%,198.3941956,359.9852295,276.3514109,-23.2325695,343.8572998,-4.480164286,6.812637579,-13.51987209,586612604928
PATANJALI,Yes,01-03-2021,30-08-2021,43.90%,239.457016,344.5785217,343.4050684,-0.340547432,343.7629526,-0.236686003,0.823305214,-12.12830746,586612604928
PATANJALI,Yes,05-03-2021,01-09-2021,46.74%,234.9525146,344.7579956,343.4484919,-0.379832715,339.8871236,-1.412838018,2.52741662,-11.40422123,586612604928
PATANJALI,Yes,01-04-2021,28-09-2021,57.55%,220.0353851,346.667511,270.4806223,-21.97693361,350.5390265,1.116780611,15.74034716,-13.74923099,586612604928
PATANJALI,Yes,05-04-2021,04-10-2021,48.21%,231.0355072,342.4241333,270.4806223,-21.01005859,351.0490036,2.518768236,13.6309689,-13.6486867,586612604928
PATANJALI,Yes,03-05-2021,01-11-2021,35.92%,224.5562134,305.2129822,270.4806223,-11.37971251,351.880423,15.29012316,18.99095516,-16.61856412,586612604928
PATANJALI,Yes,31-01-2022,01-08-2022,39.39%,274.7259827,382.9320679,314.4874846,-17.87381862,393.2063203,2.683048317,35.64961564,-12.93529552,586612604928
PATANJALI,Yes,01-02-2023,31-07-2023,34.19%,324.8681946,435.930603,423.1013455,-2.942958685,442.451609,1.495881666,27.5260812,5.957042938,586612604928
PATANJALI,Yes,03-07-2023,01-01-2024,32.14%,390.3069153,515.7547607,520.409239,0.902459578,589.8202113,14.36059465,32.91854787,13.0685389,586612604928
PERSISTENT,Yes,01-01-2021,30-06-2021,97.80%,718.8217163,1421.859863,2015.028526,41.71780062,2018.874089,41.98826066,56.00233899,35.22408388,975149006848
PERSISTENT,Yes,04-01-2021,05-07-2021,92.58%,729.501709,1404.85376,2021.117716,43.86676922,2018.874089,43.70706381,54.80765226,35.19492273,975149006848
PERSISTENT,Yes,01-02-2021,02-08-2021,104.89%,742.3897095,1521.090088,1984.442881,30.46189023,1984.757496,30.48257375,58.08001482,37.97281113,975149006848
PERSISTENT,Yes,01-03-2021,30-08-2021,97.41%,816.2685547,1611.371704,1964.874685,21.93801591,2007.764079,24.5996857,60.46209361,41.99397984,975149006848
PERSISTENT,Yes,05-03-2021,01-09-2021,98.37%,814.671875,1616.074829,1979.033463,22.45927152,2007.764079,24.23707384,61.54427796,41.80303724,975149006848
PERSISTENT,Yes,01-04-2021,28-09-2021,80.16%,945.0116577,1702.574585,2007.764079,17.92517617,2007.764079,17.92517617,67.05690006,43.33311871,975149006848
PERSISTENT,Yes,05-04-2021,04-10-2021,90.03%,947.6969604,1800.929321,2007.764079,11.48489033,2007.764079,11.48489033,75.69413691,43.28821426,975149006848
PERSISTENT,Yes,03-05-2021,01-11-2021,88.80%,1040.299194,1964.134277,2006.133821,2.138323418,1831.173548,-6.769431744,96.46231034,45.68595844,975149006848
PERSISTENT,Yes,01-06-2021,29-11-2021,61.22%,1206.682983,1945.394409,2096.791523,7.782335181,1831.501441,-5.854492394,91.67607127,48.2763176,975149006848
PERSISTENT,Yes,04-06-2021,01-12-2021,71.22%,1191.297852,2039.797241,2096.791523,2.794115039,1831.501441,-10.21159336,93.74192239,49.49999518,975149006848
PERSISTENT,Yes,01-07-2021,28-12-2021,57.32%,1432.285889,2253.209961,1572.932049,-30.19150118,1833.767412,-18.61533351,97.60364611,52.0955472,975149006848
PERSISTENT,Yes,05-07-2021,03-01-2022,68.15%,1404.85376,2362.304443,1574.417993,-33.35245177,1833.767412,-22.37378983,102.5691094,52.86458761,975149006848
PERSISTENT,Yes,02-08-2021,31-01-2022,40.94%,1521.090088,2143.795166,1749.966912,-18.37061025,1833.767412,-14.46163135,97.35560894,51.26251462,975149006848
PERSISTENT,Yes,01-10-2021,30-03-2022,32.04%,1766.479736,2332.39624,1832.894969,-21.41579818,1856.245399,-20.41466338,98.36295463,53.56474195,975149006848
PFC,Yes,31-10-2022,02-05-2023,58.08%,78.46156311,124.0331192,129.5931494,4.482698034,388.6315446,213.3288489,32.67570173,22.98389574,1109599584256
PFC,Yes,01-12-2022,30-05-2023,33.97%,96.60772705,129.4274139,204.0235645,57.63551037,365.8560905,182.6727965,45.67928503,25.9917976,1109599584256
PFC,Yes,01-02-2023,31-07-2023,100.87%,95.10801697,191.0433502,372.4384629,94.94971298,380.1893301,99.0068378,61.91196187,33.58583466,1109599584256
PFC,Yes,02-05-2023,30-10-2023,76.00%,124.0331192,218.2948456,365.738163,67.54319692,458.739231,110.146616,65.12141136,35.898262,1109599584256
PFC,Yes,01-11-2023,29-04-2024,76.79%,221.2638702,391.1698608,461.7144636,18.03426332,454.054812,16.07612381,83.31665175,45.85437995,1109599584256
PHOENIXLTD,Yes,07-08-2023,05-02-2024,56.64%,844.9691162,1323.598999,1778.521421,34.37010927,1542.75852,16.55784879,49.27038746,36.19562705,636882583552
PHOENIXLTD,Yes,01-09-2023,28-02-2024,50.94%,919.4865112,1387.853516,1543.486568,11.21393942,1544.449894,11.28335063,50.97691291,35.15212749,636882583552
PHOENIXLTD,Yes,01-11-2023,29-04-2024,60.59%,944.5270386,1516.811401,1813.45196,19.55685184,1619.984383,6.801965041,62.18470508,38.2106544,636882583552
PHOENIXLTD,Yes,04-12-2023,03-06-2024,40.96%,1182.179199,1666.381348,1813.620433,8.835857752,1619.40508,-2.819058684,57.41843985,38.42981281,636882583552
PIDILITIND,Yes,01-04-2021,28-09-2021,32.73%,889.9014893,1181.163208,1183.598951,0.206215587,1182.72864,0.13253304,32.68952497,29.08307694,1499194589184
PIDILITIND,Yes,05-04-2021,04-10-2021,35.03%,878.357605,1186.0625,1184.013238,-0.172778551,1182.995605,-0.258577818,36.35506214,27.39163438,1499194589184
PIDILITIND,Yes,03-05-2021,01-11-2021,30.95%,884.0196533,1157.623169,1183.475206,2.233199733,1183.347057,2.222129649,34.81208945,27.75736601,1499194589184
PIIND,Yes,01-07-2022,28-12-2022,33.91%,2550.437012,3415.37085,3030.995218,-11.25428682,3366.448599,-1.432413998,33.5058391,29.3844139,494446346240
PNB,Yes,01-07-2022,28-12-2022,86.42%,27.92603111,52.05905533,48.22258418,-7.369459797,48.92130732,-6.027285719,-4.956185475,-19.96022575,1345853587456
PNB,Yes,04-07-2022,02-01-2023,90.50%,28.4475708,54.19261932,48.30248972,-10.86887786,49.10602833,-9.386132384,-4.329424204,-18.89240146,1345853587456
PNB,Yes,01-08-2022,30-01-2023,51.80%,31.67162895,48.07639313,48.30798768,0.481721985,46.90679238,-2.43279637,-4.744984837,-21.39372184,1345853587456
PNB,Yes,01-09-2022,28-02-2023,35.06%,33.94743347,45.84799576,48.37936249,5.521215678,47.22501613,3.003447269,3.12931976,-13.39147365,1345853587456
PNB,Yes,01-11-2023,29-04-2024,88.27%,70.0200119,131.8277893,98.7510092,-25.090901,97.411927,-26.10668243,59.4458694,10.01732979,1345853587456
PNB,Yes,01-12-2023,29-05-2024,58.67%,77.51185608,122.9912415,99.7824449,-18.870284,96.58695744,-21.46842629,46.39383135,10.14922612,1345853587456
PNB,Yes,04-12-2023,03-06-2024,63.58%,80.4413681,131.5876617,98.2634697,-25.32470872,98.28527721,-25.30813611,48.05333622,11.56590383,1345853587456
POWERGRID,Yes,02-08-2021,31-01-2022,32.68%,100.241188,133.0034027,133.3836272,0.285875751,143.6237176,7.984994851,22.8651181,12.10970171,2421412331520
POWERGRID,Yes,01-11-2021,02-05-2022,31.20%,112.0023804,146.9481201,143.4091477,-2.408314195,143.4278878,-2.395561282,25.38325648,14.38674862,2421412331520
POWERGRID,Yes,01-11-2023,29-04-2024,51.48%,183.4792175,277.9393311,316.2327569,13.77762036,321.920267,15.82393388,42.13683157,30.02514738,2421412331520
POWERGRID,Yes,01-12-2023,29-05-2024,53.67%,195.6490479,300.6514282,315.8439828,5.053212166,321.920267,7.074251715,44.75509745,32.17411305,2421412331520
PRESTIGE,Yes,01-04-2021,28-09-2021,54.18%,305.366394,470.8065491,432.7929342,-8.074147424,432.0287452,-8.236462287,32.01615884,19.50815831,701185785856
PRESTIGE,Yes,02-08-2021,31-01-2022,34.47%,360.2898865,484.4991455,429.6633573,-11.3180361,441.2052705,-8.935800071,35.45945954,24.82679328,701185785856
PRESTIGE,Yes,02-05-2023,30-10-2023,55.52%,482.0598145,749.7172241,1197.230107,59.69088993,1197.230107,59.69088993,44.63750251,32.12503938,701185785856
PRESTIGE,Yes,01-09-2023,28-02-2024,84.31%,665.4267578,1226.460815,1786.573911,45.66905756,1780.762443,45.19521708,60.84442409,43.61143521,701185785856
RECLTD,Yes,31-10-2022,02-05-2023,43.64%,83.09313965,119.3549652,130.1553092,9.048927288,130.7815048,9.573577118,36.33401069,18.19772177,883657080832
RECLTD,Yes,01-02-2023,31-07-2023,82.37%,99.97251892,182.3214874,399.2073485,118.9579265,413.1990158,126.6321001,54.57167081,30.24846256,883657080832
RECLTD,Yes,02-05-2023,30-10-2023,112.39%,119.3549652,253.4929504,414.6527352,63.57564756,414.6527352,63.57564756,70.99686215,40.00410648,883657080832
RVNL,Yes,01-11-2023,29-04-2024,88.76%,151.6143951,286.1845398,420.012278,46.76274209,420.0217144,46.76603938,126.298739,71.89967207,646530531328
RVNL,Yes,01-04-2024,30-09-2024,103.83%,259.3795471,528.6867676,431.5471464,-18.37375686,334.9156104,-36.65141045,168.4838187,92.48067804,646530531328
SAIL,Yes,01-01-2021,30-06-2021,78.10%,63.24314499,112.6375275,102.5269913,-8.976170188,101.4505658,-9.931824577,17.5456635,24.34379576,536522784768
SAIL,Yes,04-01-2021,05-07-2021,60.92%,67.31786346,108.3252182,102.5269913,-5.3526104,101.4505658,-6.346308352,18.15186573,22.23910136,536522784768
SAIL,Yes,05-03-2021,01-09-2021,66.50%,62.18349457,103.5385437,101.2766295,-2.1846108,100.0882763,-3.3323507,15.77477484,20.88575137,536522784768
SAIL,Yes,01-04-2021,28-09-2021,33.69%,72.31742859,96.68401337,100.2248046,3.662230319,100.2248046,3.662230319,19.24007871,18.87183491,536522784768
SAIL,Yes,05-04-2021,04-10-2021,36.32%,77.31971741,105.4017944,100.2317244,-4.905106241,100.2317244,-4.905106241,22.12774364,20.91734016,536522784768
SAIL,Yes,01-11-2023,29-04-2024,100.36%,80.60913086,161.5046997,130.4051987,-19.2560966,109.8210272,-32.00134273,18.51252284,27.79779972,536522784768
SAIL,Yes,01-12-2023,29-05-2024,75.71%,90.57588196,159.1526794,127.7558036,-19.72751946,114.407791,-28.11444244,15.13726821,29.97435398,536522784768
SAIL,Yes,04-12-2023,03-06-2024,78.36%,91.40238953,163.0237122,128.8790176,-20.94461847,112.600379,-30.93006071,15.6029608,30.6514794,536522784768
SBIN,Yes,01-01-2021,30-06-2021,51.42%,257.8070374,390.3739929,398.7134279,2.136268073,398.7134279,2.136268073,17.7177918,14.30231372,8872007827456
SBIN,Yes,01-09-2023,28-02-2024,30.37%,549.1300659,715.8793335,783.6808174,9.471077144,792.6161929,10.71924496,25.75153658,23.59124158,8872007827456
SBIN,Yes,04-09-2023,04-03-2024,34.14%,554.914978,744.369873,783.6808174,5.28110363,792.6161929,6.481498184,26.80501537,24.20167687,8872007827456
SBIN,Yes,01-11-2023,29-04-2024,45.92%,546.0930786,796.8676758,793.9844078,-0.361825196,792.8608988,-0.502815849,33.94091936,22.54442852,8872007827456
SBIN,Yes,01-12-2023,29-05-2024,46.30%,551.2511597,806.4567261,799.1928389,-0.900716301,792.3221876,-1.752671661,27.46265166,20.17790314,8872007827456
SBIN,Yes,01-02-2024,30-07-2024,37.02%,624.4299927,855.6195068,793.8918923,-7.214376725,793.2310594,-7.291611161,28.62128074,23.13654154,8872007827456
SHRIRAMFIN,Yes,01-02-2023,31-07-2023,48.02%,245.3561554,363.1705017,365.8160975,0.728472098,358.4042653,-1.312396359,42.56515083,8.591670108,1596147630080
SHRIRAMFIN,Yes,02-05-2023,30-10-2023,44.82%,250.6420593,362.9882507,460.3485157,26.82187778,479.3135262,32.0465677,42.39384697,13.25039745,1596147630080
SIEMENS,Yes,01-02-2023,31-07-2023,35.24%,1715.888306,2320.594727,2155.374432,-7.119739282,2325.06911,0.192811941,51.72047244,33.15414372,1125911232512
SOLARINDS,Yes,01-01-2021,30-06-2021,45.00%,1082.372192,1569.44458,2286.40904,45.68268732,2353.232573,49.94046954,12.63848598,20.82935384,1078460481536
SOLARINDS,Yes,01-04-2021,28-09-2021,55.01%,1279.716309,1983.701782,2356.463334,18.7912092,2292.078464,15.5455162,24.11162028,25.83975318,1078460481536
SOLARINDS,Yes,05-04-2021,04-10-2021,94.54%,1235.454834,2403.48584,2735.34382,13.80736156,2292.078464,-4.635241611,33.40791606,30.51268003,1078460481536
SOLARINDS,Yes,01-07-2021,28-12-2021,49.04%,1574.395386,2346.547363,2755.862638,17.44329907,2715.436784,15.72051884,30.99826415,29.73054538,1078460481536
SOLARINDS,Yes,02-08-2021,31-01-2022,34.71%,1703.020752,2294.130127,2703.711219,17.85343767,2751.719779,19.9461071,32.47050402,27.81058349,1078460481536
SOLARINDS,Yes,01-09-2021,28-02-2022,32.17%,1738.906494,2298.25415,2726.910958,18.65141013,2764.475458,20.28588994,35.59187815,27.07254504,1078460481536
SOLARINDS,Yes,02-09-2021,02-03-2022,30.54%,1744.52063,2277.337158,2726.910958,19.74120512,2764.475458,21.39069737,33.58397218,26.88835129,1078460481536
SOLARINDS,Yes,01-11-2023,29-04-2024,60.15%,5513.960449,8830.566406,10126.57278,14.67636745,10105.07916,14.43296717,92.08099045,52.84312822,1078460481536
SRF,Yes,01-07-2021,28-12-2021,62.79%,1449.731201,2360.080322,2378.981049,0.800850977,2375.935259,0.671796494,82.17505857,52.2094421,893928341504
SRF,Yes,02-08-2021,31-01-2022,33.82%,1776.713379,2377.515869,2457.134976,3.348835974,2375.719461,-0.07555819,82.33005165,48.45343404,893928341504
SUNPHARMA,Yes,01-02-2021,02-08-2021,32.47%,560.4542847,742.4369507,758.3983712,2.149868825,800.1551901,7.774160396,11.12413458,-0.637301674,4273935482880
SUNPHARMA,Yes,01-03-2021,30-08-2021,30.58%,579.0529785,756.1112061,799.260655,5.706759613,800.1551901,5.825066956,8.220832611,1.080065162,4273935482880
SUNPHARMA,Yes,01-09-2023,28-02-2024,42.73%,1089.058228,1554.359863,1492.765879,-3.962659208,1798.212385,15.68829249,39.74070259,30.15057801,4273935482880
SUNPHARMA,Yes,04-09-2023,04-03-2024,40.77%,1088.959961,1532.879028,1492.765879,-2.616850289,1798.212385,17.3094779,37.24550199,29.66093395,4273935482880
SUNPHARMA,Yes,03-10-2023,01-04-2024,43.55%,1120.924805,1609.073608,1492.765879,-7.228241688,1746.088052,8.515113443,40.10431466,29.15533308,4273935482880
SUNPHARMA,Yes,01-11-2023,29-04-2024,37.10%,1096.128784,1502.756714,1798.212385,19.66091173,1797.363695,19.60443618,34.514558,28.20131926,4273935482880
SUNPHARMA,Yes,03-11-2023,02-05-2024,33.88%,1120.581055,1500.189087,1798.212385,19.86571563,1797.788689,19.8374728,33.75310819,28.82499804,4273935482880
SUPREMEIND,Yes,06-06-2022,05-12-2022,34.31%,1811.221802,2432.736816,2606.281061,7.133704047,2642.404049,8.618574404,31.61898895,18.28769304,432930586624
SUPREMEIND,Yes,01-07-2022,28-12-2022,38.59%,1725.574341,2391.529541,2652.341884,10.90567095,2666.216454,11.48582561,30.53556533,15.85348639,432930586624
SUPREMEIND,Yes,01-08-2022,30-01-2023,34.76%,1849.254395,2492.030273,2708.710815,8.694940198,2708.710815,8.694940198,24.14820882,16.492975,432930586624
SUPREMEIND,Yes,05-08-2022,01-02-2023,35.80%,1822.782837,2475.263428,2708.710815,9.431213869,2708.710815,9.431213869,23.42633268,14.49021456,432930586624
SUPREMEIND,Yes,01-09-2022,28-02-2023,40.75%,1918.041382,2699.581299,2717.968143,0.681099842,4079.34312,51.11021555,29.41402966,19.7214802,432930586624
SUPREMEIND,Yes,02-09-2022,01-03-2023,38.33%,1932.715576,2673.576172,2719.136353,1.704091364,4079.160283,52.57318365,28.99713872,19.43673753,432930586624
SUPREMEIND,Yes,01-02-2023,31-07-2023,41.14%,2475.263428,3493.581543,4024.839475,15.20668475,4102.033378,17.41627691,41.72743906,25.56344542,432930586624
SUPREMEIND,Yes,02-05-2023,30-10-2023,65.60%,2687.409668,4450.232422,4062.891376,-8.703838571,4062.891376,-8.703838571,47.84832376,37.0628351,432930586624
SUZLON,Yes,05-04-2021,04-10-2021,37.37%,4.545158863,6.243854046,6.416444752,2.764169451,6.484489901,3.853963492,6.058304704,-14.63427691,722375671808
SUZLON,Yes,03-05-2021,01-11-2021,36.89%,4.728800774,6.473408222,6.462813182,-0.163670204,6.485980348,0.194211851,4.096559149,-14.12980789,722375671808
SUZLON,Yes,02-08-2021,31-01-2022,81.06%,6.060212135,10.97265625,8.179536568,-25.45527371,8.927536861,-18.63832551,36.48660252,-6.916145523,722375671808
SUZLON,Yes,05-08-2021,01-02-2022,76.98%,6.381587029,11.29403114,8.550588434,-24.29108503,8.933333945,-20.90216654,35.90528595,-5.47569399,722375671808
SUZLON,Yes,01-09-2021,28-02-2022,55.37%,5.555193901,8.631211281,8.026453416,-7.006639573,8.957558596,3.781014095,17.80218585,-12.28177081,722375671808
SUZLON,Yes,01-10-2021,30-03-2022,43.85%,5.968389988,8.585300446,8.237837474,-4.047184769,8.270242977,-3.669731425,12.88409831,-13.62692031,722375671808
SUZLON,Yes,06-06-2022,05-12-2022,32.01%,7.575264931,10,8.191129023,-18.08870977,8.85363636,-11.4636364,69.15748979,-4.345931741,722375671808
SUZLON,Yes,01-07-2022,28-12-2022,62.15%,6.197944164,10.05000019,8.191129023,-18.49623017,8.726530601,-13.16885139,77.71709653,-6.170990052,722375671808
SUZLON,Yes,01-02-2023,31-07-2023,105.98%,9.199999809,18.95000076,38.27333323,101.9700881,40.92368412,115.956108,68.68079243,21.48262278,722375671808
SUZLON,Yes,01-03-2023,28-08-2023,179.76%,8.399999619,23.5,39.70666673,68.9645393,42.31857136,80.07902708,88.02738519,29.05166064,722375671808
SUZLON,Yes,02-05-2023,30-10-2023,289.51%,8.100000381,31.54999924,39.97377045,26.69975094,39.07638878,23.85543495,111.1482923,40.61611543,722375671808
SUZLON,Yes,01-06-2023,28-11-2023,249.33%,11.14999962,38.95000076,42.18018859,8.293164998,42.66637927,9.541408049,130.8065686,50.7417041,722375671808
SUZLON,Yes,01-11-2023,29-04-2024,32.91%,31.29999924,41.59999847,54.77225777,31.66408602,54.75984113,31.63423832,114.3534802,44.46525054,722375671808
SUZLON,Yes,01-04-2024,30-09-2024,93.59%,41.34999847,80.05000305,66.40411803,-17.04670143,66.18563662,-17.3196326,138.2059366,107.8007017,722375671808
TATACOMM,Yes,01-02-2023,31-07-2023,51.41%,1158.298096,1753.794312,1656.27832,-5.560286664,1696.186549,-3.284750206,35.48329879,40.16430992,520068005888
TATACOMM,Yes,02-05-2023,30-10-2023,32.87%,1210.796875,1608.844971,1678.791711,4.347637093,1694.837969,5.345014579,22.73614263,43.3025001,520068005888
TATAELXSI,Yes,01-01-2021,30-06-2021,133.40%,1782.839233,4161.08252,5697.079795,36.91340578,5697.079795,36.91340578,50.41301081,40.36643387,311510990848
TATAELXSI,Yes,01-04-2021,28-09-2021,107.02%,2645.697266,5477.137207,5741.895557,4.833882001,8073.883766,47.4106538,72.48779855,51.85557452,311510990848
TATAELXSI,Yes,05-04-2021,04-10-2021,108.89%,2725.679199,5693.635742,5743.132988,0.869343383,8082.964504,41.9649038,74.98128816,54.79509405,311510990848
TATAELXSI,Yes,04-06-2021,01-12-2021,67.10%,3403.662598,5687.689941,8061.812851,41.74142637,8094.491402,42.31597513,81.87151215,57.30136862,311510990848
TATAELXSI,Yes,01-07-2021,28-12-2021,30.29%,4102.547363,5345.129883,7727.453653,44.56998842,6736.643846,26.03330496,78.80745008,54.17283397,311510990848
TATAELXSI,Yes,02-09-2021,02-03-2022,33.35%,4759.100098,6346.369141,8191.041135,29.06657261,8259.001246,30.13742287,96.10946337,56.61962272,311510990848
TATAELXSI,Yes,01-10-2021,30-03-2022,55.58%,5590.388672,8697.449219,8260.964968,-5.018531748,8260.964968,-5.018531748,114.1996842,67.02225933,311510990848
TATAPOWER,Yes,01-01-2021,30-06-2021,59.82%,74.30863953,118.7606049,218.1177396,83.66169476,223.45647,88.15706627,21.83261183,13.30621699,1214062133248
TATAPOWER,Yes,04-01-2021,05-07-2021,60.84%,76.13392639,122.4566956,227.8154396,86.03755274,223.45647,82.47795187,24.22467296,13.70983348,1214062133248
TATAPOWER,Yes,01-04-2021,28-09-2021,34.98%,100.9194946,136.2196808,221.2974489,62.4562968,221.9833608,62.95983039,31.3428155,15.21787349,1214062133248
TATAPOWER,Yes,05-04-2021,04-10-2021,65.17%,99.28633118,163.9888611,221.267492,34.92836679,221.3630041,34.98660987,39.02171392,19.15366117,1214062133248
TATAPOWER,Yes,03-05-2021,01-11-2021,126.07%,95.92394257,216.852417,223.0422846,2.854414841,223.1970121,2.925766376,45.98111807,25.77544293,1214062133248
TATAPOWER,Yes,01-06-2021,29-11-2021,111.54%,100.5352249,212.6700134,223.2119939,4.95696609,223.1756132,4.93985947,45.77211137,27.26895338,1214062133248
TATAPOWER,Yes,04-06-2021,01-12-2021,110.82%,103.8976059,219.040863,223.2771678,1.934024867,223.1650087,1.882820231,46.63077852,27.81090867,1214062133248
TATAPOWER,Yes,01-07-2021,28-12-2021,82.61%,118.0311279,215.5393372,223.6039079,3.741577212,223.1963839,3.552505481,45.2119488,27.03554062,1214062133248
TATAPOWER,Yes,02-08-2021,31-01-2022,84.38%,129.8002014,239.3206329,223.5274162,-6.599187254,223.1696569,-6.74867679,54.33881436,27.74509872,1214062133248
TATAPOWER,Yes,05-08-2021,01-02-2022,85.69%,130.8701324,243.0167084,223.545684,-8.012216318,223.1696569,-8.166949334,54.98452152,27.91363747,1214062133248
TATAPOWER,Yes,01-09-2021,28-02-2022,67.20%,129.7515717,216.9496918,223.5364806,3.036090436,223.2260882,2.893019282,53.69560369,24.40120962,1214062133248
TATAPOWER,Yes,02-09-2021,02-03-2022,68.71%,129.946106,219.2353973,223.5064933,1.948178097,223.2830981,1.84628065,52.9967667,25.13544379,1214062133248
TATAPOWER,Yes,01-10-2021,30-03-2022,47.60%,159.2715149,235.0895996,223.2250133,-5.04683588,216.3954484,-7.951926083,53.24496991,24.2921073,1214062133248
TATAPOWER,Yes,04-10-2021,04-04-2022,49.44%,163.9888611,245.0592804,223.2250133,-8.909789915,216.3954484,-11.69669311,55.96478839,25.52495207,1214062133248
TATAPOWER,Yes,01-11-2023,29-04-2024,89.11%,234.4282074,443.3256226,432.3935313,-2.46592813,431.8329773,-2.592371088,67.81232371,48.21003044,1214062133248
TATAPOWER,Yes,03-11-2023,02-05-2024,87.18%,242.0478821,453.072876,432.3935313,-4.564242476,431.8329773,-4.687965183,68.34651522,49.43273789,1214062133248
TATAPOWER,Yes,01-12-2023,29-05-2024,56.83%,273.1202393,428.3337097,432.0741953,0.873264343,432.0741953,0.873264343,61.75445108,46.87075277,1214062133248
TATAPOWER,Yes,04-12-2023,03-06-2024,62.16%,278.6123352,451.7864075,432.0718659,-4.3636863,432.0718659,-4.3636863,62.97017389,48.57505678,1214062133248
TATASTEEL,Yes,01-01-2021,30-06-2021,85.46%,55.36302948,102.6774368,115.5783061,12.56446374,114.233545,11.25476885,31.05583313,34.09805632,2118093897728
TATASTEEL,Yes,01-04-2021,28-09-2021,51.74%,74.2980423,112.7418594,103.2167598,-8.448591939,98.74505191,-12.41491633,33.36253548,31.56189511,2118093897728
TATASTEEL,Yes,01-11-2023,29-04-2024,43.57%,111.6924438,160.3543243,145.5846062,-9.210676563,145.7158712,-9.128817215,21.7805001,29.17333171,2118093897728
TECHM,Yes,01-02-2021,02-08-2021,32.01%,790.4532471,1043.448486,1232.242811,18.09330576,1244.089161,19.22861332,26.31067205,23.10436037,1397919055872
TECHM,Yes,01-03-2021,30-08-2021,55.69%,785.6270752,1223.145508,1280.137937,4.659497086,1245.09344,1.794384438,29.2509965,29.00987679,1397919055872
TECHM,Yes,01-04-2021,28-09-2021,46.35%,832.7562866,1218.707153,1316.28437,8.00661723,948.3361492,-22.18506746,28.30462615,30.20415599,1397919055872
TECHM,Yes,01-07-2021,28-12-2021,72.60%,910.8153076,1572.089722,948.3361492,-39.6767159,947.8335565,-39.70868562,41.69398929,35.00394439,1397919055872
TECHM,Yes,02-05-2024,29-10-2024,36.55%,1198.117065,1636.043213,1621.780215,-0.87179838,1621.780215,-0.87179838,8.703438394,22.34673266,1397919055872
TITAN,Yes,01-04-2021,28-09-2021,36.88%,1535.467896,2101.71875,2482.687295,18.12652358,2436.066131,15.90828369,38.7600642,39.60003178,3485644357632
TITAN,Yes,01-07-2021,28-12-2021,37.08%,1713.646484,2349.023193,2435.467837,3.680025128,2453.515075,4.448312026,37.63272258,50.5172227,3485644357632
TORNTPHARM,Yes,01-02-2023,31-07-2023,32.17%,1485.17981,1963.023682,1883.294252,-4.061562275,2550.25138,29.91444799,16.25974568,22.95614529,1274280935424
TORNTPHARM,Yes,01-09-2023,28-02-2024,47.55%,1750.289795,2582.519287,2639.892959,2.221616383,3358.461281,30.0459322,31.04280623,25.50551297,1274280935424
TORNTPHARM,Yes,04-09-2023,04-03-2024,48.51%,1790.67041,2659.359619,3362.703461,26.44786499,3358.461281,26.28834615,31.11361372,26.47115357,1274280935424
TORNTPHARM,Yes,03-10-2023,01-04-2024,43.47%,1842.86145,2644.041016,3361.425309,27.13211667,3361.240801,27.12513842,29.96772869,24.76933099,1274280935424
TORNTPHARM,Yes,01-11-2023,29-04-2024,41.14%,1881.870239,2655.999023,3366.54964,26.7526686,3362.751365,26.60966121,30.9875631,26.89797254,1274280935424
TORNTPHARM,Yes,03-11-2023,02-05-2024,37.33%,1921.417847,2638.753662,3365.000445,27.52234108,3362.751365,27.43710842,30.55046846,26.5149205,1274280935424
TORNTPOWER,Yes,01-01-2021,30-06-2021,47.58%,283.7190857,418.7132568,444.8335665,6.238233267,443.6734739,5.961171909,30.16318397,24.12127955,645601230848
TORNTPOWER,Yes,12-04-2021,11-10-2021,36.47%,359.643158,490.7890625,444.1846802,-9.495807035,491.4166303,0.127869157,37.04925428,27.55067516,645601230848
TORNTPOWER,Yes,09-12-2022,07-06-2023,35.87%,489.6992188,665.3370361,711.4095772,6.924692077,626.8609375,-5.782948572,29.73813808,25.15650726,645601230848
TORNTPOWER,Yes,06-03-2023,04-09-2023,36.31%,503.7794189,686.6960449,711.3869746,3.595612621,714.3867898,4.032460218,32.5839686,26.79772651,645601230848
TORNTPOWER,Yes,04-09-2023,04-03-2024,64.02%,686.6960449,1126.348022,1485.75521,31.90907077,1483.06319,31.67006646,44.23414904,40.57691351,645601230848
TORNTPOWER,Yes,01-11-2023,29-04-2024,115.66%,699.6902466,1508.974121,1459.570923,-3.273959278,1482.481968,-1.755640022,62.01402737,47.97487142,645601230848
TORNTPOWER,Yes,01-12-2023,29-05-2024,54.42%,927.0640869,1431.603271,1481.149688,3.460904112,1482.311935,3.542089135,54.79853246,47.7495166,645601230848
TORNTPOWER,Yes,01-04-2024,30-09-2024,32.35%,1398.472656,1850.912476,1411.335404,-23.74920898,1402.153889,-24.24526239,59.09713588,49.81270493,645601230848
TRENT,Yes,20-09-2021,21-03-2022,30.76%,974.59552,1274.386475,1415.522778,11.07484319,1415.522778,11.07484319,51.55307403,39.2526555,1460934934528
TRENT,Yes,01-02-2023,31-07-2023,44.71%,1212.331909,1754.375366,2066.145849,17.77102489,1994.734852,13.70057347,46.74819103,38.41063581,1460934934528
TRENT,Yes,01-09-2023,28-02-2024,90.24%,2059.900879,3918.714355,3977.465758,1.499251967,7102.693557,81.25060702,69.5236362,64.8639412,1460934934528
TRENT,Yes,01-11-2023,29-04-2024,96.31%,2194.242188,4307.410645,6921.353803,60.68479126,5340.49146,23.98380143,77.38440438,65.05213545,1460934934528
TVSMOTOR,Yes,31-01-2022,01-08-2022,53.78%,594.7800903,914.6759644,1027.056981,12.28642944,1029.397197,12.54228133,38.17169511,9.90609679,1719017144320
TVSMOTOR,Yes,01-04-2022,28-09-2022,62.43%,620.6253662,1008.053528,1051.853271,4.344981932,1039.290876,3.098778728,36.19445164,10.33188753,1719017144320
TVSMOTOR,Yes,03-10-2023,01-04-2024,40.36%,1517.681274,2130.266357,2457.468906,15.35970125,2457.552321,15.36361695,54.46642785,35.62801362,1719017144320
TVSMOTOR,Yes,01-11-2023,29-04-2024,31.00%,1548.282837,2028.189575,2416.173268,19.12955756,2416.189679,19.13036674,48.31118831,32.9242337,1719017144320
UNIONBANK,Yes,02-05-2022,31-10-2022,47.39%,33.33696365,49.13700104,64.85706222,31.99230896,66.94684114,36.24527286,-0.265481729,-20.2575372,1169468424192
UNIONBANK,Yes,01-07-2022,28-12-2022,130.14%,31.45132256,72.38362885,66.03025099,-8.777368525,65.4989299,-9.511403415,14.72802807,-10.49459441,1169468424192
UNIONBANK,Yes,01-09-2022,28-02-2023,57.86%,38.8355484,61.30729294,64.35214577,4.966542614,61.92264531,1.003718059,24.09039961,-7.627430937,1169468424192
UNIONBANK,Yes,31-10-2022,02-05-2023,41.93%,49.13700104,69.73989105,65.11494907,-6.631702332,65.3620324,-6.277409648,43.63446349,-2.564289702,1169468424192
UNIONBANK,Yes,01-03-2023,28-08-2023,41.38%,61.35287476,86.74123383,140.0607567,61.46963849,132.3171997,52.54244593,47.33945948,3.248230622,1169468424192
UNIONBANK,Yes,01-11-2023,29-04-2024,51.82%,97.29529572,147.7098083,119.0105299,-19.42950081,113.6159763,-23.08163041,70.10036831,14.20056212,1169468424192
UNIONBANK,Yes,01-12-2023,29-05-2024,42.46%,102.5252151,146.0607452,113.6322704,-22.20204671,113.6140983,-22.21448814,70.12024996,16.56131654,1169468424192
UNIONBANK,Yes,04-12-2023,03-06-2024,48.86%,107.6137772,160.1956482,112.2610105,-29.92255922,115.4197274,-27.95077226,73.68789047,19.36399688,1169468424192
VBL,Yes,01-06-2021,29-11-2021,30.43%,88.37191772,115.2614441,123.3306309,7.000768454,117.6340941,2.058494092,37.46500481,35.66869943,1613715996672
VBL,Yes,31-01-2022,01-08-2022,53.52%,119.541893,183.5239258,262.7890076,43.19059842,268.0474053,46.0558367,50.04002121,44.79484169,1613715996672
VBL,Yes,02-05-2022,31-10-2022,42.78%,145.964386,208.4082031,320.2901402,53.6840371,323.7128684,55.32635644,56.60476453,48.20813471,1613715996672
VBL,Yes,01-07-2022,28-12-2022,67.10%,157.3458405,262.9215393,263.9892221,0.406084172,324.2007369,23.3070283,62.61354401,48.28866731,1613715996672
VBL,Yes,02-09-2022,01-03-2023,30.27%,204.9415283,266.9841919,322.2765658,20.70998045,320.251697,19.9515577,55.3982578,48.17052505,1613715996672
VBL,Yes,31-10-2022,02-05-2023,34.99%,208.4082031,281.3246765,321.0868736,14.13391727,327.2585018,16.32769149,68.70989002,48.71764604,1613715996672
VBL,Yes,01-09-2023,28-02-2024,53.53%,362.5319824,556.6098022,599.3267113,7.674480197,636.1426528,14.28879805,82.51184934,63.93325775,1613715996672
VEDL,Yes,01-10-2021,30-03-2022,50.07%,148.1237946,222.2867432,181.6745354,-18.27018883,203.6320442,-8.392177914,42.9009354,18.92665036,2224070852608
VEDL,Yes,01-11-2023,29-04-2024,89.55%,185.0563965,350.7819519,420.2246548,19.79654384,420.0373204,19.74313904,41.3053915,37.03068113,2224070852608
VEDL,Yes,01-12-2023,29-05-2024,102.79%,197.9999695,401.5235901,411.2661996,2.426410247,413.6261091,3.014148944,45.7119694,41.43140406,2224070852608
VEDL,Yes,01-02-2024,30-07-2024,70.52%,231.8113403,395.2919006,413.803291,4.682967269,425.0891631,7.53804021,39.01564041,43.7359219,2224070852608
VOLTAS,Yes,01-08-2023,29-01-2024,30.47%,790.09021,1030.862549,1062.081809,3.028459979,1779.417019,72.61438213,5.193213418,14.62473829,461352599552
VOLTAS,Yes,01-11-2023,29-04-2024,76.77%,822.6390381,1454.195923,1762.244315,21.1834174,1456.660109,0.169453539,15.52674601,19.931967,461352599552
WIPRO,Yes,01-01-2021,30-06-2021,40.91%,183.4987183,258.5704651,309.5925376,19.73236677,304.635073,17.81510812,41.07290257,21.58139573,2715387691008
WIPRO,Yes,01-03-2021,30-08-2021,52.62%,196.3742218,299.7029114,308.8194907,3.041872111,304.7281238,1.676731251,41.72245273,28.50267005,2715387691008
WIPRO,Yes,05-03-2021,01-09-2021,52.56%,199.4307404,304.2521057,309.0550038,1.578591582,304.7632025,0.16798463,42.07249815,29.18207198,2715387691008
WIPRO,Yes,01-04-2021,28-09-2021,53.60%,197.3219757,303.0910645,305.3547229,0.746857543,196.6468301,-35.11955543,38.48962514,29.0966657,2715387691008
WIPRO,Yes,05-04-2021,04-10-2021,50.68%,201.6105347,303.7781982,305.6794854,0.625880064,196.3456221,-35.36546625,38.35972553,29.25685603,2715387691008
YESBANK,Yes,06-06-2022,05-12-2022,32.70%,13.14999962,17.45000076,17.02142873,-2.456000088,17.05411774,-2.268670512,-34.50100742,-43.46437749,674617294848
YESBANK,Yes,01-07-2022,28-12-2022,59.29%,12.64999962,20.14999962,16.60340899,-17.6009464,16.83767123,-16.43835461,-25.12366104,-41.99333207,674617294848
YESBANK,Yes,04-07-2022,02-01-2023,71.15%,12.64999962,21.64999962,17.19000019,-20.60045959,16.91250006,-21.88221542,-22.96064444,-41.08463549,674617294848
YESBANK,Yes,01-08-2023,29-01-2024,42.40%,17.10000038,24.35000038,23.65777776,-2.84280333,23.56857145,-3.209153656,15.63060681,-34.38142858,674617294848
YESBANK,Yes,01-09-2023,28-02-2024,37.18%,17.35000038,23.79999924,23.55099998,-1.046215419,23.57299995,-0.95377853,14.75337349,-36.3614909,674617294848
YESBANK,Yes,01-11-2023,29-04-2024,69.38%,16,27.10000038,23.23764706,-14.25222609,23.92547626,-11.714111,23.17817489,-35.02380025,674617294848
ZYDUSLIFE,Yes,01-01-2021,30-06-2021,34.87%,461.4084473,622.2841797,544.1012925,-12.56385582,338.5624223,-45.59359962,21.05125088,15.48748734,920050008064
ZYDUSLIFE,Yes,08-08-2022,06-02-2023,30.34%,352.4414673,459.3854675,500.1148838,8.866065469,630.2889008,37.20262075,20.86600231,4.086865126,920050008064
ZYDUSLIFE,Yes,01-11-2023,29-04-2024,67.38%,567.4679565,949.8233032,961.7078934,1.251242216,975.4207693,2.694971368,20.59599823,25.28519256,920050008064
ZYDUSLIFE,Yes,01-12-2023,29-05-2024,63.32%,630.8814697,1030.347778,975.1246209,-5.359661907,975.1893042,-5.353384102,19.80162602,33.01610494,920050008064
