Symbol,Increased_25_pct,Start_Date,End_Date,Percentage_Change,In_2020,Start_Month,End_Month,Price_Start_Date,Price_End_Date,Target_Price_9m,Increase_9m_Pct,Target_Price_12m,Increase_12m_Pct
360ONE,Yes,2021-01-18,2021-07-19,34.80%,No,1,7,226.7282257080078,305.63751220703125,361.18796666463214,18.175273727516927,361.16236782073975,18.16689817056793
360ONE,Yes,2021-02-01,2021-08-02,40.94%,No,2,8,224.0725860595703,315.8118591308594,358.56648739901453,13.538005946267967,353.85791880289713,12.047064912870496
360ONE,Yes,2021-03-01,2021-08-30,35.98%,No,3,8,256.9484558105469,349.4101867675781,360.1668891906738,3.078531431097309,365.3084233122052,4.550020905716274
360ONE,Yes,2021-03-05,2021-09-01,38.14%,No,3,9,261.1372375488281,360.7454528808594,360.0480276743571,-0.1933288974075005,353.94128238453584,-1.886141721811445
360ONE,Yes,2021-04-06,2021-10-04,25.61%,No,4,10,287.5155944824219,361.1510925292969,341.242601776123,-5.51251018340997,361.2436799269456,0.025636748597467302
360ONE,Yes,2021-05-03,2021-11-01,43.74%,No,5,11,249.76144409179688,358.99896240234375,341.242601776123,-4.946075751138383,346.1853416293275,-3.569264013263502
360ONE,Yes,2021-06-01,2021-11-29,26.76%,No,6,11,260.475830078125,330.1860046386719,341.20554713199016,3.337374188641688,346.03629996559835,4.8004140406470945
360ONE,Yes,2021-06-04,2021-12-01,29.24%,No,6,12,260.034912109375,336.07489013671875,341.37899610731336,1.5782511952728273,346.17453854583033,3.0051779247782955
360ONE,Yes,2021-07-01,2021-12-28,29.07%,No,7,12,252.82586669921875,326.3172302246094,388.6936811174665,19.115279585427473,418.9967439070992,28.401661051945375
360ONE,Yes,2021-07-09,2022-01-05,29.39%,No,7,1,267.1007385253906,345.5928649902344,388.6936811174665,12.471558441592839,419.0193792489859,21.246536516552904
360ONE,Yes,2023-05-02,2023-10-30,26.08%,No,5,10,397.6925659179687,501.42919921875,649.8308337983631,29.59573052603034,658.0915235436481,31.243159466777225
360ONE,Yes,2023-08-02,2024-01-29,27.65%,No,8,1,487.7345886230469,622.5769653320312,1084.8062901650705,74.24452727487665,1044.0039984809027,67.69075256809687
360ONE,Yes,2023-08-10,2024-02-06,25.00%,No,8,2,493.735107421875,617.176025390625,1085.7692301432292,75.92537387628118,1059.358911367563,71.64615406067827
360ONE,Yes,2023-09-01,2024-02-28,52.17%,No,9,2,462.23248291015625,703.3941040039062,1048.5309963226318,49.06735645836589,996.6081866096048,41.685604263192715
360ONE,Yes,2023-09-04,2024-03-04,47.46%,No,9,3,484.3471984863281,714.1958618164062,1072.0911171653054,50.11163946521171,995.1739818431713,39.34188575556243
360ONE,Yes,2023-10-03,2024-04-01,41.00%,No,10,4,485.26666259765625,684.2454833984375,1062.618637084961,55.297866462670676,1074.8534414253984,57.08593881934462
360ONE,Yes,2023-11-01,2024-04-29,51.25%,No,11,4,512.4140625,775.0297241210938,1083.6034333602242,39.814435451370855,976.9803742053462,26.057149009771248
360ONE,Yes,2023-11-03,2024-05-02,48.54%,No,11,5,514.010986328125,763.5119018554688,1083.6034333602242,41.92358111600834,976.9803742053462,27.958761589847036
360ONE,Yes,2023-12-01,2024-05-29,38.16%,No,12,5,571.1377563476562,789.059326171875,1086.6553253823138,37.71528823494516,980.5538109951332,24.26870559306289
360ONE,Yes,2023-12-04,2024-06-03,30.96%,No,12,6,587.4685668945312,769.3316040039062,1086.6553253823138,41.24667695008618,980.5538109951332,27.455287926811135
360ONE,Yes,2024-02-01,2024-07-30,79.35%,No,2,7,606.3741455078125,1087.539794921875,1068.7269733708079,-1.729851324881274,1068.099618765024,-1.7875369938299666
360ONE,Yes,2024-04-01,2024-09-30,50.24%,No,4,9,684.2454833984375,1028.0316162109375,1012.5677575399709,-1.5042201452872086,1016.7640371322632,-1.0960342951517135
ABB,Yes,2016-01-11,2016-07-11,27.48%,No,1,7,877.7752685546875,1118.9500732421875,916.3180047898065,-18.109125089491187,1024.1763935704384,-8.469875639503718
ABB,Yes,2016-02-01,2016-08-01,25.95%,No,2,8,870.7573852539062,1096.6961669921875,1029.6122048117898,-6.1169140733283545,1024.1763935704384,-6.612567418799564
ABB,Yes,2016-10-14,2017-04-12,26.16%,No,10,4,1010.3035278320312,1274.640380859375,1219.612032376803,-4.317166575679281,1246.2169275116503,-2.2299194168445653
ABB,Yes,2016-11-01,2017-05-02,28.93%,No,11,5,960.19921875,1237.985107421875,1203.4166521344866,-2.7923159236848782,1192.9124052403338,-3.640811340243493
ABB,Yes,2016-12-01,2017-05-30,38.96%,No,12,5,920.3258666992188,1278.859619140625,1207.0581859241831,-5.614489044911073,1188.8510761563741,-7.038187900931246
ABB,Yes,2016-12-05,2017-06-05,38.26%,No,12,6,911.8438720703124,1260.702880859375,1207.0581859241831,-4.255141774453965,1188.1151022989243,-5.757722907000124
ABB,Yes,2017-02-01,2017-07-31,28.58%,No,2,7,969.3369140625,1246.4058837890625,1193.079379377694,-4.278422069804128,1218.966381072998,-2.2014901464239416
ABB,Yes,2021-01-01,2021-06-30,47.22%,No,1,6,1205.9315185546875,1775.4075927734375,2031.044926234654,14.398796901722994,2213.626013714334,24.682693862784344
ABB,Yes,2021-03-01,2021-08-30,26.46%,No,3,8,1492.079833984375,1886.8492431640625,2048.057421875,8.5437763136077,2137.6765631598396,13.29344784192531
ABB,Yes,2021-03-05,2021-09-01,26.95%,No,3,9,1456.519287109375,1849.04736328125,2056.3372587316176,11.210632002552854,2167.713172064887,17.23405333534263
ABB,Yes,2021-04-01,2021-09-28,29.32%,No,4,9,1367.1529541015625,1767.99462890625,2189.7932807074653,23.857462285513634,2170.763310546875,22.78110323727585
ABB,Yes,2021-04-05,2021-10-04,36.02%,No,4,10,1352.1851806640625,1839.2288818359375,2189.7932807074653,19.060400928545164,2170.763310546875,18.025729803677084
ABB,Yes,2021-05-03,2021-11-01,49.40%,No,5,11,1366.7554931640625,2041.98388671875,2224.881222747093,8.956845214006046,2164.6324444671177,6.006343073815867
ABB,Yes,2021-06-11,2021-12-08,26.94%,No,6,12,1618.653076171875,2054.797119140625,2168.4810315148306,5.532610072071325,2168.4810315148306,5.532610072071325
ABB,Yes,2021-07-06,2022-01-03,25.47%,No,7,1,1725.8726806640625,2165.45361328125,2281.2624246348505,5.348016260580097,2281.2624246348505,5.348016260580097
ABB,Yes,2021-08-02,2022-01-31,36.69%,No,8,1,1652.919921875,2259.31982421875,2157.4229705028047,-4.510067703724958,2157.4229705028047,-4.510067703724958
ABB,Yes,2021-08-05,2022-02-01,37.25%,No,8,2,1636.130126953125,2245.62255859375,2157.4229705028047,-3.9276229993956564,2157.4229705028047,-3.9276229993956564
ABB,Yes,2022-05-02,2022-10-31,48.67%,No,5,10,2019.177001953125,3001.918212890625,3101.21242161801,3.307692005098701,4279.997807340802,42.575430235305475
ABB,Yes,2022-06-01,2022-11-28,26.34%,No,6,11,2417.8251953125,3054.677734375,3297.482633463542,7.948625688274796,4266.949896513526,39.68576287104021
ABB,Yes,2023-09-01,2024-02-28,26.50%,No,9,2,4236.3603515625,5358.912109375,7706.099503800676,43.799699388975874,7538.944485411352,40.68050252629735
ABB,Yes,2023-09-04,2024-03-04,30.68%,No,9,3,4253.98095703125,5559.25634765625,7748.381228563262,39.37801648290485,7538.944485411352,35.61066469960009
ABB,Yes,2023-11-01,2024-04-29,59.11%,No,11,4,4002.9453125,6369.07568359375,7603.3314453125,19.378883578006437,7538.944485411352,18.367952587391827
ABCAPITAL,Yes,2021-01-01,2021-06-30,31.59%,No,1,6,89.0999984741211,117.25,106.83055559794109,-8.886519745892464,108.88775479063696,-7.1319788565996065
ABCAPITAL,Yes,2021-01-04,2021-07-05,29.32%,No,1,7,89.3499984741211,115.5500030517578,106.83055559794109,-7.5460382722024235,108.88775479063696,-5.765684193133811
ABCAPITAL,Yes,2021-02-01,2021-08-02,38.47%,No,2,8,85.9000015258789,118.9499969482422,106.83055559794109,-10.188685717726042,108.8382349949257,-8.500850956487502
ABCAPITAL,Yes,2022-05-11,2022-11-07,25.49%,No,5,11,102.4000015258789,128.5,156.36451524303806,21.684447659951793,179.20897381122296,39.46223642896729
ABCAPITAL,Yes,2022-06-01,2022-11-28,35.56%,No,6,11,101.0999984741211,137.0500030517578,145.54027854071722,6.195020284496459,181.43289385343851,32.38445079415227
ABCAPITAL,Yes,2022-06-06,2022-12-05,53.73%,No,6,12,103.1999969482422,158.64999389648438,145.58484903971353,-8.235200352604844,181.43289385343851,14.360479567253865
ABCAPITAL,Yes,2022-07-01,2022-12-28,63.82%,No,7,12,90.0999984741211,147.60000610351562,145.52666676839192,-1.404701388473941,181.43289385343851,22.922009722814664
ABCAPITAL,Yes,2022-07-04,2023-01-02,72.28%,No,7,1,90.1999969482422,155.39999389648438,145.52666676839192,-6.353492609960662,181.43289385343851,16.752188532449537
ABCAPITAL,Yes,2022-08-01,2023-01-30,26.25%,No,8,1,107.8000030517578,136.10000610351562,181.431943681505,33.30781450774556,181.25238037109375,33.175879678679735
ABCAPITAL,Yes,2022-08-05,2023-02-01,29.77%,No,8,2,105.1500015258789,136.4499969482422,181.59305487738715,33.083956715857234,181.36627871491189,32.91775945125687
ABCAPITAL,Yes,2022-09-01,2023-02-28,28.16%,No,9,2,113.8000030517578,145.85000610351562,172.5608108108108,18.313886588621358,172.80196126302084,18.479227995627458
ABCAPITAL,Yes,2022-09-02,2023-03-01,32.52%,No,9,3,114.6999969482422,152.0,172.5608108108108,13.52684921763869,172.80196126302084,13.685500830934766
ABCAPITAL,Yes,2022-10-03,2023-04-03,40.14%,No,10,4,109.75,153.8000030517578,181.52499866485596,18.026654787365604,181.77685151276765,18.190408261302103
ABCAPITAL,Yes,2022-10-31,2023-05-02,43.73%,No,10,5,116.8499984741211,167.9499969482422,171.1875,1.9276588928760305,178.27894732826636,6.150015223404429
ABCAPITAL,Yes,2022-11-01,2023-05-02,42.03%,No,11,5,118.25,167.9499969482422,171.1875,1.9276588928760305,178.27894732826636,6.150015223404429
ABCAPITAL,Yes,2022-12-23,2023-06-21,25.64%,No,12,6,143.35000610351562,180.10000610351562,182.10405339421453,1.1127413785577804,179.09264687930838,-0.5593332537858172
ABCAPITAL,Yes,2023-02-01,2023-07-31,43.50%,No,2,7,136.4499969482422,195.8000030517578,178.48124980926514,-8.845124092217011,179.1219695120147,-8.51789237987624
ABCAPITAL,Yes,2023-03-13,2023-09-11,29.55%,No,3,9,147.0500030517578,190.5,178.13035746983118,-6.493250672004629,178.73750032697404,-6.174540510774781
ABCAPITAL,Yes,2023-11-01,2024-04-29,41.48%,No,11,4,170.10000610351562,240.6499938964844,223.8714013671875,-6.9721973633268455,221.02561057486184,-8.154740834967146
ABCAPITAL,Yes,2023-12-01,2024-05-29,32.93%,No,12,5,169.89999389648438,225.8500061035156,221.21666740648675,-2.0515114331700364,221.10930296432142,-2.099049373955446
ABCAPITAL,Yes,2024-04-01,2024-09-30,30.59%,No,4,9,181.8500061035156,237.47999572753903,197.68756177948742,-16.756120373905304,188.84146341463415,-20.48110711973732
ABCAPITAL,Yes,2025-04-04,2025-10-01,59.27%,No,4,10,188.2599945068359,299.8500061035156,331.4200012207031,10.528595789419043,331.4200012207031,10.528595789419043
ABCAPITAL,Yes,2025-05-02,2025-10-29,57.89%,No,5,10,196.83999633789065,310.79998779296875,331.43333435058594,6.638786154445267,331.43333435058594,6.638786154445267
ACC,Yes,2016-01-11,2016-07-11,25.19%,No,1,7,1172.517578125,1467.8961181640625,1222.2086448669434,-16.737388310857252,1482.3852223363415,0.9870660459543215
ACC,Yes,2016-02-01,2016-08-01,33.41%,No,2,8,1149.2939453125,1533.310302734375,1222.2086448669434,-20.289543304616124,1476.1548904718138,-3.7275828748189515
ACC,Yes,2016-03-01,2016-08-29,33.48%,No,3,8,1119.352294921875,1494.106201171875,1483.3895472935267,-0.7172618566165453,1494.8199016864482,0.047767723205584
ACC,Yes,2016-03-08,2016-09-06,37.77%,No,3,9,1126.8428955078125,1552.501220703125,1483.5610319438733,-4.440588376995207,1494.8199016864482,-3.7153799460816517
ACC,Yes,2016-11-15,2017-05-15,26.56%,No,11,5,1219.584228515625,1543.5316162109375,1670.1364116053428,8.20228067016825,1652.6399200439453,7.068744344922906
ACC,Yes,2016-12-19,2017-06-19,29.03%,No,12,6,1167.6314697265625,1506.546875,1665.5775383843315,10.555971807006108,1583.6013581649117,5.114642261954959
ACC,Yes,2021-04-20,2021-10-18,26.21%,No,4,10,1755.4261474609375,2215.57861328125,2146.957927997296,-3.097190272220924,2169.373757595486,-2.085453226926352
ACC,Yes,2021-05-03,2021-11-01,25.09%,No,5,11,1824.843017578125,2282.78466796875,2147.9407724233774,-5.906991466933161,2169.6233491443454,-4.957161330731073
ACC,Yes,2022-06-16,2022-12-13,27.60%,No,6,12,2059.445556640625,2627.89892578125,1753.8577728271484,-33.260074973935964,1754.528318640304,-33.23455855066043
ACC,Yes,2023-07-06,2024-01-02,25.19%,No,7,1,1798.68603515625,2251.759033203125,2447.993829900568,8.714733406367165,2497.0584228515627,10.893678498959968
ACC,Yes,2023-08-02,2024-01-29,26.46%,No,8,1,1957.73828125,2475.812744140625,2625.189730940194,6.033452536064832,2623.622092013889,5.970134382056014
ACC,Yes,2023-08-09,2024-02-05,25.11%,No,8,2,1973.529296875,2469.15869140625,2625.189730940194,6.319198522031004,2623.622092013889,6.2557097340579615
ACC,Yes,2023-09-01,2024-02-28,27.94%,No,9,2,1997.4642333984375,2555.612060546875,2347.2069446194555,-8.154802489186208,2432.0157412574404,-4.8362707782411345
ACC,Yes,2023-09-04,2024-03-04,30.94%,No,9,3,2044.5391845703125,2677.173095703125,2347.2069446194555,-12.325170591818162,2432.0157412574404,-9.157321759999878
ACC,Yes,2023-10-03,2024-04-01,25.05%,No,10,4,2020.9520263671875,2527.10888671875,2283.9583277209053,-9.621689048529932,2325.4645864125846,-7.9792485937550754
ACC,Yes,2023-11-01,2024-04-29,36.97%,No,11,4,1831.1123046875,2508.08984375,2264.582374572754,-9.708881433575883,1960.2189074064556,-21.84415114589311
ACC,Yes,2023-12-01,2024-05-29,33.48%,No,12,5,1887.2249755859375,2519.114013671875,2324.3048270089284,-7.733242148059491,1947.2804704145951,-22.699788106206913
ADANIENSOL,Yes,2023-08-16,2024-02-12,30.72%,No,8,2,818.0999755859375,1069.449951171875,1030.3037673662293,-3.6604035338680743,1035.361055814303,-3.1875166594021827
ADANIENSOL,Yes,2023-09-01,2024-02-28,30.49%,No,9,2,824.9000244140625,1076.449951171875,1033.9041206910438,-3.9524206800802766,1033.9041206910438,-3.9524206800802766
ADANIENSOL,Yes,2023-09-04,2024-03-04,30.18%,No,9,3,817.5999755859375,1064.3499755859375,1032.8414865047373,-2.960350430210175,1032.8414865047373,-2.960350430210175
ADANIENSOL,Yes,2023-10-03,2024-04-01,37.67%,No,10,4,807.75,1112.0,1032.1234146311313,-7.183146166265175,1032.1234146311313,-7.183146166265175
ADANIENSOL,Yes,2023-11-01,2024-04-29,41.48%,No,11,4,749.9500122070312,1061.0,1027.9992398348722,-3.11034497315059,1027.9992398348722,-3.11034497315059
ADANIENSOL,Yes,2023-11-03,2024-05-02,37.54%,No,11,5,765.5,1052.8499755859375,1027.029685974121,-2.4524186931235636,1027.029685974121,-2.4524186931235636
ADANIENSOL,Yes,2023-12-01,2024-05-29,27.03%,No,12,5,854.7000122070312,1085.699951171875,1025.4099964488637,-5.553095462326951,1025.4099964488637,-5.553095462326951
ADANIENSOL,Yes,2023-12-04,2024-06-03,35.22%,No,12,6,903.7000122070312,1221.949951171875,1025.4099964488637,-16.084124765873224,1025.4099964488637,-16.084124765873224
ADANIENSOL,Yes,2025-01-13,2025-07-14,27.84%,No,1,7,688.75,880.5,795.1892874581473,-9.68889409901791,795.1892874581473,-9.68889409901791
ADANIENT,Yes,2016-02-12,2016-08-10,25.76%,No,2,8,33.91242980957031,42.648101806640625,39.31204756375017,-7.822280714896921,39.31204756375017,-7.822280714896921
ADANIENT,Yes,2016-08-09,2017-02-06,25.26%,No,8,2,41.420433044433594,51.88228988647461,62.87318568075857,21.184292016280523,71.37133585611979,37.56396645616417
ADANIENT,Yes,2016-09-01,2017-02-28,39.72%,No,9,2,37.63067626953125,52.576194763183594,70.11055812835693,33.35038498725995,67.22852987613318,27.868762999961085
ADANIENT,Yes,2016-09-02,2017-03-01,37.83%,No,9,3,37.95093536376953,52.30930709838867,70.11055812835693,34.030752876320555,67.22852987613318,28.52116306890266
ADANIENT,Yes,2016-10-03,2017-04-03,66.87%,No,10,4,35.76248550415039,59.675315856933594,70.92425122942244,18.850231810179597,71.81177813212076,20.33749147517424
ADANIENT,Yes,2016-11-01,2017-05-02,68.91%,No,11,5,35.62904357910156,60.18239974975586,71.34314120257342,18.544859459285416,71.81177813212076,19.32355378104058
ADANIENT,Yes,2016-12-01,2017-05-30,75.58%,No,12,5,35.842552185058594,62.931297302246094,71.81177813212076,14.11139005640317,71.94403064061724,14.32154384977135
ADANIENT,Yes,2016-12-05,2017-06-05,68.70%,No,12,6,37.176971435546875,62.71780014038086,71.81177813212076,14.499835726675538,72.02310041947798,14.836777212002222
ADANIENT,Yes,2017-01-02,2017-07-03,77.39%,No,1,7,41.07347869873047,72.8593978881836,72.34163044774255,-0.7106391974795886,72.54325313194126,-0.4339107450867506
ADANIENT,Yes,2017-02-01,2017-07-31,52.57%,No,2,7,48.49286651611328,73.98628234863281,84.9162366594587,14.772947043510785,81.08931406990426,9.600471189782258
ADANIENT,Yes,2017-03-02,2017-08-29,27.74%,No,3,8,49.96072769165039,63.8192138671875,80.21618221967648,25.692839756083934,81.0535598523689,27.004948730718237
ADANIENT,Yes,2017-03-06,2017-09-04,37.81%,No,3,9,50.921512603759766,70.17699432373047,80.21618221967648,14.305525610906999,81.0535598523689,15.49876228449486
ADANIENT,Yes,2017-05-08,2017-11-06,31.36%,No,5,11,61.1431770324707,80.31725311279297,81.25385284423828,1.1661252036719998,82.46111683461858,2.66924432639011
ADANIENT,Yes,2017-06-01,2017-11-28,28.15%,No,6,11,62.31747055053711,79.8612060546875,86.58555842380898,8.420048608478016,82.57018774328097,3.3921121686271642
ADANIENT,Yes,2017-06-23,2017-12-20,28.04%,No,6,12,67.44164276123047,86.35311889648438,88.59737864407626,2.598933051025273,82.79116965984475,-4.124864604959433
ADANIENT,Yes,2017-07-07,2018-01-03,31.97%,No,7,1,71.6317367553711,94.53507232666016,80.80420055389405,-14.524632429877368,82.53981572931463,-12.688684000681413
ADANIENT,Yes,2017-08-01,2018-01-29,52.18%,No,8,1,75.22029113769531,114.46685028076172,82.2705450791579,-28.127187148622895,82.53981572931463,-27.891948169393306
ADANIENT,Yes,2018-04-02,2018-10-01,57.14%,No,4,10,86.3262939453125,135.65234375,153.2632007598877,12.982346285401128,135.7528453403049,0.07408761804375485
ADANIENT,Yes,2018-05-02,2018-10-29,107.50%,No,5,10,81.74896240234375,169.62716674804688,153.31258392333984,-9.61790681143643,143.13469980277267,-15.618056619800994
ADANIENT,Yes,2018-07-02,2018-12-31,139.60%,No,7,12,66.3657455444336,159.01002502441406,135.30337583101712,-14.90890224673386,140.4646702428018,-11.66300978744256
ADANIENT,Yes,2021-01-01,2021-06-30,206.94%,No,1,6,489.9598693847656,1503.89697265625,1718.4614683639172,14.267233700769664,1716.9825639204546,14.168895551923569
ADANIENT,Yes,2021-04-01,2021-09-28,34.42%,No,4,9,1104.51708984375,1484.65087890625,1728.6897751828458,16.437460129103247,1729.8551839192708,16.515957286447307
ADANIENT,Yes,2021-10-01,2022-03-30,36.78%,No,10,3,1456.1015625,1991.696044921875,2142.480861289828,7.570674087163125,2205.545421969506,10.73704883799272
ADANIENT,Yes,2022-01-31,2022-08-01,55.18%,No,1,8,1711.895263671875,2656.505859375,3978.3866447679925,49.76013061397852,1872.597935655382,-29.50898530688915
ADANIENT,Yes,2023-11-01,2024-04-29,38.96%,No,11,4,2215.335205078125,3078.4697265625,3124.2988721503584,1.4886989205195935,3101.2213134765625,0.7390550804430849
ADANIGREEN,Yes,2018-06-18,2018-12-17,41.75%,No,6,12,31.5,44.650001525878906,44.06153850066356,-1.3179462600337808,45.06930681738523,0.9390935659057011
ADANIGREEN,Yes,2018-07-02,2018-12-31,66.07%,No,7,12,25.200000762939453,41.849998474121094,43.57121207497337,4.112816400499096,38.65000007191642,-7.646352494333931
ADANIGREEN,Yes,2018-07-05,2019-01-01,38.93%,No,7,1,29.799999237060547,41.400001525878906,43.57121207497337,5.2444697320536315,39.20451132695478,-5.303116227065204
ADANIGREEN,Yes,2018-10-22,2019-04-22,25.17%,No,10,4,35.75,44.75,45.20047600155785,1.0066502828108437,45.20047600155785,1.0066502828108437
ADANIGREEN,Yes,2019-01-04,2019-07-03,28.24%,No,1,7,40.54999923706055,52.0,48.60491768258517,-6.5290044565669865,51.6152171259341,-0.7399670655113428
ADANIGREEN,Yes,2019-02-01,2019-07-31,30.91%,No,2,7,35.75,46.79999923706055,48.77560945836509,4.221389430579461,195.28653834416315,317.27893488835207
ADANIGREEN,Yes,2019-02-04,2019-08-05,35.30%,No,2,8,33.849998474121094,45.79999923706055,48.98815767388595,6.961044737847076,195.28653834416315,326.3898288149768
ADANIGREEN,Yes,2019-03-01,2019-08-28,28.80%,No,3,8,34.20000076293945,44.04999923706055,195.03529357910156,342.7589034213029,195.28653834416315,343.32926612144615
ADANIGREEN,Yes,2019-03-06,2019-09-03,25.56%,No,3,9,35.400001525878906,44.45000076293945,194.38888846503363,337.32032649841244,181.03272705078126,307.2727197829854
ADANIGREEN,Yes,2019-04-01,2019-09-30,50.52%,No,4,9,38.70000076293945,58.25,197.81698118965582,239.59996770756362,155.68749977560606,167.27467772636234
ADANIGREEN,Yes,2019-04-04,2019-10-01,52.91%,No,4,10,36.95000076293945,56.5,199.7163464472844,253.48025919873342,164.74097209506564,191.57694176117812
ADANIGREEN,Yes,2019-05-02,2019-10-29,114.11%,No,5,10,41.79999923706055,89.5,140.93295461481267,57.466988396438744,199.1580884596881,122.52300386557329
ADANIGREEN,Yes,2019-05-06,2019-11-04,130.47%,No,5,11,40.20000076293945,92.6500015258789,140.93295461481267,52.11327824473637,202.26041666666666,118.30589674644688
ADANIGREEN,Yes,2021-08-02,2022-01-31,114.33%,No,8,1,876.1500244140625,1877.8499755859375,2146.3402099609375,14.297746777733089,1956.2583305163262,4.175432326851523
ADANIGREEN,Yes,2021-08-05,2022-02-01,114.02%,No,8,2,889.6500244140625,1904.0,2146.142546958112,12.717570743598309,2108.4888154871323,10.739958796593086
ADANIGREEN,Yes,2021-09-01,2022-02-28,70.72%,No,9,2,1079.800048828125,1843.4000244140625,2146.8446350097656,16.461137386181555,2107.998415655839,14.353823789596664
ADANIGREEN,Yes,2021-09-02,2022-03-02,73.45%,No,9,3,1085.3499755859375,1882.550048828125,2145.7474070581898,13.980895668293304,2107.998415655839,11.975690471977309
ADANIGREEN,Yes,2021-10-01,2022-03-30,61.34%,No,10,3,1151.050048828125,1857.1500244140625,2145.7474070581898,15.539799092708236,2107.998415655839,13.507168938649421
ADANIGREEN,Yes,2021-11-01,2022-05-02,141.43%,No,11,5,1172.3499755859375,2830.35009765625,2115.5458238389756,-25.2549772697444,2052.71299050071,-27.4749440996534
ADANIGREEN,Yes,2021-12-01,2022-05-30,61.95%,No,12,5,1328.5999755859375,2151.64990234375,2022.9073766489498,-5.983432785908315,2022.9073766489498,-5.983432785908315
ADANIGREEN,Yes,2021-12-03,2022-06-01,33.01%,No,12,6,1389.6500244140625,1848.4000244140625,2022.9073766489498,9.440994910731277,2022.9073766489498,9.440994910731277
ADANIGREEN,Yes,2023-11-01,2024-04-29,105.27%,No,11,4,880.25,1806.8499755859375,1781.8438532902644,-1.3839622898167814,1762.0975501889088,-2.4768202120663645
ADANIPORTS,Yes,2016-02-11,2016-08-09,28.89%,No,2,8,177.0141143798828,228.15863037109375,253.93681372665776,11.298359967201987,259.94608924502415,13.932174655076151
ADANIPORTS,Yes,2016-03-01,2016-08-29,27.50%,No,3,8,196.0086669921875,249.9038848876953,254.25019193950453,1.7391914710579282,277.734718724301,11.136615122695119
ADANIPORTS,Yes,2016-04-28,2016-10-25,32.85%,No,4,10,224.0665283203125,297.67681884765625,289.00141457950366,-2.9143701218442715,372.4689725988051,25.125286557642795
ADANIPORTS,Yes,2016-05-02,2016-11-01,30.99%,No,5,11,221.6874084472656,290.39666748046875,281.36046600341797,-3.1116753354817788,286.1806605139444,-1.4518096929634667
ADANIPORTS,Yes,2016-06-01,2016-11-28,34.82%,No,6,11,192.5192718505859,259.5631408691406,284.9885986328125,9.795480852379649,374.38220140410635,44.235502833914325
ADANIPORTS,Yes,2016-06-06,2016-12-05,31.91%,No,6,12,193.8515625,255.708984375,284.9885986328125,11.450365863904741,374.11133276897925,46.30355428589123
ADANIPORTS,Yes,2016-07-01,2016-12-28,31.42%,No,7,12,194.42254638671875,255.51861572265625,287.7796573638916,12.625710870417354,375.57550342266376,46.9855737753053
ADANIPORTS,Yes,2016-07-04,2017-01-02,28.39%,No,7,1,202.9398651123047,260.5623779296875,362.487305861253,39.11728498235836,378.868169931265,45.404019161009586
ADANIPORTS,Yes,2016-08-01,2017-01-30,32.40%,No,8,1,217.50013732910156,287.9700012207031,367.61929742221173,27.658886642315416,376.00845535941744,30.572092150404494
ADANIPORTS,Yes,2016-08-05,2017-02-01,30.17%,No,8,2,222.6866455078125,289.873291015625,369.206572561553,27.368261928503003,376.00845535941744,29.714764006715438
ADANIPORTS,Yes,2016-09-30,2017-03-29,25.02%,No,9,3,244.33673095703125,305.48040771484375,368.13755321502686,20.51101933799681,385.1576617010709,26.0826069279714
ADANIPORTS,Yes,2016-10-03,2017-04-03,29.34%,No,10,4,251.71205139160156,325.5602722167969,368.13755321502686,13.078156222291442,385.1576617010709,18.30610015112254
ADANIPORTS,Yes,2016-11-11,2017-05-10,27.15%,No,11,5,263.3697814941406,334.8864440917969,387.1929749988374,15.619184302575901,387.39548104269466,15.679654365616646
ADANIPORTS,Yes,2016-12-02,2017-05-31,27.49%,No,12,5,253.0443115234375,322.6101379394531,386.0847358703613,19.675326490459206,386.09920376864346,19.67981112890688
ADANIPORTS,Yes,2016-12-05,2017-06-05,34.37%,No,12,6,255.708984375,343.5940246582031,387.8076022677951,12.867970464147133,387.78377298208386,12.86103516143488
ADANIPORTS,Yes,2017-01-02,2017-07-03,34.40%,No,1,7,260.5623779296875,350.2080383300781,387.6145229763455,10.681218176668747,387.78377298208386,10.729546594984164
ADANIPORTS,Yes,2017-02-01,2017-07-31,30.40%,No,2,7,289.873291015625,378.0008239746094,387.57008004695814,2.531543707161744,387.70484953106575,2.567196932117852
ADANIPORTS,Yes,2017-03-06,2017-09-04,27.37%,No,3,9,288.493408203125,367.4505004882813,387.7923166703205,5.535933725769386,387.6241814108456,5.490176471594622
ADANIPORTS,Yes,2017-05-02,2017-10-30,30.43%,No,5,10,314.6162414550781,410.3681640625,387.53881753457557,-5.563137817983236,365.69254118820714,-10.886717534815556
ADANIPORTS,Yes,2021-01-01,2021-06-30,40.64%,No,1,6,489.095947265625,687.87939453125,724.3758743949559,5.305650983858313,725.6207071940104,5.486617706942494
ADANIPORTS,Yes,2023-09-01,2024-02-28,62.54%,No,9,2,792.2301025390625,1287.6834716796875,1467.884526570638,13.994204232185378,1456.5759026943108,13.115989661210426
ADANIPORTS,Yes,2023-11-01,2024-04-29,71.27%,No,11,4,762.1064453125,1305.2720947265625,1457.1017852783202,11.632033747229084,1453.1325744628907,11.327943065181598
ADANIPOWER,Yes,2016-07-18,2017-01-16,27.96%,No,7,1,5.650000095367432,7.230000019073486,5.889999989100865,-18.533886949343888,5.96181822906841,-17.5405502995779
ADANIPOWER,Yes,2016-08-01,2017-01-30,31.09%,No,8,1,5.5,7.210000038146973,5.8894736766815186,-18.315206026057663,5.96181822906841,-17.31181418134022
ADANIPOWER,Yes,2016-08-05,2017-02-01,35.79%,No,8,2,5.420000076293945,7.360000133514404,5.8894736766815186,-19.979978670607828,5.96181822906841,-18.99703640057357
ADANIPOWER,Yes,2016-09-01,2017-02-28,43.49%,No,9,2,5.380000114440918,7.71999979019165,6.57804876420556,-14.792112137580007,6.374038467040429,-17.4347326389993
ADANIPOWER,Yes,2016-09-02,2017-03-01,41.91%,No,9,3,5.440000057220459,7.71999979019165,6.57804876420556,-14.792112137580007,6.374038467040429,-17.4347326389993
ADANIPOWER,Yes,2016-10-03,2017-04-03,58.67%,No,10,4,5.130000114440918,8.140000343322754,6.580232542614604,-19.161765785275765,6.393548388634959,-21.455182813602832
ADANIPOWER,Yes,2016-11-09,2017-05-08,25.81%,No,11,5,4.920000076293945,6.190000057220459,5.957142909367879,-3.7618278788375585,6.375961542129517,3.004224284168444
ADANIPOWER,Yes,2017-05-24,2017-11-20,25.18%,No,5,11,5.599999904632568,7.010000228881836,5.17236842607197,-26.214432850353646,6.290425574525874,-10.264973336109879
ADANIPOWER,Yes,2017-06-01,2017-11-28,35.81%,No,6,11,5.389999866485596,7.320000171661377,5.17236842607197,-29.339230809088512,5.075483860508088,-30.662790416900553
ADANIPOWER,Yes,2017-06-05,2017-12-04,25.93%,No,6,12,5.360000133514404,6.75,5.17236842607197,-23.37231961374859,5.1144827480973865,-24.22988521337205
ADANIPOWER,Yes,2018-03-09,2018-09-05,25.15%,No,3,9,5.090000152587891,6.369999885559082,9.93411769586451,55.95161498174206,10.19739135797473,60.084639578917766
ADANIPOWER,Yes,2018-04-16,2018-10-15,35.08%,No,4,10,5.159999847412109,6.96999979019165,10.232881400544764,46.81322393932807,9.848840616751408,41.30331295864501
ADANIPOWER,Yes,2018-05-02,2018-10-29,67.86%,No,5,10,5.039999961853027,8.460000038146973,9.835909120964281,16.26370066918675,9.949600003560384,17.607564523601166
ADANIPOWER,Yes,2018-07-02,2018-12-31,229.77%,No,7,12,3.0899999141693115,10.1899995803833,9.937142883028303,-2.4814200958533,12.420158719259595,21.885762813666435
ADANIPOWER,Yes,2019-01-03,2019-07-02,28.60%,No,1,7,10.06999969482422,12.949999809265137,12.109418602876884,-6.490974662307368,12.109418602876884,-6.490974662307368
ADANIPOWER,Yes,2019-02-01,2019-07-31,38.01%,No,2,7,8.84000015258789,12.199999809265137,12.096625006198883,-0.8473344646099692,12.096625006198883,-0.8473344646099692
ADANIPOWER,Yes,2019-02-04,2019-08-05,46.67%,No,2,8,7.949999809265137,11.65999984741211,12.10259741002863,3.7958625077920067,12.10259741002863,3.7958625077920067
ADANIPOWER,Yes,2019-04-01,2019-09-30,32.03%,No,4,9,9.739999771118164,12.859999656677246,12.168135594513457,-5.3799695228184214,7.381071442649478,-42.60441959796605
ADANIPOWER,Yes,2021-01-01,2021-06-30,126.22%,No,1,6,10.029999732971191,22.690000534057617,20.30188237358542,-10.524980626984288,21.987815151695443,-3.094690902753378
ADANIPOWER,Yes,2021-03-01,2021-08-30,68.34%,No,3,8,11.149999618530272,18.770000457763672,20.752636406638405,10.562791158881796,21.492846760436567,14.506373128758598
ADANIPOWER,Yes,2021-10-01,2022-03-30,76.90%,No,10,3,19.38999938964844,34.29999923706055,64.78777832455106,88.8856552933943,54.62938791391801,59.269356061360824
ADANIPOWER,Yes,2021-12-01,2022-05-30,236.05%,No,12,5,20.25,68.05000305175781,65.9800003796089,-3.041884760202734,65.9800003796089,-3.041884760202734
ADANIPOWER,Yes,2021-12-03,2022-06-01,204.66%,No,12,6,20.15999984741211,61.41999816894531,66.01325035095215,7.478430997950175,54.291000270843504,-11.606965338052248
ADANIPOWER,Yes,2022-01-31,2022-08-01,202.92%,No,1,8,21.25,64.37000274658203,66.09921083952251,2.6863570283633407,48.94934778628142,-23.95627513177235
ADANIPOWER,Yes,2023-11-01,2024-04-29,63.23%,No,11,4,73.04000091552734,119.22000122070312,136.62891779719172,14.602345578122215,101.24582091374184,-15.076480559404645
ALKEM,Yes,2016-02-11,2016-08-09,25.40%,No,2,8,1163.7750244140625,1459.3599853515625,1540.4710257393974,5.557987145186464,1540.4710257393974,5.557987145186464
ALKEM,Yes,2016-03-21,2016-09-19,28.10%,No,3,9,1240.64208984375,1589.23095703125,1521.7422485351562,-4.2466268478790195,1521.7422485351562,-4.2466268478790195
ALKEM,Yes,2016-04-01,2016-09-28,38.97%,No,4,9,1219.739501953125,1695.0294189453125,1521.7422485351562,-10.223254444632568,1521.7422485351562,-10.223254444632568
ALKEM,Yes,2016-04-05,2016-10-03,25.88%,No,4,10,1225.1141357421875,1542.1429443359375,1521.24228515625,-1.355299731224815,1521.24228515625,-1.355299731224815
ALKEM,Yes,2016-05-02,2016-11-01,33.11%,No,5,11,1147.8441162109375,1527.8558349609375,1518.7299012880067,-0.5973033230039118,1701.3468322753906,11.355194210381029
ALKEM,Yes,2016-06-01,2016-11-28,31.84%,No,6,11,1183.447021484375,1560.3106689453125,1698.2233380573552,8.838795494826964,1701.3468322753906,9.038979617143239
ALKEM,Yes,2016-06-06,2016-12-05,25.20%,No,6,12,1254.2401123046875,1570.2691650390625,1697.595982142857,8.108598190592833,1701.3468322753906,8.347464890394598
ALKEM,Yes,2016-08-19,2017-02-15,28.98%,No,8,2,1413.328369140625,1822.96728515625,1688.8039226921237,-7.3596143801684795,1715.8490644182477,-5.87603637268899
ALKEM,Yes,2016-09-01,2017-02-28,36.91%,No,9,2,1442.3623046875,1974.6968994140625,1688.8039226921237,-14.477815648911474,1715.8490644182477,-13.108231196019036
ALKEM,Yes,2016-09-02,2017-03-01,31.49%,No,9,3,1503.599853515625,1977.0941162109375,1688.8039226921237,-14.581510872700202,1715.8490644182477,-13.213587034154997
ALKEM,Yes,2016-10-03,2017-04-03,29.35%,No,10,4,1542.1429443359375,1994.7984619140625,1695.5686284845526,-15.000504519258092,1715.8490644182477,-13.983838609347801
ALKEM,Yes,2016-11-04,2017-05-03,26.64%,No,11,5,1449.299072265625,1835.4615478515625,1715.8490644182477,-6.516752343481295,1715.7234680175782,-6.523595112855385
ALKEM,Yes,2017-07-14,2018-01-10,30.82%,No,7,1,1646.1571044921875,2153.47802734375,1954.9068648726852,-9.220951407430718,1803.2673299153646,-16.262561910620455
ALKEM,Yes,2017-08-01,2018-01-29,25.61%,No,8,1,1653.579833984375,2077.0185546875,1830.3200310601128,-11.877531044228176,1785.8172983022837,-14.020156715885927
ALKEM,Yes,2021-03-01,2021-08-30,38.20%,No,3,8,2708.765625,3743.6083984375,3369.670834189967,-9.98869337945727,3369.670834189967,-9.98869337945727
ALKEM,Yes,2023-01-23,2023-07-24,25.66%,No,1,7,2951.715087890625,3709.234619140625,4904.798470846036,32.23209029528593,4904.645961828399,32.22797869186105
ALKEM,Yes,2023-02-01,2023-07-31,32.90%,No,2,7,2936.357177734375,3902.40576171875,4900.1520663174715,25.567466981170117,4904.645961828399,25.682624035185636
ALKEM,Yes,2023-11-01,2024-04-29,32.05%,No,11,4,3659.87744140625,4833.005859375,5410.664627075195,11.952370522780571,4996.046053258384,3.3734739544567414
AMBUJACEM,Yes,2015-12-11,2016-06-08,26.81%,No,12,6,162.46363830566406,206.02394104003903,223.5984889439174,8.530342549103505,208.83045893130094,1.3622290094511305
AMBUJACEM,Yes,2016-01-01,2016-06-29,25.21%,No,1,6,176.77590942382812,221.33302307128903,201.7325703938802,-8.855638623385964,208.9589720381067,-5.590693544720968
AMBUJACEM,Yes,2016-01-04,2016-07-04,26.00%,No,1,7,173.76731872558594,218.95448303222656,201.7325703938802,-7.865521819807444,208.9589720381067,-4.565109083721604
AMBUJACEM,Yes,2016-02-01,2016-08-01,36.37%,No,2,8,171.876220703125,234.393310546875,201.7325703938802,-13.934160525653382,208.9589720381067,-10.85113668535426
AMBUJACEM,Yes,2016-03-01,2016-08-29,39.58%,No,3,8,164.68075561523438,229.86903381347656,209.15698519620028,-9.010369197480827,211.15265546526228,-8.142192115968685
AMBUJACEM,Yes,2016-03-08,2016-09-06,38.38%,No,3,9,174.41110229492188,241.353759765625,208.03872328538162,-13.803404808193212,212.51977813720703,-11.946771269036049
AMBUJACEM,Yes,2016-11-16,2017-05-15,28.30%,No,11,5,175.968994140625,225.76792907714844,230.81088363292605,2.2336895131169654,231.01818300643058,2.3255091858011614
AMBUJACEM,Yes,2021-04-01,2021-09-28,32.83%,No,4,9,300.74542236328125,399.4788818359375,364.9631815592448,-8.640181457919473,370.307530266898,-7.302351362097757
AMBUJACEM,Yes,2021-04-05,2021-10-04,32.82%,No,4,10,295.9586181640625,393.0964965820313,364.8708762517051,-7.180328640867466,369.98593222878196,-5.8791071795845005
AMBUJACEM,Yes,2021-05-03,2021-11-01,31.49%,No,5,11,301.3739929199219,396.28765869140625,365.0352735643263,-7.886287761339683,369.2080411327129,-6.833323462081513
AMBUJACEM,Yes,2022-05-02,2022-10-31,40.94%,No,5,10,373.4604187011719,526.3406982421875,387.64891052246094,-26.350192600137806,439.3254189124474,-16.53212066259436
AMBUJACEM,Yes,2022-06-01,2022-11-28,52.95%,No,6,11,367.041015625,561.4004516601562,387.64891052246094,-30.949661800927053,418.0396580696106,-25.536280415629076
AMBUJACEM,Yes,2022-06-06,2022-12-05,57.13%,No,6,12,360.3747253417969,566.2396850585938,418.07515495054184,-26.166398085065346,418.0396580696106,-26.17266696410507
AMBUJACEM,Yes,2022-07-01,2022-12-28,41.04%,No,7,12,362.9918518066406,511.97113037109375,434.3970534865921,-15.152041254410847,434.2568681196733,-15.179422752820177
AMBUJACEM,Yes,2022-07-04,2023-01-02,42.86%,No,7,1,363.9794616699219,519.9706420898438,434.26364537289265,-16.483045345114334,419.5157151222229,-19.319345908429888
AMBUJACEM,Yes,2023-02-01,2023-07-31,39.39%,No,2,7,329.9566955566406,459.9228515625,437.3507807804988,-4.90779501503718,420.49969555082777,-8.571688899070702
AMBUJACEM,Yes,2023-08-14,2024-02-12,27.79%,No,8,2,438.0193786621094,559.7548828125,628.103520320012,12.210458471410348,619.6229335239956,10.695404819103556
AMBUJACEM,Yes,2023-09-01,2024-02-28,35.80%,No,9,2,431.0162353515625,585.3338012695312,619.6229335239956,5.858047524351847,614.1167614746093,4.917358290713897
AMBUJACEM,Yes,2023-09-04,2024-03-04,39.90%,No,9,3,438.2180480957031,613.04833984375,619.8581588179977,1.1108127257931022,614.413217098155,0.22263778656554964
AMBUJACEM,Yes,2023-10-03,2024-04-01,43.80%,No,10,4,429.3275451660156,617.369384765625,620.1143446702224,0.4446219673882097,614.6078727028587,-0.4473030459413988
AMBUJACEM,Yes,2023-11-01,2024-04-29,54.84%,No,11,4,403.94732666015625,625.4652709960938,620.1222185407366,-0.8542524586293904,542.3486030774238,-13.288774257010507
AMBUJACEM,Yes,2023-12-01,2024-05-29,42.56%,No,12,5,439.0624084472656,625.9122314453125,616.5578192349138,-1.494524589941007,541.930525110123,-13.41748924466053
APLAPOLLO,Yes,2015-11-30,2016-05-30,52.82%,No,11,5,55.38059997558594,84.63182830810547,89.53898592862215,5.7982412983588,89.45794894478537,5.702488925455117
APLAPOLLO,Yes,2015-12-01,2016-05-30,49.08%,No,12,5,56.768096923828125,84.63182830810547,89.53898592862215,5.7982412983588,89.45794894478537,5.702488925455117
APLAPOLLO,Yes,2015-12-04,2016-06-01,47.14%,No,12,6,56.768096923828125,83.5294418334961,89.53898592862215,7.1945220310525,89.45794894478537,7.097505958565967
APLAPOLLO,Yes,2016-01-01,2016-06-29,26.36%,No,1,6,71.20838928222656,89.98220825195312,88.89757840386753,-1.2053825630157895,90.24794179280599,0.2953178700713826
APLAPOLLO,Yes,2016-01-04,2016-07-04,26.05%,No,1,7,71.59327697753906,90.24354553222656,89.09055620829264,-1.2776418713759234,90.27109146118164,0.030523987940213732
APLAPOLLO,Yes,2016-02-01,2016-08-01,37.46%,No,2,8,64.6511001586914,88.87031555175781,89.5257884058459,0.73756107426708,84.96773093087333,-4.391325266097011
APLAPOLLO,Yes,2016-03-01,2016-08-29,61.69%,No,3,8,56.924896240234375,92.04444122314452,84.36300344052522,-8.345357612630936,84.92372977516868,-7.736166740056582
APLAPOLLO,Yes,2016-03-08,2016-09-06,40.61%,No,3,9,63.27311325073242,88.9653549194336,84.36300344052522,-5.1731952096141605,84.92372977516868,-4.542920272644312
APLAPOLLO,Yes,2016-04-01,2016-09-28,31.23%,No,4,9,65.19279479980469,85.55014038085938,84.99462719352879,-0.6493422276778377,85.80246196809362,0.2949400037345846
APLAPOLLO,Yes,2016-04-04,2016-10-03,27.14%,No,4,10,65.15953063964844,82.84638977050781,85.77768513072621,3.538229448909433,86.4741219153771,4.378865699420867
APLAPOLLO,Yes,2016-09-21,2017-03-20,26.43%,No,9,3,85.68460083007812,108.33277130126952,152.88484573364258,41.125205140811325,182.73525768215373,68.679574506567
APLAPOLLO,Yes,2016-10-03,2017-04-03,39.42%,No,10,4,82.84638977050781,115.50276947021484,150.90050506591797,30.646655277673908,184.6736806950099,59.88679885518453
APLAPOLLO,Yes,2017-02-01,2017-07-31,48.33%,No,2,7,103.05973815917967,152.8655242919922,187.12585636061064,22.412072458651274,186.91270553856566,22.27263564120522
APLAPOLLO,Yes,2017-05-02,2017-10-30,26.16%,No,5,10,142.41067504882812,179.66189575195312,185.2277872185958,3.097981040079376,186.4948541550409,3.803231828590735
APLAPOLLO,Yes,2017-05-05,2017-11-01,25.35%,No,5,11,144.46131896972656,181.0879364013672,185.2277872185958,2.286099725634382,186.58206250590663,3.033954781152372
APLAPOLLO,Yes,2017-06-01,2017-11-28,29.09%,No,6,11,139.3083038330078,179.83590698242188,194.1752494363224,7.973570292223187,187.50251583177217,4.263113511641294
APLAPOLLO,Yes,2017-06-05,2017-12-04,28.29%,No,6,12,141.27731323242188,181.2474670410156,158.81809099982766,-12.375001100629039,187.46404012044272,3.429881355539349
APLAPOLLO,Yes,2017-07-07,2018-01-03,32.98%,No,7,1,153.480224609375,204.102783203125,202.24517059326172,-0.9101358544506312,125.77197768048542,-38.378117286467386
APLAPOLLO,Yes,2017-08-01,2018-01-29,52.88%,No,8,1,150.9925994873047,230.83502197265625,161.37956476211548,-30.088786622147907,123.01468658447266,-46.708828871277404
APLAPOLLO,Yes,2017-08-07,2018-02-05,31.87%,No,8,2,152.88473510742188,201.61328125,160.66676423043916,-20.30943436151275,122.68081613020463,-39.15042929236358
APLAPOLLO,Yes,2017-09-01,2018-02-28,30.37%,No,9,2,152.23641967773438,198.4759826660156,122.11537806193034,-38.473473504640936,109.65820844783339,-44.74988511211447
APLAPOLLO,Yes,2018-11-01,2019-04-30,31.31%,No,11,4,118.0571060180664,155.02557373046875,151.8275318975034,-2.062912431806599,152.03392189427427,-1.9297795610134862
APLAPOLLO,Yes,2018-12-31,2019-07-01,33.84%,No,12,7,113.68118286132812,152.15219116210938,130.74920505947537,-14.066827391154924,130.79680669030478,-14.035541853650777
APLAPOLLO,Yes,2022-07-01,2022-12-28,25.28%,No,7,12,834.7216796875,1045.7664794921875,1184.3094246156754,13.247981058903594,1184.3094246156754,13.247981058903594
APOLLOHOSP,Yes,2018-05-21,2018-11-19,25.12%,No,5,11,960.5231323242188,1201.8515625,1221.8448486328125,1.663540386903021,1236.9545110887098,2.9207391065574915
APOLLOHOSP,Yes,2018-06-01,2018-11-28,33.43%,No,6,11,905.440673828125,1208.1302490234375,1232.1480887276787,1.9880174115047116,1327.4306680002521,9.874797777246965
APOLLOHOSP,Yes,2018-06-04,2018-12-03,37.92%,No,6,12,919.1624145507812,1267.7298583984375,1232.1841338186553,-2.80388793750494,1327.4306680002521,4.70926902969979
APOLLOHOSP,Yes,2018-07-09,2019-01-07,28.78%,No,7,1,976.6864624023438,1257.8209228515625,1314.352290712554,4.4943892118467135,1450.6199053596047,15.328015221034347
APOLLOHOSP,Yes,2018-08-01,2019-01-28,33.44%,No,8,1,930.6380004882812,1241.8297119140625,1118.7780979701452,-9.908895943088275,1351.7005716959636,8.847498069002913
APOLLOHOSP,Yes,2018-08-06,2019-02-04,32.74%,No,8,2,958.3744506835938,1272.193603515625,1118.7780979701452,-12.059131968713409,1351.7005716959636,6.249596599183193
APOLLOHOSP,Yes,2019-02-18,2019-08-19,32.87%,No,2,8,1095.7003173828125,1455.848876953125,1390.3701899601863,-4.497629391999523,1389.944921875,-4.526840396789815
APOLLOHOSP,Yes,2019-03-01,2019-08-28,32.08%,No,3,8,1130.03759765625,1492.5894775390625,1389.241279296875,-6.924087285714013,1389.1023326200598,-6.933396387707977
APOLLOHOSP,Yes,2019-03-05,2019-09-03,25.30%,No,3,9,1169.3291015625,1465.168701171875,1388.5731225107231,-5.227765144033516,1389.1023326200598,-5.191645746389179
APOLLOHOSP,Yes,2019-04-30,2019-10-27,26.25%,No,4,10,1193.463134765625,1506.7213134765625,1388.3023859197442,-7.859378273715535,1371.314713251023,-8.98683777911832
APOLLOHOSP,Yes,2021-01-01,2021-06-30,49.90%,No,1,6,2386.847900390625,3577.874755859375,4746.845675998264,32.67221464989799,4478.447977701823,25.1706189650045
APOLLOHOSP,Yes,2021-01-04,2021-07-05,54.33%,No,1,7,2381.3125,3674.985595703125,4549.950155722128,23.808652775184516,4478.447977701823,21.863007652006157
APOLLOHOSP,Yes,2021-04-01,2021-09-28,52.51%,No,4,9,2860.490966796875,4362.5595703125,4480.164816151495,2.6957854430070425,4471.597457627118,2.4994016828246464
APOLLOHOSP,Yes,2021-07-01,2021-12-28,31.77%,No,7,12,3635.795654296875,4790.9482421875,4470.555729166666,-6.687455109607811,4330.651705994898,-9.607629073079588
APOLLOHOSP,Yes,2023-09-01,2024-02-28,31.56%,No,9,2,4815.58203125,6335.50390625,6977.147720336914,10.12774711501527,6832.522058105469,7.844966386417325
APOLLOHOSP,Yes,2023-09-04,2024-03-04,25.16%,No,9,3,4800.16162109375,6007.8427734375,6979.258404356061,16.16912538413097,6832.522058105469,13.726712162211152
APOLLOHOSP,Yes,2023-10-03,2024-04-01,26.26%,No,10,4,5092.75634765625,6430.00390625,6979.258404356061,8.542055434401565,6832.522058105469,6.259998558697907
ASHOKLEY,Yes,2016-12-02,2017-05-31,26.51%,No,12,5,31.48514175415039,39.83060073852539,48.50367838541667,21.774910460997415,49.69862197875977,24.77497466085095
ASHOKLEY,Yes,2017-01-12,2017-07-11,26.55%,No,1,7,35.531429290771484,44.96548080444336,48.50367838541667,7.868697315527595,49.87845511663528,10.926102032709577
ASHOKLEY,Yes,2017-03-06,2017-09-04,27.13%,No,3,9,38.144649505615234,48.49512481689453,51.174926411021836,5.5259195728345185,49.79757292005751,2.6857299740555343
ASHOKLEY,Yes,2017-04-03,2017-10-03,47.79%,No,4,10,35.44712829589844,52.38842010498047,62.67845026652018,19.641802789470756,54.82319576182264,4.647545491853267
ASHOKLEY,Yes,2017-05-02,2017-10-30,56.17%,No,5,10,35.25746154785156,55.0623893737793,49.75843741677024,-9.632622226043093,49.755350234660696,-9.638228924453127
ASHOKLEY,Yes,2017-05-05,2017-11-01,54.27%,No,5,11,35.06779098510742,54.09976577758789,49.75843741677024,-8.024671268754636,49.747999588648476,-8.04396493476546
ASHOKLEY,Yes,2017-06-01,2017-11-28,35.27%,No,6,11,38.397552490234375,51.93919372558594,62.4039053147839,20.148005462862827,52.21765391031901,0.5361272764538456
ASHOKLEY,Yes,2017-06-05,2017-12-04,26.99%,No,6,12,39.198368072509766,49.77862548828125,57.234593362519234,14.978251812102062,51.62225459870838,3.703656122166637
ASHOKLEY,Yes,2017-08-11,2018-02-07,29.47%,No,8,2,43.91728591918945,56.85929870605469,57.212569342719185,0.621306707440764,62.06979694366455,9.16384541523552
ASHOKLEY,Yes,2017-09-01,2018-02-28,25.39%,No,9,2,48.28120422363281,60.5386848449707,62.4039053147839,3.0810389663893565,62.05535764694214,2.505295260138835
ASHOKLEY,Yes,2017-09-11,2018-03-12,25.13%,No,9,3,49.71445083618164,62.207244873046875,55.81790801017515,-10.271049418618588,47.19062479804544,-24.13966428773287
ASHOKLEY,Yes,2017-10-27,2018-04-25,28.48%,No,10,4,54.67734909057617,70.25053405761719,55.775580525398254,-20.604759417696457,40.01927442328874,-43.03349439241808
ASHOKLEY,Yes,2017-11-01,2018-04-30,30.05%,No,11,4,54.09976577758789,70.35750579833984,48.145842696681164,-31.569713635560383,40.01927442328874,-43.12010642049645
ASHOKLEY,Yes,2017-11-02,2018-05-02,29.57%,No,11,5,53.30826187133789,69.07401275634766,47.83172329052074,-30.75293966307875,39.97576921251085,-42.1261808641091
ASHOKLEY,Yes,2017-12-04,2018-06-04,26.26%,No,12,6,49.77862548828125,62.84897994995117,56.42055583000183,-10.22836667368113,38.90466181437174,-38.0981809961707
ASHOKLEY,Yes,2022-02-24,2022-08-23,29.94%,No,2,8,52.20876693725586,67.84245300292969,68.85360702203245,1.4904443668319247,68.63073539733887,1.1619308552642382
ASHOKLEY,Yes,2022-03-02,2022-08-29,26.54%,No,3,8,54.16114044189453,68.53638458251953,67.49107312141581,-1.5251920092825162,68.62280538347032,0.12609477648582076
ASHOKLEY,Yes,2022-04-01,2022-09-28,26.61%,No,4,9,54.73536682128906,69.29969787597656,67.68277256305402,-2.333235731873328,68.59619598388672,-1.0151586711804736
ASHOKLEY,Yes,2023-02-01,2023-07-31,26.57%,No,2,7,68.32820892333984,86.4818115234375,81.50577545166016,-5.7538527282453895,82.39105566862588,-4.730192144163146
ASIANPAINT,Yes,2016-01-27,2016-07-25,25.37%,No,1,7,791.54638671875,992.361572265625,985.743342646846,-0.6669171604125226,1076.8795799842248,8.516856162178854
ASIANPAINT,Yes,2016-02-01,2016-08-01,26.99%,No,2,8,818.1447143554688,1038.9371337890625,985.9090502929688,-5.1040704746684025,1076.8831937020286,3.6523923035241497
ASIANPAINT,Yes,2016-03-01,2016-08-29,28.19%,No,3,8,803.900634765625,1030.5487060546875,1077.8878609793526,4.593587342989005,1076.674325125558,4.475831059694014
ASIANPAINT,Yes,2016-03-08,2016-09-06,38.24%,No,3,9,807.3579711914062,1116.0994873046875,1077.8352798954134,-3.428386792084269,1081.0435480291194,-3.1409331940673204
ASIANPAINT,Yes,2016-04-01,2016-09-28,37.92%,No,4,9,802.1027221679688,1106.228271484375,1075.9085767341383,-2.7408172012773404,1077.490451388889,-2.597820073512015
ASIANPAINT,Yes,2016-04-04,2016-10-03,35.35%,No,4,10,816.992431640625,1105.7645263671875,1075.7150288243447,-2.7175313392956832,1077.431365482391,-2.562314146383468
ASIANPAINT,Yes,2016-05-02,2016-11-01,25.48%,No,5,11,797.3085327148438,1000.447021484375,1074.1624358421147,7.368247670762948,1078.1346158114347,7.765288182056232
ASIANPAINT,Yes,2016-11-15,2017-05-15,28.88%,No,11,5,827.712646484375,1066.744140625,1070.667724609375,0.3678092838715938,1071.9805130172563,0.4908742586754034
ASIANPAINT,Yes,2016-12-02,2017-05-31,27.23%,No,12,5,840.7676391601562,1069.6707763671875,1081.1498280400815,1.0731387569434325,1064.157997824929,-0.5153715202897271
ASIANPAINT,Yes,2016-12-12,2017-06-12,26.42%,No,12,6,845.7852172851562,1069.2060546875,1067.8706461588542,-0.12489720973718778,1063.9906160869295,-0.4877861079915773
ASIANPAINT,Yes,2018-02-01,2018-07-31,26.48%,No,2,7,1080.94287109375,1367.123779296875,1313.159605736826,-3.947277808875744,1317.5631591796875,-3.6251743161600887
ASIANPAINT,Yes,2018-10-23,2019-04-22,27.09%,No,10,4,1072.3453369140625,1362.8043212890625,1681.263019670759,23.36789613937162,1711.9813854741114,25.62195164268088
ASIANPAINT,Yes,2019-05-02,2019-10-29,26.97%,No,5,10,1356.4307861328125,1722.2489013671875,1634.668634905134,-5.0852270187270205,1677.8615003313337,-2.5772930382256245
ASIANPAINT,Yes,2019-06-18,2019-12-16,25.69%,No,6,12,1310.0675048828125,1646.6884765625,1719.189379240337,4.402830511645067,1691.7465590324955,2.7362845560233273
ASIANPAINT,Yes,2019-07-01,2019-12-30,33.37%,No,7,12,1285.19580078125,1714.070068359375,1621.5298095703124,-5.398860904072472,1727.9330057779948,0.8087730877821556
ASTRAL,Yes,2016-01-21,2016-07-19,27.51%,No,1,7,172.20458984375,219.58590698242188,173.2954784740101,-21.08078298126727,174.55733448375355,-20.506130433167062
ASTRAL,Yes,2016-02-11,2016-08-09,25.75%,No,2,8,170.5402374267578,214.45657348632812,173.4838920261549,-19.10535116461948,174.55733448375355,-18.604810453673597
ASTRAL,Yes,2016-03-01,2016-08-29,36.06%,No,3,8,154.54029846191406,210.2598419189453,173.70009231567383,-17.3878897984548,174.55733448375355,-16.980183714280063
ASTRAL,Yes,2016-03-08,2016-09-06,29.98%,No,3,9,162.24066162109375,210.88156127929688,173.8072419458506,-17.58063583583968,174.55733448375355,-17.22494208369152
ASTRAL,Yes,2016-09-19,2017-03-20,27.37%,No,9,3,193.3395538330078,246.2650909423828,246.40986264985185,0.05878693846335878,247.5597775777181,0.5257288519379331
ASTRAL,Yes,2016-10-03,2017-04-03,29.15%,No,10,4,194.18331909179688,250.79714965820312,300.48651232038225,19.812570728932872,369.4110495827415,47.294755975572436
ASTRAL,Yes,2016-11-02,2017-05-02,27.24%,No,11,5,195.0049285888672,248.13124084472656,370.7458025958087,49.41520516870781,374.7877938406808,51.044178300471366
ASTRAL,Yes,2016-12-01,2017-05-30,43.92%,No,12,5,175.99566650390625,253.2853851318359,369.7985727410567,46.00075426719757,371.61373155381943,46.717399963836534
ASTRAL,Yes,2016-12-05,2017-06-05,51.37%,No,12,6,176.17343139648438,266.6816711425781,370.55676523844403,38.95096864018463,373.0281495593843,39.87768561715264
ASTRAL,Yes,2017-02-01,2017-07-31,51.06%,No,2,7,183.83792114257812,277.6998291015625,371.2548423589662,33.68925849183294,372.45337829589846,34.12085254099381
ASTRAL,Yes,2017-04-03,2017-10-03,28.84%,No,4,10,250.79714965820312,323.1310729980469,369.68309207078886,14.406543648318019,369.5789400736491,14.374311527719582
ASTRAL,Yes,2017-05-02,2017-10-30,34.41%,No,5,10,248.13124084472656,333.510986328125,372.4818344116211,11.685026785041078,374.4443525834517,12.273468621226879
ASTRAL,Yes,2017-05-05,2017-11-01,36.87%,No,5,11,243.11036682128903,332.7330627441406,374.2255180358887,12.470193057927103,377.840964869449,13.556783853486387
ASTRAL,Yes,2017-06-01,2017-11-28,31.06%,No,6,11,276.5233154296875,362.4098815917969,366.75844450919857,1.1999018620302773,379.10215844048395,4.605911068255182
ASTRAL,Yes,2017-06-05,2017-12-04,38.95%,No,6,12,266.6816711425781,370.5475769042969,366.48639442180763,-1.095994883145099,379.371265186983,2.3812565059533695
ASTRAL,Yes,2017-07-13,2018-01-09,25.60%,No,7,1,300.6054992675781,377.5511474609375,447.7338232421875,18.588918681146716,424.8071971692537,12.51646300802342
ASTRAL,Yes,2017-08-01,2018-01-29,28.83%,No,8,1,276.6551513671875,356.40692138671875,416.06940673828126,16.739990659952934,424.8071971692537,19.191623865328175
ASTRAL,Yes,2017-08-31,2018-02-27,27.27%,No,8,2,305.1497802734375,388.3567504882813,446.59469265407984,14.995990694786665,487.9280156315984,25.639123053256068
ASTRAL,Yes,2017-09-01,2018-02-28,30.32%,No,9,2,309.3283386230469,403.1199035644531,446.59469265407984,10.784580147299948,487.78626211065995,21.002773070139387
ASTRAL,Yes,2017-11-01,2018-04-30,26.99%,No,11,4,332.7330627441406,422.530029296875,471.4251819957386,11.571994724310889,489.77269744873047,15.914293302124074
ASTRAL,Yes,2021-01-01,2021-06-30,51.90%,No,1,6,973.2413940429688,1478.3687744140625,1511.560693359375,2.2451718082633145,1557.0009436974158,5.31884673460574
ATGL,Yes,2018-11-05,2019-05-06,71.63%,No,11,5,75.15975952148438,128.99441528320312,150.533115271366,16.69738952719414,148.41582808956022,15.056010575122967
ATGL,Yes,2018-12-03,2019-06-03,83.23%,No,12,6,96.9322280883789,177.60964965820312,146.9708564758301,-17.250635447643283,148.41582808956022,-16.437069508793183
ATGL,Yes,2018-12-31,2019-07-01,70.63%,No,12,7,100.2130126953125,170.99839782714844,148.41582808956022,-13.206304868666383,148.51064570500301,-13.150855451217083
ATGL,Yes,2019-01-01,2019-07-01,68.88%,No,1,7,101.25688934326172,170.99839782714844,148.41582808956022,-13.206304868666383,148.51064570500301,-13.150855451217083
ATGL,Yes,2019-02-01,2019-07-31,65.81%,No,2,7,91.91162872314452,152.39633178710938,148.350573930584,-2.6547606553792296,148.49625216032328,-2.5591689649291074
ATGL,Yes,2019-02-04,2019-08-05,56.08%,No,2,8,95.44095611572266,148.96107482910156,148.19109660181505,-0.5168989470369271,148.37553092224957,-0.3930851784761704
ATGL,Yes,2019-03-01,2019-08-28,38.99%,No,3,8,105.38272857666016,146.47174072265625,147.93941020965576,1.0020154602917835,149.00839770679744,1.7318405390868812
ATGL,Yes,2019-03-05,2019-09-03,26.00%,No,3,9,110.00565338134766,138.60548400878906,148.03949039540393,6.806373105711064,150.69664576796234,8.72343677138097
ATGL,Yes,2019-05-14,2019-11-11,25.67%,No,5,11,117.2631378173828,147.367919921875,148.8367068268532,0.9966802176191798,151.506002338116,2.8079940454033254
ATGL,Yes,2021-01-01,2021-06-30,170.71%,No,1,6,376.30865478515625,1018.71337890625,1420.1610677083333,39.407324681757,1423.7519323470744,39.7598148633031
ATGL,Yes,2021-04-01,2021-09-28,32.92%,No,4,9,1059.2669677734375,1407.92919921875,1707.5845759465144,21.283412325992035,1742.2491145604092,23.745506203520105
ATGL,Yes,2021-04-07,2021-10-04,27.77%,No,4,10,1102.1610107421875,1408.2786865234375,1707.5845759465144,21.253313870847652,1742.2491145604092,23.71479673965893
ATGL,Yes,2021-06-16,2021-12-13,29.83%,No,6,12,1392.5318603515625,1807.9827880859375,1696.9144318409456,-6.1432197793529335,2390.2674871706495,32.20631871729051
ATGL,Yes,2021-07-01,2021-12-28,81.86%,No,7,12,967.8201904296876,1760.08642578125,2358.1352143158783,33.978376275992936,2390.2674871706495,35.8039839498041
ATGL,Yes,2021-07-05,2022-01-03,99.41%,No,7,1,873.525390625,1741.8565673828125,2358.1352143158783,35.380562238775006,2390.2674871706495,37.22527629023394
ATGL,Yes,2021-08-02,2022-01-31,105.01%,No,8,1,887.3599243164062,1819.2203369140625,2358.1352143158783,29.62339780765508,3593.0071558459053,97.50258299886376
ATGL,Yes,2021-08-05,2022-02-01,105.66%,No,8,2,905.6396484375,1862.5718994140625,2358.1352143158783,26.60639919767461,3593.0071558459053,92.90568900863437
ATGL,Yes,2021-09-07,2022-03-07,28.53%,No,9,3,1332.7630615234375,1713.0386962890625,2414.798256928066,40.965773987430524,3693.2802934490264,115.59818242575257
ATGL,Yes,2021-10-01,2022-03-30,49.24%,No,10,3,1422.0133056640625,2122.281982421875,2434.3198932150135,14.702943029137513,3693.2802934490264,74.0240139641756
ATGL,Yes,2021-10-04,2022-04-04,68.09%,No,10,4,1408.2786865234375,2367.158935546875,3605.342325846354,52.30672819243658,3693.2802934490264,56.02164425836422
ATGL,Yes,2021-12-01,2022-05-30,59.25%,No,12,5,1624.2877197265625,2586.614013671875,3693.2802934490264,42.78436109631074,850.8304276899858,-67.1064015275254
ATGL,Yes,2022-01-31,2022-08-01,76.69%,No,1,8,1819.2203369140625,3214.364501953125,3693.2802934490264,14.899237196182968,768.5065494113499,-76.09149339023665
ATGL,Yes,2022-05-02,2022-10-31,44.81%,No,5,10,2485.427001953125,3599.17138671875,769.5992705443196,-78.61732082600437,670.1162746263587,-81.38137358228771
ATGL,Yes,2022-06-01,2022-11-28,55.01%,No,6,11,2323.307861328125,3601.46923828125,751.7527654738653,-79.12649766702913,655.5907462827621,-81.79657515010086
ATGL,Yes,2023-09-01,2024-02-28,60.75%,No,9,2,633.4469604492188,1018.2521362304688,928.0079831493144,-8.862652958945393,920.2999820349352,-9.619636503602024
ATGL,Yes,2023-11-01,2024-04-29,66.55%,No,11,4,551.4490966796875,918.4656372070312,878.9798498819041,-4.299103387819686,910.6989166259766,-0.8456190701562356
AUBANK,Yes,2017-07-11,2018-01-08,25.52%,No,7,1,281.6759948730469,353.5536193847656,344.2249450683594,-2.6385458399887094,348.60938449435764,-1.3984399025561292
AUBANK,Yes,2018-03-06,2018-09-03,25.21%,No,3,9,289.7700500488281,362.8265075683594,293.0828070746528,-19.222327762413087,293.0828070746528,-19.222327762413087
AUBANK,Yes,2019-05-16,2019-11-13,26.27%,No,5,11,318.4236145019531,402.0643005371094,403.0947739621426,0.25629567799395114,403.37353033768505,0.3256269703195996
AUBANK,Yes,2021-01-07,2021-07-06,25.48%,No,1,7,441.7906188964844,554.3775634765625,601.7146504720052,8.538781169026157,591.8913769991892,6.766834733962443
AUBANK,Yes,2021-02-01,2021-08-02,29.97%,No,2,8,468.432373046875,608.8053588867188,592.1705118815104,-2.7323752595784296,591.8606872558594,-2.7832658473711454
AUBANK,Yes,2021-04-30,2021-10-27,26.23%,No,4,10,499.6512756347656,630.7207641601562,614.3092878069197,-2.6020193540146868,635.9211276307398,0.8245112205094622
AUBANK,Yes,2021-12-28,2022-06-27,26.62%,No,12,6,490.5965576171875,621.1934204101562,620.4062204668598,-0.1267238057313348,630.8539807549838,1.555161408253321
AUBANK,Yes,2022-11-29,2023-05-29,25.99%,No,11,5,624.7650756835938,787.143310546875,723.1175939681682,-8.13393390007016,737.5061810811361,-6.305983777115891
AUBANK,Yes,2024-04-01,2024-09-30,25.79%,No,4,9,587.6947631835938,739.2882690429688,580.3738352457682,-21.495597921893193,580.3738352457682,-21.495597921893193
AUBANK,Yes,2025-01-01,2025-06-30,43.79%,No,1,6,567.8496704101562,816.4930419921875,736.1240776909722,-9.843190347969227,736.1240776909722,-9.843190347969227
AUBANK,Yes,2025-05-02,2025-10-29,29.85%,No,5,10,679.6118774414062,882.4500122070312,879.9666544596354,-0.28141625169055484,879.9666544596354,-0.28141625169055484
AUROPHARMA,Yes,2016-02-25,2016-08-23,25.20%,No,2,8,558.8849487304688,699.7501831054688,646.0320646324936,-7.676756615421783,639.6538095047225,-8.58826121831658
AUROPHARMA,Yes,2017-05-02,2017-10-30,28.81%,No,5,10,567.9161987304688,731.5508422851562,574.0866737365723,-21.524706069192785,575.9561467756305,-21.2691567715912
AUROPHARMA,Yes,2017-05-05,2017-11-01,29.52%,No,5,11,560.4937744140625,725.97216796875,574.0863921496333,-20.9217078175447,575.9561467756305,-20.664155984500095
AUROPHARMA,Yes,2018-03-12,2018-09-10,36.56%,No,3,9,557.94287109375,761.9363403320312,747.6048051137773,-1.88093603883084,753.5725818071209,-1.0976978104582458
AUROPHARMA,Yes,2018-04-02,2018-10-01,29.89%,No,4,10,567.2283325195312,736.7603759765625,742.5087524414063,0.7802233470040247,753.2761335701778,2.241672887432895
AUROPHARMA,Yes,2018-06-01,2018-11-28,47.81%,No,6,11,512.4248046875,757.4331665039062,752.5551177978516,-0.6440236474685037,740.6038106282552,-2.221893180797782
AUROPHARMA,Yes,2018-06-04,2018-12-03,51.14%,No,6,12,510.5582275390625,771.6709594726562,752.3771847455929,-2.5002592737516407,740.6038106282552,-4.025958015270089
AUROPHARMA,Yes,2018-07-13,2019-01-09,25.96%,No,7,1,576.4180908203125,726.033203125,746.1117772516214,2.7655173400058053,441.4700622558594,-39.19423239106984
AUROPHARMA,Yes,2018-08-01,2019-01-28,26.19%,No,8,1,574.0728759765625,724.4512329101562,586.7192928233045,-19.011899466797203,442.1487359515691,-38.96777093256701
AUROPHARMA,Yes,2018-08-08,2019-02-04,25.26%,No,8,2,584.7463989257812,732.4569091796875,586.7192928233045,-19.89709080901446,443.04755081668975,-39.51213439806592
AUROPHARMA,Yes,2022-11-10,2023-05-09,29.35%,No,11,5,470.9490966796875,609.1520385742188,847.5118625217013,39.12977530295845,1018.7772852060746,67.24515731583607
AUROPHARMA,Yes,2022-12-01,2023-05-30,39.66%,No,12,5,462.17669677734375,645.4542236328125,874.9290442833534,35.55245472854556,1026.4067966627038,59.020850601267185
AUROPHARMA,Yes,2022-12-05,2023-06-05,42.33%,No,12,6,459.1704406738281,653.537841796875,1026.0178934733074,56.99441223668303,866.1736277704654,32.536109215796465
AUROPHARMA,Yes,2023-01-02,2023-07-03,64.88%,No,1,7,428.5656127929687,706.6024780273438,859.8384184966217,21.686301029834212,849.7397318089262,20.25711177537696
AUROPHARMA,Yes,2023-02-01,2023-07-31,100.49%,No,2,7,406.7825622558594,815.5584716796875,859.6765032087054,5.409548556114487,1023.6488444010416,25.51507708488155
AUROPHARMA,Yes,2023-03-01,2023-08-28,78.79%,No,3,8,459.8767700195313,822.2039184570312,1038.7302541425152,26.334870319253977,1011.1371568467882,22.978878371719986
AUROPHARMA,Yes,2023-09-01,2024-02-28,25.14%,No,9,2,818.8316040039062,1024.70361328125,1239.539663809317,20.965677074186438,1242.0766760784647,21.21326205742113
AUROPHARMA,Yes,2023-09-04,2024-03-04,33.69%,No,9,3,812.9300537109375,1086.8203125,1241.169287109375,14.201885337818904,1242.0766760784647,14.285375585346797
AUROPHARMA,Yes,2023-10-04,2024-04-01,26.75%,No,10,4,875.1198120117188,1109.1864013671875,1243.7932962557165,12.135642370174397,1230.0135967548076,10.893317411635055
AUROPHARMA,Yes,2023-11-01,2024-04-29,34.65%,No,11,4,852.207763671875,1147.49267578125,1227.3530412153764,6.95955339146325,1230.0619548929149,7.1956258069751105
AUROPHARMA,Yes,2024-04-01,2024-09-30,31.20%,No,4,9,1109.1864013671875,1455.2373046875,1160.5874866303943,-20.24754430827206,1142.5162585028286,-21.489350580648125
AXISBANK,Yes,2016-01-06,2016-07-04,26.27%,No,1,7,420.2792053222656,530.6915283203125,475.9672970655488,-10.311872026291985,498.16844380696614,-6.128434839780638
AXISBANK,Yes,2016-02-01,2016-08-01,39.17%,No,2,8,389.638916015625,542.2531127929688,476.14481371502546,-12.191409789690468,498.39090014260915,-8.08888167085656
AXISBANK,Yes,2016-03-01,2016-08-29,51.70%,No,3,8,382.51556396484375,580.2713623046875,497.29638804560125,-14.299339869114194,498.16709899902344,-14.149287495348245
AXISBANK,Yes,2016-03-08,2016-09-06,55.88%,No,3,9,401.7877197265625,626.3168334960938,496.095985921224,-20.791529240556798,496.1022155761719,-20.7905345914248
AXISBANK,Yes,2016-04-04,2016-10-03,25.03%,No,4,10,433.9892578125,542.5978393554688,499.44426061751994,-7.953142384276593,501.5756217224957,-7.560335603566308
AXISBANK,Yes,2018-07-13,2019-01-09,28.13%,No,7,1,520.1793823242188,666.4860229492188,662.5961196001838,-0.5836436496930631,736.0449854013871,10.436672346761004
AXISBANK,Yes,2018-09-21,2019-03-20,26.13%,No,9,3,595.9683837890625,751.674072265625,736.3821855024858,-2.0343773089110133,725.4339706066042,-3.4908882223289037
AXISBANK,Yes,2018-10-01,2019-04-01,29.01%,No,10,4,590.2493896484375,761.470947265625,736.2993231879341,-3.3056578413240847,739.5364538881959,-2.880542383947013
AXISBANK,Yes,2018-11-01,2019-04-30,27.35%,No,11,4,598.9025268554688,762.7142333984375,736.54529717628,-3.431027647872283,737.1792839568795,-3.3479051948173946
AXISBANK,Yes,2018-11-19,2019-05-20,26.95%,No,11,5,612.9761352539062,778.1803588867188,737.1125063688859,-5.277420850943272,737.4789717118819,-5.230328253602437
AXISBANK,Yes,2018-12-03,2019-06-03,30.07%,No,12,6,621.4302368164062,808.2672729492188,737.1252964564732,-8.801788575845906,737.4789717118819,-8.758031359978661
AXISBANK,Yes,2018-12-31,2019-07-01,30.74%,No,12,7,616.5567016601562,806.0790405273438,731.5411323098575,-9.246972625503686,731.5411323098575,-9.246972625503686
AXISBANK,Yes,2022-05-04,2022-10-31,28.31%,No,5,10,704.2594604492188,903.606201171875,862.9573010896381,-4.498519380402642,855.5667959359976,-5.316409424102641
AXISBANK,Yes,2022-05-06,2022-11-02,28.43%,No,5,11,670.60009765625,861.2683715820312,862.8239559597439,0.1806155234581823,855.4167544716283,-0.679418553319716
AXISBANK,Yes,2022-06-01,2022-11-28,30.17%,No,6,11,683.1973266601562,889.3440551757812,863.6637278589709,-2.8875582140968565,954.041009364984,7.274682257409955
AXISBANK,Yes,2022-06-06,2022-12-05,33.97%,No,6,12,669.405029296875,896.8241577148438,863.6637278589709,-3.697539765249791,960.8729067201967,7.14172878310422
AXISBANK,Yes,2022-07-01,2022-12-28,43.82%,No,7,12,641.2724609375,922.2568359375,956.4842224121094,3.7112640580013996,961.1301200434847,4.215017182981235
BAJAJ-AUTO,Yes,2016-01-18,2016-07-18,25.45%,No,1,7,1726.731689453125,2166.17236328125,2228.7722351074217,2.8898841517554663,2227.7271221454325,2.841637161824986
BAJAJ-AUTO,Yes,2016-02-11,2016-08-09,26.04%,No,2,8,1788.129150390625,2253.791259765625,2227.9389250999275,-1.147059850981317,2227.9263620087595,-1.1476172713330706
BAJAJ-AUTO,Yes,2016-03-01,2016-08-29,31.00%,No,3,8,1733.1016845703125,2270.340087890625,2226.050048828125,-1.9508107749464936,2226.5778019831732,-1.9275652198922915
BAJAJ-AUTO,Yes,2016-03-08,2016-09-06,32.32%,No,3,9,1785.3280029296875,2362.28271484375,2226.779504654255,-5.736113181459636,2226.5778019831732,-5.7446516459632475
BAJAJ-AUTO,Yes,2022-11-23,2023-05-22,25.37%,No,11,5,3386.698974609375,4245.9873046875,4437.555868252841,4.5117554485820595,4476.720925071023,5.4341570953073
BAJAJ-AUTO,Yes,2022-12-05,2023-06-05,28.69%,No,12,6,3435.55810546875,4421.33642578125,4513.89404296875,2.0934307701125703,4554.20022922092,3.005059797416183
BAJAJ-AUTO,Yes,2023-02-01,2023-07-31,33.35%,No,2,7,3577.677978515625,4770.73486328125,4617.225642714389,-3.217726932351026,4653.345454001913,-2.460614824412987
BAJAJ-AUTO,Yes,2023-04-03,2023-10-03,29.45%,No,4,10,3748.9443359375,4853.01416015625,8540.847581129809,75.99057615061282,8907.836964574353,83.55266790088146
BAJAJ-AUTO,Yes,2023-05-18,2023-11-15,26.28%,No,5,11,4241.66943359375,5356.314453125,8643.68689546131,61.37377614972509,8579.13680752841,60.16865482053877
BAJAJ-AUTO,Yes,2023-06-01,2023-11-28,33.12%,No,6,11,4358.9599609375,5802.72998046875,9298.824861852134,60.249139511071405,9403.237106544384,62.048503690409206
BAJAJ-AUTO,Yes,2023-06-05,2023-12-04,35.70%,No,6,12,4421.33642578125,5999.64892578125,8641.425484035326,44.03218573176888,9403.237106544384,56.72978907378206
BAJAJ-AUTO,Yes,2023-07-03,2024-01-01,45.34%,No,7,1,4460.4345703125,6482.7783203125,8579.59806640625,32.34446162571657,8606.105655445772,32.75335404390193
BAJAJ-AUTO,Yes,2023-08-01,2024-01-29,53.31%,No,8,1,4763.52783203125,7302.85986328125,8620.005519701086,18.036025352785956,8611.984387520031,17.92618985914072
BAJAJ-AUTO,Yes,2023-08-07,2024-02-05,63.98%,No,8,2,4517.9482421875,7408.744140625,8663.258167613636,16.932883673356354,8681.596234671677,17.180402911569566
BAJAJ-AUTO,Yes,2023-09-01,2024-02-28,75.40%,No,9,2,4516.35205078125,7921.86376953125,9333.642983490567,17.821301338066988,8763.213485054348,10.620603181274879
BAJAJ-AUTO,Yes,2023-09-04,2024-03-04,76.99%,No,9,3,4486.07177734375,7939.90625,8703.51644258721,9.617370388815484,8504.869466145834,7.115489759666041
BAJAJ-AUTO,Yes,2023-10-03,2024-04-01,80.25%,No,10,4,4853.01416015625,8747.5576171875,8646.045372596154,-1.1604638578417708,8515.592140735036,-2.6517742049128117
BAJAJ-AUTO,Yes,2023-11-01,2024-04-29,63.91%,No,11,4,5170.23095703125,8474.6953125,9269.187999636628,9.374882020416328,9436.974072265624,11.354729866763268
BAJAJ-AUTO,Yes,2023-12-01,2024-05-29,50.02%,No,12,5,5849.0693359375,8774.693359375,8680.139267339939,-1.077577166090237,9436.974072265624,7.5476223016162125
BAJAJ-AUTO,Yes,2024-04-01,2024-09-30,37.65%,No,4,9,8747.5576171875,12040.7890625,8349.95321377841,-30.6527739134338,8324.595503106175,-30.86337232638341
BAJAJFINSV,Yes,2016-01-18,2016-07-18,34.46%,No,1,7,182.29446411132812,245.1103057861328,300.2597171559053,22.499833776019305,300.2597171559053,22.499833776019305
BAJAJFINSV,Yes,2016-02-01,2016-08-01,51.95%,No,2,8,185.44398498535156,281.7889404296875,303.50723741319445,7.7072921848492975,294.48745548023896,4.5063922775635055
BAJAJFINSV,Yes,2016-03-01,2016-08-29,66.77%,No,3,8,168.20367431640625,280.5088806152344,303.50723741319445,8.198798108465674,299.7854707779423,6.87200708955416
BAJAJFINSV,Yes,2016-03-08,2016-09-06,84.26%,No,3,9,166.15875244140625,306.16998291015625,303.6608648532774,-0.8195179792054008,299.89323606329447,-2.0500856377888805
BAJAJFINSV,Yes,2016-04-01,2016-09-28,85.18%,No,4,9,174.0043487548828,322.22308349609375,303.7814679827009,-5.7232446891460516,300.99868256191036,-6.586865442382464
BAJAJFINSV,Yes,2016-04-04,2016-10-03,82.42%,No,4,10,174.45761108398438,318.2384948730469,303.5514322916667,-4.615111879296443,300.740707098269,-5.498325330428099
BAJAJFINSV,Yes,2016-05-02,2016-11-01,78.21%,No,5,11,193.3448028564453,344.5620422363281,415.6565428234282,20.63329440633446,299.0529656304253,-13.207803248011007
BAJAJFINSV,Yes,2016-06-01,2016-11-28,63.57%,No,6,11,179.1644744873047,293.06048583984375,417.4284559461806,42.43764550854644,524.3759676305259,78.93096919149143
BAJAJFINSV,Yes,2016-06-06,2016-12-05,62.47%,No,6,12,185.88357543945312,302.0010070800781,417.4284559461806,38.2208821030507,523.8879898426145,73.4722658403921
BAJAJFINSV,Yes,2016-07-04,2017-01-02,25.42%,No,7,1,234.2720947265625,293.8325500488281,416.6383723769077,41.79449223977129,503.1467157537287,71.23586739117822
BAJAJFINSV,Yes,2016-08-08,2017-02-06,40.87%,No,8,2,263.1905822753906,370.76605224609375,410.75960257393973,10.78673467691171,497.4272034843013,34.16201415175329
BAJAJFINSV,Yes,2016-09-01,2017-02-28,29.16%,No,9,2,301.8914489746094,389.9122314453125,406.6105965750558,4.282595872370153,501.856664856868,28.710162027132093
BAJAJFINSV,Yes,2016-09-02,2017-03-01,28.55%,No,9,3,304.0780334472656,390.87847900390625,406.6105965750558,4.024810373607788,501.856664856868,28.391991837404966
BAJAJFINSV,Yes,2016-10-03,2017-04-03,28.28%,No,10,4,318.2384948730469,408.2515563964844,527.336385672433,29.169473431301817,508.30799286941004,24.50852541900739
BAJAJFINSV,Yes,2016-11-01,2017-05-02,32.01%,No,11,5,344.5620422363281,454.86187744140625,508.32970227693255,11.754738633248913,508.30799286941004,11.74996588604824
BAJAJFINSV,Yes,2016-12-01,2017-05-30,41.34%,No,12,5,292.8015441894531,413.8549499511719,496.7962837967218,20.0411602797878,496.6709439637231,20.01087434675414
BAJAJFINSV,Yes,2016-12-05,2017-06-05,41.99%,No,12,6,302.0010070800781,428.8222351074219,496.91158888075086,15.878223701779898,496.6709439637231,15.8221060620387
BAJAJFINSV,Yes,2017-02-01,2017-07-31,50.04%,No,2,7,331.5621032714844,497.478271484375,501.44549560546875,0.7974668138281401,511.90096121123344,2.899159732911356
BAJAJFINSV,Yes,2018-11-01,2019-04-30,39.62%,No,11,4,536.9641723632812,749.691162109375,817.7275358501233,9.075253541647363,951.9547630132631,26.97958988002305
BAJAJFINSV,Yes,2018-12-31,2019-07-01,31.56%,No,12,7,645.6678466796875,849.4379272460938,905.3799903506324,6.585774111347334,951.9547630132631,12.068784837466863
BAJAJFINSV,Yes,2021-01-01,2021-06-30,36.51%,No,1,6,885.0538330078125,1208.1868896484375,1644.7216217041016,36.13139124384047,1616.8855503627233,33.82743714701377
BAJAJFINSV,Yes,2021-07-01,2021-12-28,36.29%,No,7,12,1178.992431640625,1606.8603515625,1640.6543100717906,2.1031048825387733,1642.7434829028684,2.2331207130399306
BAJAJHLDNG,Yes,2016-01-25,2016-07-25,25.88%,No,1,7,1258.3309326171875,1583.9766845703125,1791.4272334657867,13.096818338064717,1852.1374930245536,16.929593160456488
BAJAJHLDNG,Yes,2016-02-01,2016-08-01,27.63%,No,2,8,1261.7569580078125,1610.338134765625,1792.0382771809896,11.283353383530839,1821.2914748418898,13.099940659789924
BAJAJHLDNG,Yes,2016-03-01,2016-08-29,30.23%,No,3,8,1204.591064453125,1568.7813720703125,1852.3833729137075,18.077853669891997,1825.0542175833102,16.33579095695124
BAJAJHLDNG,Yes,2016-03-08,2016-09-06,34.26%,No,3,9,1218.93603515625,1636.5250244140625,1851.7880605061848,13.153666022870295,1825.0542175833102,11.520092290476784
BAJAJHLDNG,Yes,2016-04-01,2016-09-28,32.16%,No,4,9,1292.25439453125,1707.8154296875,1852.0898146856398,8.447890942438637,1825.0542175833102,6.864839481937627
BAJAJHLDNG,Yes,2016-04-04,2016-10-03,32.04%,No,4,10,1285.541748046875,1697.4808349609375,1852.0844708066998,9.107828062713887,1825.0542175833102,7.515453488186713
BAJAJHLDNG,Yes,2016-05-02,2016-11-01,52.61%,No,5,11,1257.165771484375,1918.620849609375,1820.197629694353,-5.129894212035723,1825.4869056114783,-4.8542130675197495
BAJAJHLDNG,Yes,2016-06-01,2016-11-28,37.21%,No,6,11,1323.376220703125,1815.8455810546875,1824.6459583400451,0.48464348384988515,1825.7813431258055,0.5471699892755788
BAJAJHLDNG,Yes,2016-06-06,2016-12-05,28.52%,No,6,12,1346.8699951171875,1730.9364013671875,1825.3428266809342,5.454066668144444,1826.0443548387098,5.494595491573279
BAJAJHLDNG,Yes,2017-05-02,2017-10-30,44.80%,No,5,10,1809.758544921875,2620.539306640625,2524.204621345766,-3.6761396805131006,2344.0404566714637,-10.551219333688083
BAJAJHLDNG,Yes,2017-07-03,2018-01-01,38.21%,No,7,1,1843.0390625,2547.177001953125,2341.5274983723957,-8.073624385860947,2699.6069113991475,5.984268440282802
BAJAJHLDNG,Yes,2018-10-05,2019-04-03,26.01%,No,10,4,2436.586669921875,3070.375732421875,3000.3091922883063,-2.2820184316106817,3034.4353849991508,-1.170552093778273
BAJAJHLDNG,Yes,2018-12-13,2019-06-11,25.44%,No,12,6,2703.181640625,3390.96630859375,3063.6006303267045,-9.654052811949217,3050.324074328785,-10.04558002837341
BAJAJHLDNG,Yes,2021-07-01,2021-12-28,44.84%,No,7,12,3330.235107421875,4823.5302734375,4656.789442274306,-3.4568214919560587,4656.789442274306,-3.4568214919560587
BAJAJHLDNG,Yes,2021-08-02,2022-01-31,31.64%,No,8,1,3714.078369140625,4889.09326171875,4656.789442274306,-4.751470405839189,4656.789442274306,-4.751470405839189
BAJAJHLDNG,Yes,2021-08-05,2022-02-01,34.59%,No,8,2,3677.840576171875,4949.82373046875,4656.789442274306,-5.92009542462422,4656.789442274306,-5.92009542462422
BAJAJHLDNG,Yes,2023-09-05,2024-03-04,25.28%,No,9,3,6960.296875,8719.775390625,8160.209906684027,-6.417200660266836,7992.369974772136,-8.342020101055914
BAJAJHLDNG,Yes,2024-11-18,2025-05-19,30.78%,No,11,5,10610.6953125,13876.1552734375,13683.1358203125,-1.3910153736495612,13683.1358203125,-1.3910153736495612
BAJFINANCE,Yes,2015-11-30,2016-05-30,38.33%,No,11,5,53.63325881958008,74.18987274169922,103.29388532967403,39.22909086163802,104.64499759674072,41.05024544397671
BAJFINANCE,Yes,2015-12-01,2016-05-30,36.78%,No,12,5,54.24110794067383,74.18987274169922,103.29388532967403,39.22909086163802,104.64499759674072,41.05024544397671
BAJFINANCE,Yes,2015-12-04,2016-06-01,40.69%,No,12,6,52.724365234375,74.17967987060547,103.28747952368951,39.23958650651758,105.19861721462674,41.81594932484047
BAJFINANCE,Yes,2016-01-01,2016-06-29,26.43%,No,1,6,59.00384140014648,74.60093688964844,105.47777281867133,41.38934069245896,103.12628888069315,38.23725703772343
BAJFINANCE,Yes,2016-01-04,2016-07-04,35.93%,No,1,7,58.58375930786133,79.6341552734375,105.47777281867133,32.45293110286075,103.12628888069315,29.500072583920044
BAJFINANCE,Yes,2016-02-01,2016-08-01,87.68%,No,2,8,58.1065673828125,109.05472564697266,104.88164802219556,-3.826590365543629,105.93887636738438,-2.85714283457534
BAJFINANCE,Yes,2016-03-01,2016-08-29,73.66%,No,3,8,60.09760665893555,104.36613464355467,105.24340801239013,0.8405728274134547,109.81909656524658,5.22483844047267
BAJFINANCE,Yes,2016-03-08,2016-09-06,79.67%,No,3,9,60.91260528564453,109.4394073486328,105.83606614006891,-3.292544519256212,104.31374753754714,-4.683559547026082
BAJFINANCE,Yes,2016-04-01,2016-09-28,60.96%,No,4,9,66.75530242919922,107.44944763183594,103.14944004368138,-4.001888965393357,103.92357222239177,-3.2814272080068796
BAJFINANCE,Yes,2016-04-04,2016-10-03,58.32%,No,4,10,66.6795883178711,105.56487274169922,103.16588457892922,-2.272525036467335,103.98760579427083,-1.4941210143716184
BAJFINANCE,Yes,2016-05-02,2016-11-01,50.51%,No,5,11,68.46601867675781,103.04888153076172,87.47898448597302,-15.109234388090709,127.03152935321515,23.273079208816284
BAJFINANCE,Yes,2017-02-01,2017-07-31,60.16%,No,2,7,103.56859588623048,165.8705596923828,164.38756561279297,-0.8940670860098066,172.25447447870818,3.8487328903723044
BAJFINANCE,Yes,2017-05-02,2017-10-30,42.59%,No,5,10,123.23511505126952,175.7267303466797,162.35558993999774,-7.6090532045425885,163.24423119329637,-7.103358224874164
BAJFINANCE,Yes,2017-06-01,2017-11-28,33.42%,No,6,11,128.94224548339844,172.03553771972656,163.09768371582032,-5.195353310353489,163.09768371582032,-5.195353310353489
BAJFINANCE,Yes,2017-06-06,2017-12-04,25.71%,No,6,12,129.84567260742188,163.22633361816406,162.94268664979097,-0.173775249425517,162.94268664979097,-0.173775249425517
BAJFINANCE,Yes,2017-07-04,2018-01-01,25.41%,No,7,1,134.01312255859375,168.0667724609375,162.43090885243518,-3.3533479140335256,162.43090885243518,-3.3533479140335256
BAJFINANCE,Yes,2018-09-24,2019-03-25,26.05%,No,9,3,220.5652313232422,278.02850341796875,393.0107869466146,41.356293371039534,335.7148672250601,20.748363242588006
BAJFINANCE,Yes,2018-10-01,2019-04-01,35.90%,No,10,4,215.4627990722656,292.82354736328125,394.8380452473958,34.838215301569946,333.99652765447445,14.060679430303255
BAJFINANCE,Yes,2018-11-01,2019-04-30,28.03%,No,11,4,235.9115295410156,302.04302978515625,407.8488311767578,35.03004239722447,404.00221925623276,33.756511296950066
BAJFINANCE,Yes,2018-12-31,2019-07-01,39.84%,No,12,7,258.06268310546875,360.8769836425781,407.9674776038345,13.048904778004905,401.8262008275741,11.3471401727169
BAJFINANCE,Yes,2024-08-06,2025-02-03,28.87%,No,8,2,649.8252563476562,837.4127197265625,912.5890946821733,8.977219139943065,912.5890946821733,8.977219139943065
BANKBARODA,Yes,2016-01-15,2016-07-13,26.95%,No,1,7,111.03036499023438,140.95530700683594,143.3789349067502,1.7194300458632086,141.8855539049421,0.6599587612980389
BANKBARODA,Yes,2016-02-09,2016-08-08,26.71%,No,2,8,109.402099609375,138.6229248046875,141.6919585518215,2.213943870725646,141.92445098376666,2.381659587496686
BANKBARODA,Yes,2016-05-19,2016-11-15,27.04%,No,5,11,120.7559814453125,153.4093780517578,142.11419312850288,-7.362773428000032,143.2846962257668,-6.599780244578736
BANKBARODA,Yes,2016-08-11,2017-02-07,28.16%,No,8,2,128.45724487304688,164.63124084472656,143.5764264558491,-12.789075925592709,143.73134857753539,-12.694973420569125
BANKBARODA,Yes,2016-11-02,2017-05-02,25.77%,No,11,5,132.02182006835938,166.03945922851562,143.89173380533853,-13.338832543832712,125.05782198438457,-24.681866247064278
BANKBARODA,Yes,2018-10-01,2019-04-01,27.11%,No,10,4,92.55224609375,117.64064025878906,89.07710399627686,-24.280330504558087,88.76545938345102,-24.545242878496445
BANKBARODA,Yes,2018-12-06,2019-06-04,25.99%,No,12,6,93.30577850341795,117.55199432373048,86.6733329207809,-26.268088075062156,86.3858660116963,-26.5126325515199
BANKBARODA,Yes,2021-01-01,2021-06-30,33.18%,No,1,6,57.18026351928711,76.15170288085938,70.68116076787312,-7.183742327528784,70.89779214298024,-6.89926887925142
BANKBARODA,Yes,2021-04-12,2021-10-11,32.38%,No,4,10,58.59868621826172,77.57013702392578,90.18597881610577,16.263786911048967,90.56945786386166,16.75815118893803
BANKBARODA,Yes,2021-07-30,2022-01-27,28.89%,No,7,1,71.18721771240234,91.75438690185548,90.37146034240723,-1.5072048390748767,96.14740426199776,4.7878008981099125
BANKBARODA,Yes,2021-08-02,2022-01-31,33.19%,No,8,1,71.58615112304688,95.34476470947266,90.34054702367538,-5.248550039475943,96.16199770840731,0.8571346328504422
BANKBARODA,Yes,2021-09-01,2022-02-28,35.99%,No,9,2,69.45850372314453,94.458251953125,92.73854241004356,-1.8206027610322952,88.30360325899991,-6.51573427081769
BANKBARODA,Yes,2021-09-02,2022-03-02,31.51%,No,9,3,69.50283813476562,91.39977264404295,92.77377319335938,1.503286616113888,88.23159931981286,-3.466281405938031
BANKBARODA,Yes,2021-10-01,2022-03-30,38.27%,No,10,3,73.09321594238281,101.06279754638672,88.583424949646,-12.348136900735229,152.55492364792596,50.95062411853869
BANKBARODA,Yes,2022-03-02,2022-08-29,26.19%,No,3,8,91.39977264404295,115.33837127685548,167.38410467850534,45.12438733569466,168.35099955967493,45.96269887977627
BANKBARODA,Yes,2022-03-04,2022-09-01,36.72%,No,3,9,89.13916015625,121.86781311035156,167.45866355895996,37.410083339499806,168.35099955967493,38.142299646611974
BANKBARODA,Yes,2022-05-02,2022-10-31,34.94%,No,5,10,99.95465850830078,134.88104248046875,167.70101066257644,24.332528558904144,165.0968773581765,22.40183966704076
BANKBARODA,Yes,2022-06-01,2022-11-28,69.76%,No,6,11,90.2916259765625,153.2822265625,166.56371927261353,8.66473107023799,169.19033745659723,10.378314075187829
BANKBARODA,Yes,2022-06-06,2022-12-05,73.57%,No,6,12,90.46893310546876,157.02638244628906,166.56371927261353,6.073716198350754,169.19033745659723,7.746440324745339
BANKBARODA,Yes,2022-07-01,2022-12-28,87.52%,No,7,12,88.5356674194336,166.02149963378906,169.1640827178955,1.8928771821952923,168.41319610595704,1.4405944274949891
BANKBARODA,Yes,2022-10-31,2023-05-02,27.35%,No,10,5,134.88104248046875,171.7747344970703,186.36842541816907,8.495830870486753,187.13738194218388,8.94348490195197
BANKBARODA,Yes,2023-02-01,2023-07-31,34.69%,No,2,7,141.18222045898438,190.1554718017578,181.14024963378907,-4.740974363003004,181.84244028727213,-4.371702499916618
BANKBARODA,Yes,2023-11-01,2024-04-29,39.44%,No,11,4,183.8545684814453,256.3619384765625,234.58975113269895,-8.492753438067032,238.90014382014198,-6.811383452702727
BANKBARODA,Yes,2023-12-01,2024-05-29,30.49%,No,12,5,189.8263397216797,247.70994567871097,241.88130285384807,-2.3530112240317003,238.78619541841394,-3.6024997849183915
BANKINDIA,Yes,2016-02-11,2016-08-09,29.58%,No,2,8,74.89257049560547,97.0438995361328,101.95671230167538,5.0624642960821795,101.95671230167538,5.0624642960821795
BANKINDIA,Yes,2016-03-01,2016-08-29,28.51%,No,3,8,76.16715240478516,97.87896728515624,102.19891047823256,4.413556163185494,102.19891047823256,4.413556163185494
BANKINDIA,Yes,2016-03-08,2016-09-06,29.08%,No,3,9,81.30943298339844,104.95508575439452,102.1573281288147,-2.6656713254723594,102.1573281288147,-2.6656713254723594
BANKINDIA,Yes,2016-04-06,2016-10-03,25.36%,No,4,10,81.61708068847656,102.3180160522461,101.9534891165939,-0.3562685729422834,125.97507618091724,23.121109108088326
BANKINDIA,Yes,2016-05-02,2016-11-01,26.36%,No,5,11,79.19977569580078,100.0765151977539,102.2630861070421,2.18489912939861,126.61703021709735,26.52022301825625
BANKINDIA,Yes,2016-06-01,2016-11-28,37.17%,No,6,11,75.55183410644531,103.63655090332033,125.88971524122285,21.47231275446621,123.35070205061403,19.02239217289708
BANKINDIA,Yes,2016-06-06,2016-12-05,38.93%,No,6,12,74.27725982666016,103.19705200195312,125.91781964509383,22.016876647513815,123.35070205061403,19.52928853847441
BANKINDIA,Yes,2016-08-11,2017-02-07,28.62%,No,8,2,91.06655883789062,117.12953186035156,126.53594223333864,8.030776033666672,126.69044372013637,8.162682551471194
BANKINDIA,Yes,2016-10-10,2017-04-10,25.41%,No,10,4,102.05431365966795,127.98543548583984,126.46145257284475,-1.1907471402585543,127.45662241133432,-0.41318222850757774
BANKINDIA,Yes,2016-11-01,2017-05-02,57.93%,No,11,5,100.0765151977539,158.04795837402344,126.39168094453358,-20.029538979918165,126.98789814540318,-19.652300825750654
BANKINDIA,Yes,2016-12-01,2017-05-30,25.73%,No,12,5,102.66963958740234,129.08421325683594,122.69555030678804,-4.949220968900763,126.2164009639195,-2.2216599695350965
BANKINDIA,Yes,2016-12-06,2017-06-05,25.21%,No,12,6,102.84542846679688,128.77655029296875,123.5759049654007,-4.038503373274483,126.16146205021785,-2.0307177330045976
BANKINDIA,Yes,2017-01-02,2017-07-03,30.01%,No,1,7,94.4507827758789,122.79920959472656,126.88874689737956,3.3302635384622365,89.49509948154666,-27.12078540496575
BANKINDIA,Yes,2017-02-01,2017-07-31,37.02%,No,2,7,106.49337768554688,145.91744995117188,126.56834203546697,-13.260311170582865,87.01329403831845,-40.36813686955497
BANKINDIA,Yes,2018-07-12,2019-01-08,28.23%,No,7,1,74.58491516113281,95.6374740600586,74.6464474995931,-21.94853718876297,58.815067756466746,-38.50206905346334
BANKINDIA,Yes,2018-09-27,2019-03-26,26.60%,No,9,3,70.71721649169922,89.52826690673828,58.619700007968476,-34.52380791752319,57.983183632434255,-35.23477485291275
BANKINDIA,Yes,2021-01-01,2021-06-30,55.33%,No,1,6,44.08289337158203,68.47571563720703,48.977813454561456,-28.474185338854895,47.36397334507534,-30.83099182779537
BANKINDIA,Yes,2022-05-02,2022-10-31,31.97%,No,5,10,41.929290771484375,55.333274841308594,68.9664853182706,24.638358232114335,68.8077517747879,24.35149007920285
BANKINDIA,Yes,2022-07-01,2022-12-28,103.47%,No,7,12,39.336181640625,80.03809356689453,68.23792717673562,-14.743187730098196,68.92936995933796,-13.87929561099813
BANKINDIA,Yes,2022-08-01,2023-01-30,59.41%,No,8,1,45.13909912109375,71.95622253417969,68.45641895050699,-4.863795597399893,71.50034046173096,-0.6335547592596087
BANKINDIA,Yes,2022-09-01,2023-02-28,37.31%,No,9,2,47.38916015625,65.0682601928711,69.3632970410724,6.6008171041768104,68.36348019616078,5.0642509781607945
BANKINDIA,Yes,2022-10-31,2023-05-02,40.58%,No,10,5,55.333274841308594,77.78802490234375,69.07059745788574,-11.206644538670316,69.49763176657937,-10.65767275383616
BANKINDIA,Yes,2023-11-01,2024-04-29,58.75%,No,11,4,92.5106201171875,146.85646057128906,114.53911933120416,-22.00607389989287,114.27453002929687,-22.186242549523946
BDL,Yes,2019-02-06,2019-08-05,25.90%,No,2,8,104.63875579833984,131.73765563964844,130.7471452743288,-0.751880971701099,131.1334937201606,-0.4586098914196897
BDL,Yes,2019-05-14,2019-11-11,28.12%,No,5,11,119.3147201538086,152.8604736328125,133.85755950927734,-12.431542093204703,137.58384971618653,-9.993835262686728
BDL,Yes,2021-01-28,2021-07-27,25.10%,No,1,7,155.05197143554688,193.9744110107422,189.42013000488282,-2.347877218509586,189.42013000488282,-2.347877218509586
BDL,Yes,2021-04-19,2021-10-18,26.92%,No,4,10,156.7224578857422,198.9093780517578,195.7487823486328,-1.5889626392087952,196.84637615497294,-1.0371566775740753
BDL,Yes,2021-08-09,2022-02-07,25.38%,No,8,2,188.2544403076172,236.02883911132812,357.2135664995979,51.34318663962516,469.62629235309106,98.96987763075072
BDL,Yes,2021-09-13,2022-03-14,32.26%,No,9,3,185.7549743652344,245.6732482910156,405.6150546603733,65.10346872602769,454.72833645728326,85.09477105078555
BDL,Yes,2021-10-01,2022-03-30,47.78%,No,10,3,181.84213256835935,268.7281188964844,408.91777973790323,52.16784213617062,455.79932586240096,69.61355876493799
BDL,Yes,2021-10-04,2022-04-04,56.23%,No,10,4,181.93841552734375,284.2447814941406,456.6596059491557,60.65716441607538,456.707382436899,60.67397263591048
BDL,Yes,2021-11-01,2022-05-02,75.20%,No,11,5,199.70375061035156,349.88494873046875,460.36307634626115,31.57555877057701,460.8326947442416,31.709779576497482
BDL,Yes,2021-12-01,2022-05-30,84.17%,No,12,5,198.40386962890625,365.4016418457031,462.487096838049,26.56951799722395,449.76813665426005,23.088701622249978
BDL,Yes,2021-12-03,2022-06-01,99.32%,No,12,6,199.7278289794922,398.099365234375,462.6798754240337,16.222208782382232,453.42977207728796,13.898642317688203
BDL,Yes,2022-01-31,2022-08-01,67.69%,No,1,8,239.71189880371097,401.96630859375,450.3864729597762,12.045826560793275,466.37245649857954,16.02277268713136
BDL,Yes,2022-03-02,2022-08-29,74.90%,No,3,8,226.97488403320312,396.9735412597656,454.9097194297641,14.594468433876568,466.9535562020761,17.628382667578837
BDL,Yes,2022-03-04,2022-09-01,81.94%,No,3,9,223.54847717285156,406.7143249511719,450.3350911043128,10.7251609980489,466.9535562020761,14.81118995701374
BDL,Yes,2022-04-01,2022-09-28,45.23%,No,4,9,278.322021484375,404.1933898925781,464.63605790571734,14.953898189478796,467.0720819437279,15.55658593720717
BDL,Yes,2022-05-02,2022-10-31,34.21%,No,5,10,349.88494873046875,469.5661315917969,466.6854696468431,-0.6134731087160239,467.16976755969927,-0.5103357910363124
BDL,Yes,2022-06-20,2022-12-19,29.43%,No,6,12,351.108642578125,454.4235534667969,449.29376644558374,-1.1288558839166658,452.56356581202095,-0.4093070529874776
BDL,Yes,2022-07-01,2022-12-28,38.21%,No,7,12,326.58538818359375,451.3607482910156,449.4626579284668,-0.4205262353307318,462.371968296596,2.4395608274029295
BDL,Yes,2022-07-04,2023-01-02,39.83%,No,7,1,331.1620788574219,463.0484313964844,449.4626579284668,-2.9339854207139693,462.3808092715135,-0.14417976170601166
BDL,Yes,2023-02-01,2023-07-31,36.24%,No,2,7,445.7006530761719,607.2320556640625,878.3754679361979,44.65235485231685,532.3617568969727,-12.32976719010864
BDL,Yes,2023-08-01,2024-01-29,36.96%,No,8,1,605.6985473632812,829.5403442382812,847.8300335858319,2.204798051666189,847.8300335858319,2.204798051666189
BDL,Yes,2023-09-01,2024-02-28,59.99%,No,9,2,565.6549682617188,905.0138549804688,1122.0859716796874,23.985502045590597,1207.1402449174361,33.383620402528265
BDL,Yes,2023-11-01,2024-04-29,101.30%,No,11,4,487.8541870117187,982.0440063476562,1200.4913844058387,22.244153688246158,1199.4146806432846,22.13451463382551
BDL,Yes,2025-01-01,2025-06-30,71.99%,No,1,6,1129.3570556640625,1942.41552734375,1508.8624698414521,-22.320304352961024,1508.8624698414521,-22.320304352961024
BEL,Yes,2016-06-03,2016-11-30,27.36%,No,6,11,28.93447494506836,36.85002517700195,44.46093172345843,20.653734997191894,39.41841241587763,6.969838491395676
BEL,Yes,2016-07-27,2017-01-23,25.68%,No,7,1,30.854076385498047,38.776973724365234,46.723379837839225,20.492589674374003,46.84662777040063,20.810427609426586
BEL,Yes,2016-08-01,2017-01-30,29.25%,No,8,1,31.39946174621582,40.584835052490234,46.4178961617606,14.372514023344438,46.84662777040063,15.4288977885748
BEL,Yes,2016-08-05,2017-02-01,26.01%,No,8,2,31.871461868286133,40.16231918334961,46.503123333579616,15.787943224301552,46.84662777040063,16.64323356561088
BEL,Yes,2016-09-02,2017-03-01,25.03%,No,9,3,31.21517562866211,39.02702331542969,46.84662777040063,20.03638451175289,44.01652234099632,12.78472863595002
BEL,Yes,2016-10-03,2017-04-03,26.58%,No,10,4,32.59539794921875,41.25879669189453,46.92818853590224,13.741049905901598,43.88550303532527,6.366415295739267
BEL,Yes,2016-11-01,2017-05-02,38.70%,No,11,5,34.06269454956055,47.245059967041016,46.97448783085264,-0.5726993179332048,44.64537837893464,-5.5025469116135355
BEL,Yes,2017-02-27,2017-08-28,26.72%,No,2,8,38.6909294128418,49.029518127441406,50.91414842605591,3.8438686950090415,50.08768913269043,2.1582325212712483
BEL,Yes,2017-03-01,2017-08-28,25.63%,No,3,8,39.02702331542969,49.029518127441406,50.91414842605591,3.8438686950090415,50.08768913269043,2.1582325212712483
BEL,Yes,2017-03-06,2017-09-04,26.78%,No,3,9,39.25666046142578,49.769439697265625,50.76918714474409,2.0087576905821374,52.33580441908403,5.156507160677159
BEL,Yes,2017-06-27,2017-12-26,28.60%,No,6,12,41.426513671875,53.2756462097168,33.05891720841571,-37.9474120721483,33.05891720841571,-37.9474120721483
BEL,Yes,2018-12-03,2019-06-03,32.00%,No,12,6,24.664812088012695,32.5569953918457,32.45471329689026,-0.3141631889687808,29.651682016800862,-8.923776104267017
BEL,Yes,2018-12-31,2019-07-01,27.47%,No,12,7,25.460918426513672,32.45452880859375,29.651682016800862,-8.63622703729013,29.651682016800862,-8.63622703729013
BEL,Yes,2019-01-01,2019-07-01,28.20%,No,1,7,25.316173553466797,32.45452880859375,29.651682016800862,-8.63622703729013,29.651682016800862,-8.63622703729013
BEL,Yes,2019-04-22,2019-10-22,31.31%,No,4,10,26.174413681030273,34.369140625,29.71846043786337,-13.531557969051283,29.620090807401215,-13.81777295340443
BEL,Yes,2019-05-02,2019-10-29,36.88%,No,5,10,25.83772087097168,35.36728286743164,29.71101358662481,-15.992942692285448,29.620090807401215,-16.250024299499668
BEL,Yes,2019-05-06,2019-11-04,37.80%,No,5,11,25.83772087097168,35.60565185546875,29.678850539187167,-16.645675636946027,30.30263837178548,-14.893740761184148
BEL,Yes,2021-01-01,2021-06-30,43.82%,No,1,6,38.78839111328125,55.78424072265625,66.14727066974251,18.57698484883637,65.77047119140624,17.901526200560404
BEL,Yes,2021-04-01,2021-09-28,67.84%,No,4,9,39.51905822753906,66.32760620117188,65.30455316281787,-1.5424241834555033,66.38477608009622,0.0861931889279177
BEL,Yes,2022-01-31,2022-08-01,37.55%,No,1,8,66.1226577758789,90.95068359375,96.21071014404296,5.783383194554048,104.69677734375,15.113788271674533
BEL,Yes,2022-07-01,2022-12-28,30.93%,No,7,12,73.5414047241211,96.2900848388672,94.19180831909179,-2.1791200239221804,91.53896111382379,-4.934177525125242
BEL,Yes,2023-02-01,2023-07-31,45.56%,No,2,7,87.7953109741211,127.79425811767578,136.9808924248878,7.1886127299653495,133.40341720581054,4.3892105723323835
BEL,Yes,2023-09-01,2024-02-28,49.75%,No,9,2,135.404052734375,202.76910400390625,294.68886108398436,45.3322302387386,281.1746970728824,38.66742591487986
BEL,Yes,2023-11-01,2024-04-29,79.11%,No,11,4,130.05075073242188,232.93064880371097,283.10507887236923,21.540501572611817,282.7232931813886,21.376596267345462
BEL,Yes,2023-12-01,2024-05-29,99.60%,No,12,5,144.83370971679688,289.0853576660156,282.47977629162017,-2.2849934108482164,294.315871294807,1.8093319118688267
BHARATFORG,Yes,2016-05-20,2016-11-16,25.54%,No,5,11,336.083740234375,421.9114685058594,527.1387532552084,24.94060782988354,531.4531069155092,25.963181043069604
BHARATFORG,Yes,2016-06-13,2016-12-12,30.19%,No,6,12,348.0099182128906,453.0809326171875,536.2072509765625,18.346902810321797,536.83206126729,18.48480538925363
BHARATFORG,Yes,2016-07-14,2017-01-10,27.84%,No,7,1,340.73736572265625,435.6007995605469,533.2654942103794,22.420687645284616,528.4441857910156,21.313869562253597
BHARATFORG,Yes,2016-08-01,2017-01-30,26.90%,No,8,1,350.89080810546875,445.2885437011719,535.037270059391,20.15518423452826,531.4643824650691,19.352808416676638
BHARATFORG,Yes,2016-08-22,2017-02-20,29.42%,No,8,2,390.1803283691406,504.95751953125,528.921994231468,4.745839753503256,537.4915415445963,6.442922573674617
BHARATFORG,Yes,2016-10-24,2017-04-24,28.04%,No,10,4,415.00823974609375,531.3949584960938,545.3413345336915,2.6244840705804737,530.705048828125,-0.12982992347561928
BHARATFORG,Yes,2016-11-01,2017-05-02,34.58%,No,11,5,405.6246337890625,545.8917846679688,545.544473748458,-0.06362266831364385,530.6649581245754,-2.789348909629567
BHARATFORG,Yes,2016-12-01,2017-05-30,27.82%,No,12,5,420.1797790527344,537.0715942382812,535.8769688197544,-0.22243317861953335,686.8121450918692,27.880929183373066
BHARATFORG,Yes,2016-12-05,2017-06-05,36.28%,No,12,6,408.7135314941406,556.9874267578125,535.8769688197544,-3.790113909920851,686.8121450918692,23.30837503635547
BHARATFORG,Yes,2017-03-23,2017-09-19,26.21%,No,3,9,473.0781555175781,597.0948486328125,660.4026151958265,10.602631509545226,694.7808485243056,16.360214815982406
BHARATFORG,Yes,2017-05-04,2017-10-31,25.64%,No,5,10,523.7474365234375,658.0247802734375,694.7808485243056,5.585818247694926,690.2983054421164,4.904606351643459
BHARATFORG,Yes,2017-09-01,2018-02-28,39.83%,No,9,2,533.9028930664062,746.5597534179688,597.8082359577047,-19.924931230117366,605.8769190588663,-18.844149274725208
BHARATFORG,Yes,2017-09-04,2018-03-05,36.03%,No,9,3,530.2037963867188,721.2285766601562,613.6404602050782,-14.917339653025664,600.0196420769943,-16.805897395864804
BHARATFORG,Yes,2021-01-01,2021-06-30,41.59%,No,1,6,519.8908081054688,736.1174926757812,754.5083960556402,2.4983652151789224,708.4423352050782,-3.7596114405737193
BHARATFORG,Yes,2021-01-04,2021-07-05,39.50%,No,1,7,533.9000244140625,744.8128662109375,754.9808302659255,1.3651703020001773,708.4423352050782,-4.883177057733437
BHARATFORG,Yes,2021-02-01,2021-08-02,28.37%,No,2,8,592.4977416992188,760.5986938476562,711.2264931418679,-6.491228699858556,708.6205772117332,-6.833842479137092
BHARATFORG,Yes,2021-04-12,2021-10-11,37.00%,No,4,10,561.3389892578125,769.0250854492188,707.8772684733073,-7.9513423076690115,708.189779917399,-7.910704953959119
BHARATFORG,Yes,2022-06-01,2022-11-28,25.04%,No,6,11,673.7772827148438,842.4598999023438,849.0747515144994,0.7851829639514557,835.5584781727893,-0.8191988402480045
BHARATFORG,Yes,2022-07-01,2022-12-28,36.71%,No,7,12,626.7559204101562,856.8270263671875,757.0300252278646,-11.647275128849117,760.6923466435185,-11.219846802833125
BHARATFORG,Yes,2023-03-01,2023-08-28,28.15%,No,3,8,808.1358032226562,1035.5963134765625,1088.9595133463542,5.152895889581539,1114.2432406150688,7.594361443261954
BHARATFORG,Yes,2023-11-01,2024-04-29,25.08%,No,11,4,1013.930908203125,1268.176025390625,1563.7696075439453,23.30856097537968,1568.5088020487035,23.68226260747751
BHARATFORG,Yes,2024-02-01,2024-07-30,42.70%,No,2,7,1213.6080322265625,1731.78515625,1068.167097420528,-38.319883758933905,1295.6750746506912,-25.18268966709818
BHARATFORG,Yes,2024-04-01,2024-09-30,32.55%,No,4,9,1136.2144775390625,1506.107421875,1314.8031819661458,-12.701898757705719,1203.1695987477021,-20.113958588037576
BHARTIARTL,Yes,2016-01-25,2016-07-25,25.03%,No,1,7,253.9681854248047,317.5243225097656,274.9177078973679,-13.41837824442168,314.5209794477983,-0.9458623636225362
BHARTIARTL,Yes,2016-11-17,2017-05-16,25.98%,No,11,5,254.66912841796875,320.8325500488281,318.2976164946685,-0.7901110887202186,364.8105668048469,13.707467259580023
BHARTIARTL,Yes,2016-12-22,2017-06-20,25.44%,No,12,6,250.46961975097656,314.1905212402344,365.768430384194,16.416125139727704,362.8780711780895,15.496186754987415
BHARTIARTL,Yes,2017-04-17,2017-10-16,33.15%,No,4,10,292.50738525390625,389.4765625,323.9862943082242,-16.814944594201553,325.73171881180775,-16.3667983713891
BHARTIARTL,Yes,2017-05-02,2017-10-30,42.16%,No,5,10,297.9067687988281,423.5010070800781,318.68631155831474,-24.74957409060999,325.73171881180775,-23.085963583029585
BHARTIARTL,Yes,2017-05-05,2017-11-01,56.77%,No,5,11,295.46417236328125,463.1961364746094,318.8526026407878,-31.162508161752328,325.73171881180775,-29.677367067230904
BHARTIARTL,Yes,2017-06-01,2017-11-28,34.44%,No,6,11,314.44757080078125,422.7277221679687,319.5952752295961,-24.396896993046848,325.73171881180775,-22.945266721263213
BHARTIARTL,Yes,2017-06-05,2017-12-04,30.38%,No,6,12,319.16131591796875,416.1117858886719,319.5952752295961,-23.19485146351951,325.73171881180775,-21.720141111562928
BHARTIARTL,Yes,2017-07-03,2018-01-01,38.52%,No,7,1,327.4317321777344,453.5730895996094,327.66314273410376,-27.75957166609076,325.00974217856805,-28.34457122104187
BHARTIARTL,Yes,2019-02-04,2019-08-05,27.08%,No,2,8,269.0592346191406,341.930908203125,331.84450407951107,-2.949836906122004,535.4112964386636,56.584644322531105
BHARTIARTL,Yes,2019-07-01,2019-12-30,32.14%,No,7,12,333.1365661621094,440.1990661621094,508.238320090554,15.456473936132392,540.1454342573116,22.70481147690478
BHARTIARTL,Yes,2021-03-05,2021-09-01,25.08%,No,3,9,511.14068603515625,639.3095092773438,699.0346351036659,9.342130057448015,672.0297902425131,5.118065739731501
BHARTIARTL,Yes,2021-04-01,2021-09-28,36.18%,No,4,9,499.6285095214844,680.3890991210938,672.3564071655273,-1.1806026824860654,678.7103830973307,-0.2467288241289541
BHARTIARTL,Yes,2021-08-02,2022-01-31,31.47%,No,8,1,542.1755981445312,712.7884521484375,674.495751953125,-5.372239137698328,676.8641505885769,-5.039966830492285
BHARTIARTL,Yes,2023-08-07,2024-02-05,25.50%,No,8,2,875.0910034179688,1098.197998046875,1402.2640200014469,27.687723206138394,1589.5101104200933,44.7380265896503
BHARTIARTL,Yes,2023-09-01,2024-02-28,30.35%,No,9,2,854.0115356445312,1113.1883544921875,1407.1379032841435,26.406092698126493,1590.9111700542903,42.9148233211647
BHARTIARTL,Yes,2023-09-04,2024-03-04,31.00%,No,9,3,853.3704833984375,1117.8729248046875,1423.9791291065706,27.38291602825655,1604.1138531720196,43.4969769441627
BHARTIARTL,Yes,2023-10-03,2024-04-01,31.56%,No,10,4,912.5432739257812,1200.56689453125,1434.8100899832589,19.511049031838155,1608.8005991451075,34.00341176101216
BHARTIARTL,Yes,2023-11-01,2024-04-29,45.87%,No,11,4,900.856689453125,1314.080078125,1581.4271098292152,20.344805172427563,1598.4120353323515,21.637338693472287
BHARTIARTL,Yes,2023-12-01,2024-05-29,35.71%,No,12,5,1000.7107543945312,1358.114501953125,1590.7644711449034,17.130364844584236,1610.765320824795,18.60305729070186
BHARTIARTL,Yes,2024-02-01,2024-07-30,27.72%,No,2,7,1135.328857421875,1450.078857421875,1581.2927842881945,9.048744224821501,1626.7411740860848,12.182945483275399
BHARTIARTL,Yes,2024-03-01,2024-08-28,38.66%,No,3,8,1113.1390380859375,1543.4468994140625,1572.425530327691,1.877526912304502,1585.8326098632813,2.7461722502607397
BHARTIARTL,Yes,2025-01-01,2025-06-30,25.94%,No,1,6,1582.470703125,1992.939208984375,1929.9278901198816,-3.1617280938842454,1929.9278901198816,-3.1617280938842454
BHARTIHEXA,Yes,2024-04-12,2024-10-09,76.69%,No,4,10,805.9743041992188,1424.1041259765625,1426.4446466619318,0.1643503900225183,1426.4446466619318,0.1643503900225183
BHARTIHEXA,Yes,2024-05-02,2024-10-29,62.78%,No,5,10,870.8843383789062,1417.6396484375,1349.4238920665923,-4.8119249800958945,1784.7154321289063,25.89344789389824
BHARTIHEXA,Yes,2024-05-06,2024-11-04,53.33%,No,5,11,898.2852783203125,1377.3118896484375,1348.7436970036204,-2.0741992325434184,1784.7154321289063,29.579614141315485
BHARTIHEXA,Yes,2024-06-03,2024-12-02,30.05%,No,6,12,1063.236083984375,1382.7320556640625,1784.3685052333733,29.04658555676742,1784.1640625,29.031800137384405
BHARTIHEXA,Yes,2024-07-01,2024-12-30,38.67%,No,7,12,1089.9432373046875,1511.423095703125,1783.8612293061756,18.02527263064684,1784.1640625,18.045308925889735
BHARTIHEXA,Yes,2024-07-05,2025-01-01,35.95%,No,7,1,1085.3350830078125,1475.4710693359375,1783.8612293061756,20.9011322810304,1784.1640625,20.921656790125702
BHARTIHEXA,Yes,2024-08-06,2025-02-03,26.30%,No,8,2,1082.362060546875,1367.068359375,1784.7154321289063,30.55056244186994,1784.1640625,30.51023017720116
BHARTIHEXA,Yes,2024-11-11,2025-05-12,27.89%,No,11,5,1367.267333984375,1748.666015625,1782.6689581620067,1.9445075407869412,1782.6689581620067,1.9445075407869412
BHARTIHEXA,Yes,2024-12-02,2025-06-02,33.10%,No,12,6,1382.7320556640625,1840.460205078125,1782.9695400661892,-3.123711387690417,1782.9695400661892,-3.123711387690417
BHARTIHEXA,Yes,2025-01-01,2025-06-30,31.62%,No,1,6,1475.4710693359375,1942.0008544921875,1783.1993290070563,-8.177211926441508,1783.1993290070563,-8.177211926441508
BHARTIHEXA,Yes,2025-01-02,2025-07-01,34.30%,No,1,7,1469.6033935546875,1973.72607421875,1777.2840892650463,-9.952849461719774,1777.2840892650463,-9.952849461719774
BHARTIHEXA,Yes,2025-02-01,2025-07-31,36.25%,No,2,7,1356.0789794921875,1847.699951171875,1756.9888983832466,-4.909403863495062,1756.9888983832466,-4.909403863495062
BHARTIHEXA,Yes,2025-02-03,2025-08-04,35.98%,No,2,8,1367.068359375,1859.0,1756.9888983832466,-5.48741805361772,1756.9888983832466,-5.48741805361772
BHARTIHEXA,Yes,2025-03-03,2025-09-01,37.28%,No,3,9,1289.3465576171875,1770.0,1755.815401517428,-0.8013897447780807,1755.815401517428,-0.8013897447780807
BHEL,Yes,2016-02-12,2016-08-10,30.54%,No,2,8,63.94028091430664,83.46824645996094,85.24388357309195,2.1273204942466006,85.34732916695731,2.251254562892671
BHEL,Yes,2016-03-01,2016-08-29,51.89%,No,3,8,56.80860137939453,86.2842025756836,78.19157335835118,-9.379039239812204,85.3845266977946,-1.042688987129308
BHEL,Yes,2016-03-08,2016-09-06,30.33%,No,3,9,64.8891372680664,84.57013702392578,85.39803314208984,0.9789461709513867,85.39141176457991,0.9711167198674222
BHEL,Yes,2016-09-29,2017-03-28,27.39%,No,9,3,81.6388931274414,103.99666595458984,85.29139057506214,-17.986418322002137,85.01725006103516,-18.25002342079125
BHEL,Yes,2016-10-06,2017-04-05,26.48%,No,10,4,83.541748046875,105.66258239746094,85.31560864364891,-19.256555435371375,85.01725006103516,-19.5389246296917
BHEL,Yes,2016-11-02,2017-05-02,28.77%,No,11,5,84.0942153930664,108.2848663330078,85.02752491344106,-21.477924115493277,84.71115617349115,-21.770087508831164
BHEL,Yes,2021-01-01,2021-06-30,69.38%,No,1,6,38.188232421875,64.68316650390625,57.95335693359375,-10.404267345053492,49.9534809589386,-22.772053906912735
BHEL,Yes,2021-01-04,2021-07-05,62.24%,No,1,7,40.11244583129883,65.077880859375,57.95335693359375,-10.947688879385048,49.9534809589386,-23.240461583434623
BHEL,Yes,2021-04-05,2021-10-04,33.78%,No,4,10,48.352027893066406,64.68316650390625,49.88262498643663,-22.88159704824563,49.95645049766258,-22.767463008098584
BHEL,Yes,2021-05-03,2021-11-01,34.11%,No,5,11,52.792518615722656,70.80118560791016,49.471399863561,-30.126311531661866,50.0180914742606,-29.35416117004628
BHEL,Yes,2022-05-02,2022-10-31,42.22%,No,5,10,51.707069396972656,73.53692626953125,79.93683839880902,8.702991073927247,78.31785454688134,6.501398032094496
BHEL,Yes,2022-06-01,2022-11-28,58.45%,No,6,11,51.01632308959961,80.83600616455078,78.92606957014218,-2.362730032110586,81.06130208969117,0.27870739269549183
BHEL,Yes,2022-06-06,2022-12-05,72.96%,No,6,12,50.32557678222656,87.0427017211914,77.55033004283905,-10.90541939835186,82.16218933878066,-5.6070322794478855
BHEL,Yes,2022-07-01,2022-12-28,70.19%,No,7,12,45.046329498291016,76.66510009765625,78.4478993491521,2.3254378448927997,73.83554754122882,-3.6907961416904653
BHEL,Yes,2022-07-04,2023-01-02,76.50%,No,7,1,45.095664978027344,79.59466552734375,78.42780125935873,-1.4660081303867756,74.45268906219096,-6.460202365429041
BHEL,Yes,2022-08-01,2023-01-30,36.24%,No,8,1,53.97665023803711,73.53692626953125,77.95724717960802,6.011022127679344,75.11296712616344,2.143196536194082
BHEL,Yes,2022-08-05,2023-02-01,47.30%,No,8,2,50.96697998046875,75.07617950439453,78.02996733130479,3.9343875066756158,75.37774127867164,0.40167437430597075
BHEL,Yes,2023-02-01,2023-07-31,37.63%,No,2,7,75.07617950439453,103.32907104492188,125.7438735961914,21.692639181402097,130.0000859774076,25.811724292857146
BHEL,Yes,2023-09-01,2024-02-28,65.04%,No,9,2,135.75047302246094,224.0406188964844,292.3323805067274,30.48186616632964,293.84090146151453,31.15519092423174
BHEL,Yes,2023-11-01,2024-04-29,127.81%,No,11,4,121.19332122802734,276.0874328613281,295.0419646472466,6.865409116770207,293.84090146151453,6.430379107151732
BHEL,Yes,2023-12-01,2024-05-29,72.49%,No,12,5,169.99966430664062,293.2369689941406,295.1154572457978,0.6406041701020051,231.66671340529984,-20.996757605304214
BHEL,Yes,2023-12-04,2024-06-03,78.94%,No,12,6,173.5392608642578,310.53607177734375,293.9894771575928,-5.328396963691544,231.66671340529984,-25.39780899546952
BIOCON,Yes,2015-11-30,2016-05-30,53.58%,No,11,5,74.9104232788086,115.04388427734376,153.06926727294922,33.0529373503551,155.83377244737414,35.45593790252731
BIOCON,Yes,2015-12-01,2016-05-30,51.72%,No,12,5,75.82723236083984,115.04388427734376,153.06926727294922,33.0529373503551,155.83377244737414,35.45593790252731
BIOCON,Yes,2015-12-04,2016-06-01,55.72%,No,12,6,75.25117492675781,117.1840591430664,153.06926727294922,30.622943421060082,155.93026311346824,33.06439822424805
BIOCON,Yes,2016-01-01,2016-06-29,43.53%,No,1,6,84.57341766357422,121.39057159423828,154.67395158247515,27.418422659290492,155.99189313252768,28.504126048560202
BIOCON,Yes,2016-01-04,2016-07-04,40.88%,No,1,7,86.68287658691406,122.120361328125,154.67395158247515,26.656971777934697,155.99189313252768,27.736187017489506
BIOCON,Yes,2016-02-01,2016-08-01,71.54%,No,2,8,78.97520446777344,135.47793579101562,153.5824602912454,13.363448737628616,152.18164238562952,12.329466416125905
BIOCON,Yes,2016-03-01,2016-08-29,91.84%,No,3,8,76.23290252685547,146.2443084716797,152.01701313740497,3.947302104302523,162.3413517728765,11.006953685526852
BIOCON,Yes,2016-03-08,2016-09-06,96.15%,No,3,9,77.04422760009766,151.12322998046875,152.24163818359375,0.740063723670771,162.5051918777765,7.531576646938236
BIOCON,Yes,2016-04-01,2016-09-28,97.94%,No,4,9,80.50613403320312,159.35586547851562,162.8936909642713,2.2200786115605085,162.72816833496094,2.1162088049403933
BIOCON,Yes,2016-04-04,2016-10-03,95.95%,No,4,10,80.6865234375,158.101318359375,162.93562650680542,3.0577279162478015,162.72816833496094,2.926509420414065
BIOCON,Yes,2016-05-02,2016-11-01,52.26%,No,5,11,99.63636779785156,151.7053985595703,182.19873136632583,20.1003610262305,182.0220710267412,19.98391141978142
BIOCON,Yes,2016-06-02,2016-11-29,29.71%,No,6,11,116.3312759399414,150.89364624023438,161.91892510491448,7.306655475159641,163.50767076932468,8.35954650403755
BIOCON,Yes,2016-06-06,2016-12-05,26.45%,No,6,12,119.11102294921876,150.61485290527344,161.96343793367086,7.534837905750846,163.87823134202225,8.806155688437034
BIOCON,Yes,2016-07-01,2016-12-28,25.29%,No,7,12,121.3085708618164,151.99241638183594,166.98052842881944,9.861092022729812,165.04275529840018,8.586177670719525
BIOCON,Yes,2016-07-04,2017-01-02,27.84%,No,7,1,122.120361328125,156.116943359375,166.96355106519616,6.947745371143155,165.11772173101252,5.765407762896106
BIOCON,Yes,2016-08-08,2017-02-06,30.47%,No,8,2,138.0936737060547,180.1671142578125,167.22978619831363,-7.180737790463818,171.5050277709961,-4.807806642460443
BIOCON,Yes,2016-10-27,2017-04-25,26.56%,No,10,4,151.01663208007812,191.1302947998047,169.84215060147372,-11.138027187489444,171.70154885684744,-10.165183893692767
BIOCON,Yes,2017-08-01,2018-01-29,63.38%,No,8,1,185.778564453125,303.5237731933594,308.037541265073,1.48712175795144,308.26744166782925,1.5628655457732215
BIOCON,Yes,2017-09-01,2018-02-28,86.38%,No,9,2,166.71739196777344,310.7241516113281,308.2198704310826,-0.8059499614880367,307.97790570326254,-0.8838211944016355
BIOCON,Yes,2017-09-04,2018-03-05,87.88%,No,9,3,163.61041259765625,307.3952331542969,308.14314208984376,0.2433053134468992,308.01261106679135,0.20084173269680577
BIOCON,Yes,2017-11-01,2018-04-30,83.94%,No,11,4,178.9974365234375,329.2427978515625,308.3655926739728,-6.340975509205242,308.05908014744887,-6.4340717070641
BIOCON,Yes,2024-02-01,2024-07-30,33.34%,No,2,7,269.2164611816406,358.9700622558594,337.08323342459545,-6.097118153453109,336.87815016143173,-6.154249174874482
BLUESTARCO,Yes,2015-12-11,2016-06-08,26.19%,No,12,6,159.93716430664062,201.819091796875,223.2094715663365,10.598789033789872,252.71469215724778,25.21842701165146
BLUESTARCO,Yes,2016-01-13,2016-07-11,25.77%,No,1,7,164.5279998779297,206.92584228515625,254.0514295862076,22.77414303628131,254.0514295862076,22.77414303628131
BLUESTARCO,Yes,2016-02-01,2016-08-01,37.66%,No,2,8,161.9400177001953,222.93304443359375,223.13978751046318,0.092737744372846,223.13978751046318,0.092737744372846
BLUESTARCO,Yes,2016-03-01,2016-08-29,53.54%,No,3,8,147.13226318359375,225.9100341796875,248.39598846435547,9.953499571773238,255.25030206174267,12.98758950154383
BLUESTARCO,Yes,2016-03-08,2016-09-06,54.81%,No,3,9,150.68792724609375,233.28390502929688,248.39598846435547,6.477979453044884,256.5848204872825,9.98822248584162
BLUESTARCO,Yes,2016-04-01,2016-09-28,37.88%,No,4,9,181.41505432128903,250.1384429931641,258.1527681350708,3.203955795841317,311.27612155821265,24.44153638819898
BLUESTARCO,Yes,2016-04-04,2016-10-03,46.14%,No,4,10,180.15554809570312,263.2830810546875,257.9872741699219,-2.011449753455906,311.27612155821265,18.228683860455256
BLUESTARCO,Yes,2016-05-02,2016-11-01,34.29%,No,5,11,192.6132049560547,258.6572570800781,309.5170331682478,19.662999856379017,298.2121301599451,15.29238867155431
BLUESTARCO,Yes,2016-10-04,2017-04-03,27.25%,No,10,4,257.6954650878906,327.93023681640625,310.67839928829306,-5.260825502276489,365.11806030273436,11.3401630320378
BLUESTARCO,Yes,2016-11-04,2017-05-03,27.20%,No,11,5,246.3599395751953,313.36578369140625,374.3544715143019,19.462459208040272,365.3429219172551,16.586730565655657
BLUESTARCO,Yes,2016-12-01,2017-05-30,29.67%,No,12,5,222.91014099121097,289.0457763671875,374.3544715143019,29.51390475906593,365.2449399713884,26.362316918065527
BLUESTARCO,Yes,2017-02-01,2017-07-31,34.09%,No,2,7,241.89437866210935,324.3494873046875,368.97286419535794,13.757807130045538,367.59733608312774,13.333718865358978
BLUESTARCO,Yes,2017-06-12,2017-12-11,29.82%,No,6,12,290.3740234375,376.9610900878906,367.9208341031461,-2.3981934004479735,317.74808535368544,-15.70798851425205
BLUESTARCO,Yes,2017-07-03,2018-01-01,38.25%,No,7,1,275.0766906738281,380.2941284179687,363.26961788054433,-4.476669310737631,302.65071036598897,-20.41667547563196
BLUESTARCO,Yes,2019-05-02,2019-10-29,25.82%,No,5,10,320.7453918457031,403.5582885742187,381.28502576104523,-5.519218274977189,381.28502576104523,-5.519218274977189
BLUESTARCO,Yes,2021-08-09,2022-02-07,25.95%,No,8,2,407.1091003417969,512.7568359375,489.7497769869291,-4.486933637560564,488.1035739353725,-4.8079830973004345
BLUESTARCO,Yes,2021-09-01,2022-02-28,38.62%,No,9,2,375.8285827636719,520.9847412109375,489.6522365260769,-6.014092583985036,494.9722900390625,-4.992939161982677
BLUESTARCO,Yes,2021-09-02,2022-03-02,32.57%,No,9,3,385.3952941894531,510.9068298339844,489.6522365260769,-4.160170126285849,494.6101414073597,-3.1897574029143727
BLUESTARCO,Yes,2022-07-01,2022-12-28,34.28%,No,7,12,436.296142578125,585.8544921875,727.8219799804688,24.232550861372033,731.6829709845074,24.89158668947027
BLUESTARCO,Yes,2022-08-01,2023-01-30,26.87%,No,8,1,472.4949951171875,599.4772338867188,720.3415248030323,20.161614834426363,732.9825633655895,22.270291836319977
BLUESTARCO,Yes,2023-06-01,2023-11-28,39.42%,No,6,11,710.1564331054688,990.070068359375,1693.9641151428223,71.09537691103579,1701.2037008534307,71.82659644205393
BLUESTARCO,Yes,2023-11-01,2024-04-29,57.67%,No,11,4,925.9947509765624,1460.0052490234375,1706.5069728944359,16.883619016841035,1708.253751627604,17.003260965685847
BOSCHLTD,Yes,2016-01-08,2016-07-07,25.20%,No,1,7,16427.0,20567.134765625,20742.17634548611,0.8510742106560559,20751.374609375,0.895797328356752
BOSCHLTD,Yes,2016-02-01,2016-08-01,44.38%,No,2,8,15493.8564453125,22370.1796875,20725.32605919471,-7.352885185917392,20748.835095635775,-7.247794226571183
BOSCHLTD,Yes,2016-03-01,2016-08-29,40.12%,No,3,8,15346.51953125,21503.494140625,20938.810463763297,-2.626008932171107,20674.37109375,-3.855759633540661
BOSCHLTD,Yes,2016-03-08,2016-09-06,40.78%,No,3,9,15721.779296875,22133.28515625,20944.038614908855,-5.373113538933126,20670.98013200431,-6.606814189229214
BOSCHLTD,Yes,2016-11-16,2017-05-15,26.61%,No,11,5,17350.2265625,21967.921875,18083.565651633522,-17.681946637778992,18122.00398137019,-17.50697182698265
BOSCHLTD,Yes,2016-12-19,2017-06-19,27.32%,No,12,6,17936.537109375,22835.994140625,18206.60281032986,-20.27234418518045,18122.00398137019,-20.642806834797124
BOSCHLTD,Yes,2021-04-12,2021-10-11,31.01%,No,4,10,12735.9443359375,16684.90625,13192.083196824597,-20.934028641457925,15760.303910688921,-5.541549502629534
BOSCHLTD,Yes,2021-05-03,2021-11-01,30.93%,No,5,11,12581.0498046875,16472.65625,15254.690873579546,-7.39386142669282,15233.521008003048,-7.5223766172923785
BOSCHLTD,Yes,2022-06-13,2022-12-12,27.05%,No,6,12,12999.8193359375,16516.544921875,17879.986790707237,8.255006572388236,18361.440865384615,11.169987138570248
BOSCHLTD,Yes,2022-10-03,2023-04-03,25.79%,No,10,4,14839.48046875,18666.4921875,18201.610758463543,-2.4904595055506173,18247.16594997374,-2.246411555605834
BOSCHLTD,Yes,2023-08-02,2024-01-29,27.31%,No,8,1,17801.333984375,22662.029296875,29897.986246744793,31.929872012245617,29914.042578125,32.00072326378125
BOSCHLTD,Yes,2023-08-07,2024-02-05,32.79%,No,8,2,17737.291015625,23553.251953125,29260.201283482143,24.22998463955189,30479.942431640626,29.408637466711284
BOSCHLTD,Yes,2023-09-01,2024-02-28,50.28%,No,9,2,18507.59765625,27813.048828125,29363.509261592742,5.574579194999622,34058.00168504902,22.453320006431746
BOSCHLTD,Yes,2023-09-04,2024-03-04,54.86%,No,9,3,18585.578125,28780.9921875,29363.509261592742,2.0239645329035527,33984.22686887255,18.078718924889575
BOSCHLTD,Yes,2023-11-01,2024-04-29,52.39%,No,11,4,18869.818359375,28755.220703125,33989.42177483974,18.20261136491959,33984.22686887255,18.184545407364187
BOSCHLTD,Yes,2023-12-01,2024-05-29,41.97%,No,12,5,21526.189453125,30561.705078125,34129.01554840686,11.672485095850284,33984.22686887255,11.198726582821696
BOSCHLTD,Yes,2024-02-01,2024-07-30,49.28%,No,2,7,23082.052734375,34456.87890625,26547.472778320312,-22.954505396294124,31087.690562855114,-9.777984687939226
BOSCHLTD,Yes,2024-04-01,2024-09-30,25.03%,No,4,9,29732.294921875,37174.34375,31335.80909455128,-15.705817686287249,31273.001258680557,-15.87477248019864
BOSCHLTD,Yes,2025-05-02,2025-10-29,28.67%,No,5,10,29050.705078125,37380.0,37070.0,-0.8293204922418406,37070.0,-0.8293204922418406
BPCL,Yes,2016-01-04,2016-07-04,28.34%,No,1,7,81.08397674560547,104.0598373413086,124.5438480866261,19.684838328289388,123.75445969899495,18.92624749459241
BPCL,Yes,2016-02-01,2016-08-01,39.74%,No,2,8,80.0561752319336,111.8726577758789,124.13838311900263,10.964006386347208,125.37285452622633,12.067467617863489
BPCL,Yes,2016-03-01,2016-08-29,53.84%,No,3,8,73.23297119140625,112.66290283203124,125.38494062423706,11.292126753713305,124.20729006253757,10.246839856166162
BPCL,Yes,2016-03-08,2016-09-06,48.03%,No,3,9,76.08116912841797,112.62525939941406,125.38494062423706,11.32932460521319,125.02397856165152,11.008826286709498
BPCL,Yes,2016-04-01,2016-09-28,41.01%,No,4,9,82.23050689697266,115.95550537109376,125.53895066001199,8.264760916912236,124.85523598149138,7.67512554226356
BPCL,Yes,2016-04-04,2016-10-03,43.67%,No,4,10,82.20733642578125,118.1097640991211,125.55352732340495,6.302411389152245,124.85523598149138,5.711189023042404
BPCL,Yes,2016-05-02,2016-11-01,41.57%,No,5,11,89.85807037353516,127.21610260009766,125.50592153212604,-1.344311791524971,143.9588792220406,13.160894163354195
BPCL,Yes,2016-06-01,2016-11-28,33.95%,No,6,11,91.48461151123048,122.54065704345705,124.12419357299805,1.292253989612143,144.00158139492603,17.513309353203667
BPCL,Yes,2016-06-10,2016-12-07,28.11%,No,6,12,92.8368148803711,118.9375991821289,124.89696057637532,5.010494103820657,144.02955277760825,21.096737926461824
BPCL,Yes,2016-12-02,2017-05-31,27.92%,No,12,5,114.42208099365234,146.36846923828125,146.59335065569198,0.1536406157562742,144.20348205566407,-1.4791349488616161
BPCL,Yes,2016-12-05,2017-06-05,26.31%,No,12,6,113.67887878417967,143.58949279785156,146.6211233700023,2.111317836061116,148.9156352996826,3.709284292360656
BPCL,Yes,2018-10-05,2019-04-03,41.46%,No,10,4,82.67008972167969,116.94815063476562,114.27786312103271,-2.2833088845263956,113.29368782043457,-3.124857293164137
BPCL,Yes,2018-11-01,2019-04-30,38.48%,No,11,4,88.32582092285156,122.30931091308594,123.06140793694391,0.6149139572803394,123.23878601619175,0.7599381405773012
BPCL,Yes,2018-11-02,2019-05-02,29.34%,No,11,5,94.21524810791016,121.85852813720705,123.0957759312221,1.0153149007527515,123.26388161399147,1.1532664133297788
BPCL,Yes,2019-05-02,2019-10-29,41.48%,No,5,10,121.85852813720705,172.40032958984375,157.45620913621855,-8.668266754001365,121.57626088460286,-29.480261914902385
BPCL,Yes,2019-07-01,2019-12-30,34.20%,No,7,12,121.1340560913086,162.5587615966797,154.4828062057495,-4.9680222164630035,131.96632634376994,-18.81930875483159
BPCL,Yes,2021-01-01,2021-06-30,28.93%,No,1,6,132.82415771484375,171.2543182373047,164.75706295850802,-3.79392201357137,167.6720733642578,-2.0917690776608677
BPCL,Yes,2023-07-03,2024-01-01,27.55%,No,7,1,162.50196838378906,207.2675323486328,284.21541623716,37.1249095391832,284.3742069727938,37.20152102475185
BPCL,Yes,2023-08-01,2024-01-29,38.19%,No,8,1,163.4545440673828,225.88287353515625,283.3286466778449,25.431663872359874,283.17485282790494,25.363578210293937
BPCL,Yes,2023-08-07,2024-02-05,68.76%,No,8,2,156.15863037109375,263.52618408203125,279.16638619559154,5.934970814396099,278.98266760095373,5.865255315240758
BPCL,Yes,2023-09-01,2024-02-28,85.38%,No,9,2,150.69808959960938,279.3675537109375,279.04910029197225,-0.11399083921347321,282.31788976868586,1.0560768487814736
BPCL,Yes,2023-09-04,2024-03-04,94.58%,No,9,3,150.9169921875,293.6500244140625,279.0162592869179,-4.983403340879757,282.26533277107006,-3.8769592019305956
BPCL,Yes,2024-02-01,2024-07-30,36.97%,No,2,7,233.1272735595703,319.3034362792969,247.77815983213227,-22.40040924100828,320.4880809294872,0.3710090514510125
BRITANNIA,Yes,2016-02-16,2016-08-16,25.48%,No,2,8,1147.0579833984375,1439.359130859375,1502.7748709542411,4.4058316465469956,1471.6972634055398,2.2467035399884696
BRITANNIA,Yes,2016-03-15,2016-09-12,25.13%,No,3,9,1205.0902099609375,1507.9385986328125,1499.29780796596,-0.57302006027877,1475.5666432100184,-2.146768804256652
BRITANNIA,Yes,2016-04-01,2016-09-28,27.96%,No,4,9,1170.275146484375,1497.4910888671875,1423.003015588831,-4.974191421379662,1475.6625806231832,-1.4576719959326763
BRITANNIA,Yes,2016-04-04,2016-10-03,32.00%,No,4,10,1161.604248046875,1533.2764892578125,1423.003015588831,-7.192014906741299,1475.5638950892858,-3.764004377088094
BRITANNIA,Yes,2016-11-15,2017-05-15,27.73%,No,11,5,1288.60693359375,1645.889892578125,2084.069031832511,26.62262774868988,2112.4683528645833,28.348096819259816
BRITANNIA,Yes,2016-12-20,2017-06-19,25.07%,No,12,6,1263.42333984375,1580.21337890625,2108.706707389987,33.444428172702565,2089.746741134129,32.244592346164936
BRITANNIA,Yes,2017-01-02,2017-07-03,28.32%,No,1,7,1269.7353515625,1629.2618408203125,2098.70184861568,28.813048709163308,2129.5274567105876,30.70504711743557
BRITANNIA,Yes,2017-03-01,2017-08-28,32.42%,No,3,8,1399.306640625,1852.93017578125,2101.8416786193848,13.433398953265268,2130.703344008502,14.991021888352302
BRITANNIA,Yes,2017-05-02,2017-10-30,33.55%,No,5,10,1572.1630859375,2099.6162109375,2124.5529962713067,1.1876830253026187,2078.8005591220544,-0.9914027005035917
BRITANNIA,Yes,2017-05-05,2017-11-01,33.85%,No,5,11,1552.544189453125,2078.093017578125,2124.5529962713067,2.2357025551882,2079.2575787043165,0.05603989409236096
BRITANNIA,Yes,2017-06-01,2017-11-28,33.73%,No,6,11,1586.218017578125,2121.2060546875,2078.674664815267,-2.005056971162508,2078.674664815267,-2.005056971162508
BRITANNIA,Yes,2017-06-05,2017-12-04,31.49%,No,6,12,1602.670166015625,2107.2919921875,2078.0657855094746,-1.386908258863869,2078.0657855094746,-1.386908258863869
BRITANNIA,Yes,2017-07-03,2018-01-01,28.66%,No,7,1,1629.2618408203125,2096.2314453125,2072.231219667377,-1.1449225083800385,2793.5400617732557,33.26486767575433
BRITANNIA,Yes,2018-02-01,2018-07-31,38.54%,No,2,7,2097.226806640625,2905.572021484375,2748.321038967226,-5.412049033870241,2654.197759583939,-8.651455205437173
BRITANNIA,Yes,2022-08-08,2023-02-06,27.38%,No,8,2,3478.724853515625,4431.173828125,4400.911689453125,-0.682937294849473,4432.382260805601,0.02727116397309204
BSE,Yes,2021-01-01,2021-06-30,42.09%,No,1,6,66.11978149414062,93.95008087158205,127.00372023148971,35.18212975791669,127.00372023148971,35.18212975791669
BSE,Yes,2021-01-04,2021-07-05,50.70%,No,1,7,67.51781463623047,101.7488250732422,131.53665060367226,29.275842260574297,131.53665060367226,29.275842260574297
BSE,Yes,2021-02-01,2021-08-02,112.88%,No,2,8,62.60383224487305,133.27244567871094,123.89688993755139,-7.0348793356444,224.87803536874276,68.73558087984047
BSE,Yes,2021-03-01,2021-08-30,111.00%,No,3,8,60.21464920043945,127.05443572998048,211.24313354492188,66.26191154306606,212.33987857133914,67.12512030875457
BSE,Yes,2021-03-05,2021-09-01,107.37%,No,3,9,61.03364562988281,126.56626892089844,211.24313354492188,66.9031846683771,212.32147445678712,67.75518174552818
BSE,Yes,2021-04-01,2021-09-28,121.67%,No,4,9,60.88236618041992,134.96051025390625,215.0584742848466,59.349185832395754,215.24405444752085,59.48669284265017
BSE,Yes,2021-04-05,2021-10-04,123.17%,No,4,10,58.84268951416016,131.32054138183594,200.43848243126502,52.63300038373841,216.76317378452845,65.06417922406678
BSE,Yes,2021-05-03,2021-11-01,122.71%,No,5,11,64.44005584716797,143.51393127441406,206.4327171812666,43.8415876062548,206.56150918257865,43.93132941749804
BSE,Yes,2021-06-01,2021-11-29,66.68%,No,6,11,97.30953979492188,162.19139099121094,219.02295119674116,35.039813061724026,219.03245012687916,35.04566967968627
BSE,Yes,2021-06-04,2021-12-01,80.88%,No,6,12,96.91829681396484,175.30276489257812,212.82596514301915,21.404796594870852,212.78582191467285,21.381897225102843
BSE,Yes,2021-07-01,2021-12-28,120.22%,No,7,12,93.19889831542967,205.23973083496097,212.80693817138672,3.6870089946233446,193.28304084898934,-5.82571899569793
BSE,Yes,2021-07-05,2022-01-03,98.79%,No,7,1,101.7488250732422,202.2683258056641,212.88875773415637,5.250664871125797,193.28304084898934,-4.442260013220089
BSE,Yes,2021-08-02,2022-01-31,55.53%,No,8,1,133.27244567871094,207.27197265625,213.36828239009066,2.94121277262656,189.5737673003098,-8.538638933731653
BSE,Yes,2021-08-05,2022-02-01,61.97%,No,8,2,130.51400756835938,211.38949584960935,213.4063359774076,0.954087202721324,189.5737673003098,-10.320157329302724
BSE,Yes,2021-09-01,2022-02-28,64.62%,No,9,2,126.56626892089844,208.35971069335935,213.5202860929528,2.476762605601913,189.26062786768352,-9.166399186349288
BSE,Yes,2021-09-02,2022-03-02,69.82%,No,9,3,125.55811309814452,213.22540283203125,213.52642949422201,0.14117767310675408,189.26062786768352,-11.239174435152094
BSE,Yes,2021-10-01,2022-03-30,132.31%,No,10,3,129.36257934570312,300.52130126953125,190.99298569251752,-36.44610718585305,192.08927372523718,-36.08131173605017
BSE,Yes,2021-10-04,2022-04-04,123.31%,No,10,4,131.32054138183594,293.2466125488281,189.976328125,-35.2161900614053,189.25531227805396,-35.46206360813757
BSE,Yes,2021-11-01,2022-05-02,97.56%,No,11,5,143.51393127441406,283.5205383300781,191.03021181546725,-32.62209046983837,193.63508500724004,-31.703330507291973
BSE,Yes,2021-12-01,2022-05-30,25.13%,No,12,5,175.30276489257812,219.3539581298828,195.36615325183402,-10.935660829901801,192.29395071665445,-12.336229372804716
BSE,Yes,2023-02-01,2023-07-31,60.66%,No,2,7,164.07125854492188,263.5986633300781,775.8408693586077,194.3265567273003,779.3593198175299,195.66133225858454
BSE,Yes,2023-05-02,2023-10-30,265.12%,No,5,10,171.75852966308594,627.1209716796875,754.6458305945763,20.33496959499295,750.0280978554174,19.59863116147019
BSE,Yes,2023-11-01,2024-04-29,54.42%,No,11,4,593.0502319335938,915.7975463867188,907.6986876370614,-0.8843503437644477,825.9943772919324,-9.806006736871584
BSE,Yes,2024-09-30,2025-04-01,48.35%,No,9,4,1224.3551025390625,1816.2716064453125,2443.2391304347825,34.51948055371133,2443.2391304347825,34.51948055371133
BSE,Yes,2024-12-02,2025-06-02,77.60%,No,12,6,1516.5003662109375,2693.300048828125,2474.7242542613635,-8.115538209783402,2474.7242542613635,-8.115538209783402
CANBK,Yes,2016-01-15,2016-07-13,33.72%,No,1,7,30.476720809936523,40.75434875488281,51.26120576858521,25.780946904331426,50.89173352516303,24.874363301083672
CANBK,Yes,2016-02-01,2016-08-01,29.89%,No,2,8,31.79958152770996,41.3055419921875,51.94386608317747,25.75519791751454,51.356280977763824,24.33266457919209
CANBK,Yes,2016-03-01,2016-08-29,65.82%,No,3,8,27.98363494873047,46.40195083618164,52.664879349042785,13.497123289001166,52.664879349042785,13.497123289001166
CANBK,Yes,2016-03-08,2016-09-06,60.03%,No,3,9,30.44280242919922,48.71696090698242,52.664879349042785,8.103786378625525,52.664879349042785,8.103786378625525
CANBK,Yes,2016-04-01,2016-09-28,57.26%,No,4,9,33.69059753417969,52.98234558105469,52.724143981933594,-0.4873351609661859,52.748751598855726,-0.4408902241626865
CANBK,Yes,2016-04-04,2016-10-03,60.98%,No,4,10,33.63971710205078,54.15257263183594,52.733886458657004,-2.6197945992779985,52.80495866816094,-2.488550216878785
CANBK,Yes,2016-05-02,2016-11-01,55.01%,No,5,11,34.097633361816406,52.85515213012695,50.480476474761964,-4.492798827858156,52.43440945943197,-0.796029627649421
CANBK,Yes,2016-06-01,2016-11-28,56.63%,No,6,11,33.49556350708008,52.4650764465332,50.50765054876154,-3.730912123546533,52.48054235121783,0.029478475458595832
CANBK,Yes,2016-06-06,2016-12-05,61.08%,No,6,12,32.808692932128906,52.8466682434082,50.50765054876154,-4.426045713749267,62.1829024781572,17.666646820092673
CANBK,Yes,2016-08-11,2017-02-07,26.01%,No,8,2,41.9245719909668,52.829708099365234,61.73508281707764,16.85675548493028,61.75877655877007,16.901604761113802
CANBK,Yes,2016-11-02,2017-05-02,28.57%,No,11,5,49.86174392700195,64.1056137084961,63.72587837219238,-0.5923589438367438,61.022620091672806,-4.809241248110366
CANBK,Yes,2016-12-20,2017-06-19,25.32%,No,12,6,49.4547119140625,61.97834777832031,60.84663715768367,-1.8259773956615624,60.84663715768367,-1.8259773956615624
CANBK,Yes,2017-02-01,2017-07-31,29.82%,No,2,7,49.581912994384766,64.36502838134766,60.67604872759651,-5.73134160975555,44.50285054869571,-30.85864844954812
CANBK,Yes,2018-07-16,2019-01-14,25.03%,No,7,1,38.87955474853515,48.61036682128906,46.71908154207117,-3.8907035739331124,38.56011869849228,-20.675112697144353
CANBK,Yes,2018-09-28,2019-03-27,29.50%,No,9,3,38.61726379394531,50.00923156738281,48.65764688562464,-2.7026703658444355,38.62947978670635,-22.755302219237866
CANBK,Yes,2018-10-01,2019-04-01,26.16%,No,10,4,40.70681381225586,51.35563659667969,40.05278015136719,-22.0089890698449,38.53475660085678,-24.96489352573193
CANBK,Yes,2021-07-01,2021-12-28,28.81%,No,7,12,26.85810279846191,34.59554672241211,40.13816191020765,16.021181085150637,41.04048132127331,18.62937634885234
CANBK,Yes,2021-08-02,2022-01-31,62.56%,No,8,1,27.207820892333984,44.23019027709961,41.000876446159516,-7.301152924526498,41.54305015563965,-6.075352840729788
CANBK,Yes,2021-09-01,2022-02-28,36.36%,No,9,2,28.160791397094727,38.3986930847168,41.05925237215482,6.928775626733414,41.53629633585612,8.171119897797078
CANBK,Yes,2021-10-01,2022-03-30,29.18%,No,10,3,30.923540115356445,39.94618225097656,41.12650735037668,2.9547882498114304,41.53629633585612,3.980640940576207
CANBK,Yes,2022-05-02,2022-10-31,30.71%,No,5,10,40.17350006103515,52.50984573364258,56.097434482058965,6.832221078337413,57.236155436589165,9.000806680943043
CANBK,Yes,2023-11-01,2024-04-29,61.97%,No,11,4,72.05370330810547,116.70895385742188,101.08052084181044,-13.39094602347648,101.20438130696614,-13.284818377685898
CANBK,Yes,2023-12-01,2024-05-29,42.03%,No,12,5,77.12923431396484,109.5468292236328,98.81152694289749,-9.79973802693995,101.25344831678602,-7.570626156523777
CGPOWER,Yes,2016-01-28,2016-07-26,25.15%,No,1,7,57.58890151977539,72.07372283935547,78.75224982367621,9.266243953023565,80.33013887225457,11.455514863998014
CGPOWER,Yes,2016-02-01,2016-08-01,31.28%,No,2,8,59.20098114013672,77.71685028076172,78.759124967787,1.3411180242893757,80.33013887225457,3.3625765610057776
CGPOWER,Yes,2016-03-01,2016-08-29,72.54%,No,3,8,46.13286209106445,79.59789276123047,76.46989132109142,-3.929754082211824,80.19840152928087,0.7544279719209999
CGPOWER,Yes,2016-03-08,2016-09-06,70.66%,No,3,9,47.830684661865234,81.62744140625,76.46989132109142,-6.318402238641864,80.1514835357666,-1.80816382953587
CGPOWER,Yes,2016-04-01,2016-09-28,64.09%,No,4,9,48.11514663696289,78.95438385009766,76.42740407804163,-3.2005566364164566,80.20523702181302,1.5842732356574727
CGPOWER,Yes,2016-04-04,2016-10-03,57.97%,No,4,10,49.3526725769043,77.96435546875,76.38898029327393,-2.020635155648169,80.20523702181302,2.874238540920432
CGPOWER,Yes,2016-05-02,2016-11-01,35.85%,No,5,11,56.48084259033203,76.72682189941406,83.598488778779,8.956016565332824,80.18886354886568,4.512166102735527
CGPOWER,Yes,2016-11-15,2017-05-15,25.35%,No,11,5,74.59827423095703,93.50772094726562,83.02667575412326,-11.208748418810494,80.5247077355018,-13.884429093385439
CGPOWER,Yes,2016-12-06,2017-06-05,27.72%,No,12,6,65.53955841064453,83.70648956298828,82.97365934952445,-0.8754759843469252,82.0954536669182,-1.9246248462704791
CGPOWER,Yes,2017-02-01,2017-07-31,28.08%,No,2,7,65.58905792236328,84.00350189208984,80.44547489711216,-4.235569845109898,80.38276307847765,-4.310223659798566
CGPOWER,Yes,2021-01-01,2021-06-30,77.16%,No,1,6,44.204551696777344,78.31086730957031,79.31502987089611,1.2822774103066041,175.0753882066259,123.56461398203675
CGPOWER,Yes,2021-06-01,2021-11-29,77.01%,No,6,11,83.11247253417969,147.11749267578125,170.31132756447306,15.765518067798082,168.34378160749162,14.428120372122603
CGPOWER,Yes,2021-06-04,2021-12-01,78.36%,No,6,12,83.70648956298828,149.29554748535156,172.39533251385356,15.472521061466002,169.35126280784607,13.433565608821867
CGPOWER,Yes,2021-07-01,2021-12-28,138.44%,No,7,12,78.55836486816406,187.31243896484375,172.182863675631,-8.077186636842828,166.55939055652152,-11.07937546647253
CGPOWER,Yes,2021-07-05,2022-01-03,141.95%,No,7,1,80.24140930175781,194.14361572265625,172.182863675631,-11.311601447866954,166.55939055652152,-14.208154650596471
CGPOWER,Yes,2021-08-02,2022-01-31,120.67%,No,8,1,78.31086730957031,172.80860900878906,171.96991795131137,-0.4853294417959427,167.520720837163,-3.0599680200869637
CGPOWER,Yes,2021-08-05,2022-02-01,102.27%,No,8,2,85.14202117919922,172.214599609375,171.96272143195657,-0.14625831839446532,167.42684326171874,-2.780110605323859
CGPOWER,Yes,2021-09-01,2022-02-28,99.59%,No,9,2,84.94403076171875,169.54153442382812,166.3935694694519,-1.8567514827999527,168.02231779552642,-0.8960734214566531
CGPOWER,Yes,2021-09-02,2022-03-02,88.45%,No,9,3,89.15161895751953,168.0070037841797,166.34152320123488,-0.9913161626787126,168.0226913079983,0.009337422527188808
CGPOWER,Yes,2021-10-01,2022-03-30,52.96%,No,10,3,123.01042175292967,188.15399169921875,226.40696422870343,20.330672862171074,253.839208984375,34.910350129674654
CGPOWER,Yes,2021-10-04,2022-04-04,47.37%,No,10,4,125.2874755859375,184.6393890380859,226.40696422870343,22.62116193528026,253.839208984375,37.47836271924358
CGPOWER,Yes,2022-01-31,2022-08-01,28.76%,No,1,8,172.80860900878906,222.50778198242188,302.1038365219579,35.77225651632449,304.36259826660154,36.787394829474415
CGPOWER,Yes,2022-05-02,2022-10-31,34.99%,No,5,10,190.6785430908203,257.4061584472656,293.591618347168,14.057728889697724,299.88765012300934,16.50368115976791
CGPOWER,Yes,2022-12-01,2023-05-30,38.83%,No,12,5,276.6125793457031,384.0160217285156,433.97967416268807,13.01082496747878,436.0658863988416,13.554086737329726
CGPOWER,Yes,2023-11-01,2024-04-29,46.37%,No,11,4,381.179931640625,557.9397583007812,718.13480328499,28.71188916023596,716.5263459578804,28.423604035689863
CHOLAFIN,Yes,2015-11-30,2016-05-30,47.71%,No,11,5,124.11582946777344,183.33445739746097,185.19937744140626,1.0172228780224473,185.41160247285487,1.1329812763406186
CHOLAFIN,Yes,2015-12-01,2016-05-30,48.33%,No,12,5,123.59630584716795,183.33445739746097,185.19937744140626,1.0172228780224473,185.41160247285487,1.1329812763406186
CHOLAFIN,Yes,2015-12-04,2016-06-01,55.84%,No,12,6,121.55655670166016,189.4369201660156,185.20520450757897,-2.23383892365232,185.36018082191205,-2.1520299952780264
CHOLAFIN,Yes,2016-01-01,2016-06-29,49.06%,No,1,6,122.9131851196289,183.21856689453125,185.42770671844482,1.2057401503338105,185.53695068359374,1.2653650928276603
CHOLAFIN,Yes,2016-01-04,2016-07-04,51.07%,No,1,7,123.23070526123048,186.16360473632812,185.5014719861619,-0.35567250167079145,185.5014719861619,-0.35567250167079145
CHOLAFIN,Yes,2016-02-01,2016-08-01,79.26%,No,2,8,124.3756332397461,222.95526123046875,185.38954628838434,-16.848992364998622,200.81434921991257,-9.930652404595703
CHOLAFIN,Yes,2016-03-01,2016-08-29,80.60%,No,3,8,125.0617904663086,225.8579559326172,185.38954628838434,-17.91763742708548,200.81434921991257,-11.088210999384128
CHOLAFIN,Yes,2016-03-08,2016-09-06,67.48%,No,3,9,128.17095947265625,214.66323852539065,200.73028603578226,-6.490609470591951,200.81434921991257,-6.451448976830757
CHOLAFIN,Yes,2016-04-01,2016-09-28,55.77%,No,4,9,141.44764709472656,220.3331756591797,200.81434921991257,-8.858777794524975,225.8869949652224,2.5206459669212955
CHOLAFIN,Yes,2016-04-04,2016-10-03,59.88%,No,4,10,142.9539337158203,228.54774475097656,200.81434921991257,-12.13461789407812,225.87135055217337,-1.1710438016876377
CHOLAFIN,Yes,2016-05-02,2016-11-01,37.36%,No,5,11,164.33189392089844,225.7224578857422,199.0940990447998,-11.796947051861945,220.88392743197355,-2.143575122781023
CHOLAFIN,Yes,2017-06-06,2017-12-04,25.92%,No,6,12,199.8717041015625,251.67660522460935,252.30800857543946,0.250878841228256,253.55360158284506,0.7457969152756909
CHOLAFIN,Yes,2017-08-29,2018-02-26,26.05%,No,8,2,223.1516876220703,281.2781677246094,306.1580929639863,8.845309766002199,238.8783460344587,-15.073982468366692
CHOLAFIN,Yes,2017-09-01,2018-02-28,28.26%,No,9,2,223.69635009765625,286.9092102050781,306.1580929639863,6.709050136504636,238.93003265380858,-16.722773562052886
CHOLAFIN,Yes,2017-09-04,2018-03-05,28.51%,No,9,3,220.7981109619141,283.73748779296875,306.1580929639863,7.901883302560608,238.93003265380858,-15.791869973788685
CHOLAFIN,Yes,2017-10-03,2018-04-02,33.43%,No,10,4,215.5463409423828,287.6021423339844,306.1580929639863,6.451951463022625,238.93003265380858,-16.92341694160756
CHOLAFIN,Yes,2017-11-01,2018-04-30,42.66%,No,11,4,238.25537109375,339.9013671875,237.29987462361655,-30.185666333988394,237.26780640845206,-30.19510089891228
CHOLAFIN,Yes,2021-07-26,2022-01-24,30.85%,No,7,1,487.6889953613281,638.1514282226562,633.9412799703664,-0.6597412567132733,711.684048267121,11.522754128947694
CHOLAFIN,Yes,2021-10-01,2022-03-30,31.54%,No,10,3,554.0928955078125,728.854248046875,712.0880502554087,-2.300349876041063,711.6180967992666,-2.364828262138343
CHOLAFIN,Yes,2023-02-01,2023-07-31,51.33%,No,2,7,745.87841796875,1128.7108154296875,1140.3868041992187,1.0344535207706185,1125.755010837462,-0.26187439260962186
CHOLAFIN,Yes,2023-05-02,2023-10-30,32.20%,No,5,10,871.54833984375,1152.190185546875,1129.414726706112,-1.9767100194446423,1116.3135486949575,-3.113777334849371
CIPLA,Yes,2017-05-26,2017-11-22,27.11%,No,5,11,459.4675598144531,584.0399780273438,577.1140731008429,-1.1858614456314798,571.7545647254357,-2.1035226635346693
CIPLA,Yes,2021-03-18,2021-09-14,26.92%,No,3,9,727.360107421875,923.1385498046876,883.3158091669497,-4.313842233775562,883.9878826530612,-4.241039133281746
CIPLA,Yes,2023-02-20,2023-08-21,29.03%,No,2,8,938.1827392578124,1210.49560546875,1215.354772619299,0.40141964403640285,1198.6530211205577,-0.978325265675492
CIPLA,Yes,2023-03-01,2023-08-28,37.71%,No,3,8,875.5073852539062,1205.688232421875,1215.8580915178572,0.843489952253575,1201.4877802530925,-0.34838626237107717
CIPLA,Yes,2023-04-03,2023-10-03,33.76%,No,4,10,867.5757446289062,1160.458984375,1444.8991528888082,24.51100576096638,1463.9786058508832,26.155135645690468
CIPLA,Yes,2023-05-02,2023-10-30,31.10%,No,5,10,893.1226806640625,1170.90771484375,1449.6614292689733,23.806634023452578,1436.0215711805556,22.641737941933652
CIPLA,Yes,2023-06-02,2023-11-29,25.41%,No,6,11,939.983154296875,1178.8548583984375,1453.3327586894134,23.28343462602976,1446.0106517650463,22.662314318283418
CIPLA,Yes,2023-06-05,2023-12-04,25.81%,No,6,12,948.6934814453124,1193.5223388671875,1433.7402099609376,20.1268014239054,1446.0106517650463,21.154887904109447
CIPLA,Yes,2023-07-03,2024-01-01,25.89%,No,7,1,974.9703369140624,1227.3707275390625,1466.1536956787108,19.45483648762096,1472.144197162829,19.9429124494886
CIPLA,Yes,2023-09-26,2024-03-26,26.52%,No,9,3,1141.670654296875,1444.441650390625,1470.3364908854167,1.79272319430756,1469.6466655731201,1.74496596492346
CIPLA,Yes,2023-10-03,2024-04-01,26.70%,No,10,4,1160.458984375,1470.343017578125,1470.4754472212358,0.009006717584097183,1469.6511033581148,-0.0470580137925817
CIPLA,Yes,2023-12-11,2024-06-10,27.61%,No,12,6,1179.5906982421875,1505.2706298828125,1453.2994903564454,-3.4526110119090765,1472.4206888834635,-2.1823279048436883
COALINDIA,Yes,2017-08-03,2018-01-30,26.54%,No,8,1,120.6584930419922,152.6760711669922,145.8304090828731,-4.483781925873321,147.52635856296706,-3.372966414882746
COALINDIA,Yes,2017-08-11,2018-02-07,26.16%,No,8,2,117.73875427246094,148.5334930419922,145.89821653012876,-1.7741968211293595,146.9007822672526,-1.0992206143553132
COALINDIA,Yes,2017-09-01,2018-02-28,29.54%,No,9,2,119.11124420166016,154.29815673828125,147.49049180553806,-4.412019609728894,146.50386545609456,-5.051448083989285
COALINDIA,Yes,2021-03-25,2021-09-21,25.13%,No,3,9,85.63777160644531,107.15788269042967,115.70940551757812,7.980302160180875,138.01262484463777,28.793721357247147
COALINDIA,Yes,2021-04-01,2021-09-28,35.37%,No,4,9,88.34527587890625,119.59342193603516,140.85983581542968,17.78226054169511,138.01262484463777,15.401518420013243
COALINDIA,Yes,2021-04-05,2021-10-04,49.98%,No,4,10,86.7742691040039,130.14476013183594,136.5193368234942,4.898066341818795,138.01262484463777,6.045471753785345
COALINDIA,Yes,2021-05-03,2021-11-01,32.37%,No,5,11,88.37871551513672,116.98983001708984,140.36914557379646,19.98405806153524,139.4493199398643,19.197813963396285
COALINDIA,Yes,2021-09-02,2022-03-02,42.56%,No,9,3,97.01763153076172,138.3089599609375,141.49867103213356,2.3062215724107284,176.62682472085052,27.70454262018535
COALINDIA,Yes,2021-10-28,2022-04-26,25.53%,No,10,4,114.11221313476562,143.24855041503906,183.82861295659492,28.32842805318575,183.7890250262092,28.3007922200335
COALINDIA,Yes,2021-11-18,2022-05-17,31.42%,No,11,5,105.1024169921875,138.12185668945312,185.01013873872301,33.94704007975462,182.94571447372437,32.45240026352321
COALINDIA,Yes,2021-12-01,2022-05-30,31.46%,No,12,5,106.57551574707033,140.10516357421875,178.6092678638215,27.4822878096179,178.4103029691256,27.340276701946998
COALINDIA,Yes,2021-12-03,2022-06-01,34.06%,No,12,6,109.45313262939452,146.72874450683594,178.65972677866617,21.76191337229264,178.4103029691256,21.591923633486594
COALINDIA,Yes,2022-01-11,2022-07-11,25.71%,No,1,7,115.11640167236328,144.70799255371094,181.65008958180746,25.528719164827617,176.67152404785156,22.088297218466902
COALINDIA,Yes,2022-01-31,2022-08-01,37.24%,No,1,8,116.0239715576172,159.2274169921875,185.28748223720453,16.366569110579533,186.64622370402017,17.21990297260049
COALINDIA,Yes,2022-02-01,2022-08-01,34.50%,No,2,8,118.3836669921875,159.2274169921875,185.28748223720453,16.366569110579533,186.64622370402017,17.21990297260049
COALINDIA,Yes,2022-03-02,2022-08-29,26.51%,No,3,8,138.3089599609375,174.97447204589844,184.0156537010556,5.167143269211029,188.5437727708083,7.755017384107562
COALINDIA,Yes,2022-05-02,2022-10-31,32.88%,No,5,10,140.4419708251953,186.62171936035156,189.52320207868303,1.554740106497966,186.94600862201892,0.17376823168217817
COALINDIA,Yes,2022-06-01,2022-11-28,26.54%,No,6,11,146.72874450683594,185.671875,189.575392804827,2.1023743121175484,190.85900401105783,2.793707453569817
COALINDIA,Yes,2022-06-06,2022-12-05,28.10%,No,6,12,145.8306427001953,186.80279541015625,191.21815117730034,2.3636454462308514,192.26253021240234,2.9227264989575468
COALINDIA,Yes,2022-07-01,2022-12-28,31.46%,No,7,12,137.14891052246094,180.3000335693359,190.90996259801528,5.884596258047416,193.25068248401988,7.182832225987182
COALINDIA,Yes,2022-07-04,2023-01-02,33.25%,No,7,1,136.2508087158203,181.5521240234375,191.25010451225384,5.34170588252902,181.15034271949946,-0.2213035546123212
COALINDIA,Yes,2023-11-01,2024-04-29,56.37%,No,11,4,258.22119140625,403.7722473144531,435.1090031674034,7.7609979540138045,358.1359439012481,-11.30248641820695
COALINDIA,Yes,2024-02-01,2024-07-30,29.17%,No,2,7,358.177734375,462.6566162109375,358.1359439012481,-22.59141416061273,373.0666134962395,-19.364254087280045
COCHINSHIP,Yes,2022-02-28,2022-08-29,29.63%,No,2,8,136.6563262939453,177.14881896972656,240.36249877929689,35.683940868029765,238.05216689336868,34.37976514765817
COCHINSHIP,Yes,2022-03-02,2022-08-29,29.68%,No,3,8,136.6091766357422,177.14881896972656,240.36249877929689,35.683940868029765,238.05216689336868,34.37976514765817
COCHINSHIP,Yes,2022-03-04,2022-09-01,31.34%,No,3,9,136.27920532226562,178.98727416992188,240.52855466446786,34.38304805743992,239.6614318451324,33.89858745913378
COCHINSHIP,Yes,2022-04-01,2022-09-28,39.70%,No,4,9,142.76083374023438,199.44125366210935,233.2823015295941,16.9679277712613,258.3079589040656,29.515811879967117
COCHINSHIP,Yes,2022-04-04,2022-10-03,54.14%,No,4,10,149.78457641601562,230.88189697265625,233.3356438530816,1.0627714483461403,258.3079589040656,11.878827353301519
COCHINSHIP,Yes,2022-05-02,2022-10-31,61.42%,No,5,10,158.69386291503906,256.162841796875,235.86739501953124,-7.922869154237867,230.3254366193499,-10.086320481255806
COCHINSHIP,Yes,2022-05-05,2022-11-01,69.95%,No,5,11,154.02708435058594,261.77557373046875,235.86739501953124,-9.89709556996837,230.3254366193499,-12.014160321734517
COCHINSHIP,Yes,2022-06-01,2022-11-28,104.10%,No,6,11,154.3570556640625,315.0466003417969,235.91453170776367,-25.117575796146387,230.3254366193499,-26.89162924803259
COCHINSHIP,Yes,2022-06-06,2022-12-05,111.00%,No,6,12,150.63307189941406,317.8350524902344,237.67813978928785,-25.219657829719516,232.2822535871023,-26.917357992086387
COCHINSHIP,Yes,2022-07-01,2022-12-28,76.89%,No,7,12,147.23904418945312,260.4555358886719,230.2002220706663,-11.616306681589512,232.86322181169376,-10.593867388087334
COCHINSHIP,Yes,2022-07-04,2023-01-02,74.10%,No,7,1,146.34344482421875,254.78250122070312,230.2002220706663,-9.64833888993916,232.86322181169376,-8.6031337725278
COCHINSHIP,Yes,2022-08-01,2023-01-30,48.49%,No,8,1,157.774658203125,234.27777099609375,229.24743599727236,-2.147167004976013,238.9019230929288,1.9737903759175464
COCHINSHIP,Yes,2022-08-05,2023-02-01,44.77%,No,8,2,160.74441528320312,232.7152404785156,229.18659732216284,-1.5162922501753913,238.88982923640762,2.653280784359315
COCHINSHIP,Yes,2022-09-02,2023-03-01,26.76%,No,9,3,178.822265625,226.6726531982422,228.46764895790503,0.7918889792554648,241.22403115937203,6.41955602310949
COCHINSHIP,Yes,2023-01-12,2023-07-11,35.10%,No,1,7,233.6768035888672,315.70782470703125,516.7196364291879,63.67020263393548,447.2577043616253,41.668235425165335
COCHINSHIP,Yes,2023-02-01,2023-07-31,40.22%,No,2,7,232.7152404785156,326.3159484863281,860.5805891170058,163.72618105518742,469.43791629106573,43.85993650283817
COCHINSHIP,Yes,2023-09-01,2024-02-28,90.74%,No,9,2,443.1029968261719,845.16845703125,1864.4170600043403,120.59709451927685,1464.5430406842913,73.28415755465659
COCHINSHIP,Yes,2023-10-03,2024-04-01,83.24%,No,10,4,522.8549194335938,958.06201171875,1628.1104604360219,69.93789968931281,1439.6874267578125,50.270797625618535
COCHINSHIP,Yes,2023-11-01,2024-04-29,185.76%,No,11,4,463.25738525390625,1323.8035888671875,1433.9676951872996,8.321786347050343,1431.0238189697266,8.099406211331557
COCHINSHIP,Yes,2023-11-03,2024-05-02,183.76%,No,11,5,462.230224609375,1311.6336669921875,1434.1009521484375,9.337003786818736,1431.0238189697266,9.102400691751242
COCHINSHIP,Yes,2023-12-01,2024-05-29,247.23%,No,12,5,575.041259765625,1996.712890625,1456.9341881793478,-27.03336593758824,1454.2825564822635,-27.166165786256226
COCHINSHIP,Yes,2023-12-04,2024-06-03,240.05%,No,12,6,585.7093505859375,1991.7161865234375,1456.9341881793478,-26.85031140292923,1454.2825564822635,-26.983444412292005
COCHINSHIP,Yes,2025-01-01,2025-06-30,32.18%,No,1,6,1557.109619140625,2058.1923828125,1794.8680478050596,-12.793961206270243,1794.8680478050596,-12.793961206270243
COFORGE,Yes,2016-11-11,2017-05-10,33.12%,No,11,5,70.47305297851562,93.81582641601562,89.06064174486244,-5.068638046278952,90.69155919001652,-3.3302134035945037
COFORGE,Yes,2016-12-05,2017-06-05,32.29%,No,12,6,74.76976776123047,98.91315460205078,114.86662275894828,16.12876287393905,115.86064211527507,17.133704390894955
COFORGE,Yes,2017-01-02,2017-07-03,32.65%,No,1,7,75.85504913330078,100.6211395263672,116.8932089805603,16.17162112334168,115.86064211527507,15.145428347006984
COFORGE,Yes,2017-02-01,2017-07-31,26.15%,No,2,7,72.70594024658203,91.71638488769533,115.86064211527507,26.32491158165888,117.86689596909743,28.51236571679403
COFORGE,Yes,2017-03-22,2017-09-18,25.83%,No,3,9,72.83937072753906,91.65608215332033,119.00530242919922,29.83895845572987,115.98628647601018,26.54510617417708
COFORGE,Yes,2017-04-03,2017-10-03,29.67%,No,4,10,77.38514709472656,100.3417739868164,116.04042500463025,15.645179862851977,201.76883824666342,101.08159366723295
COFORGE,Yes,2017-05-02,2017-10-30,42.22%,No,5,10,82.41131591796875,117.2022933959961,116.79132731755574,-0.35064678901103535,116.97697386449697,-0.19224839802223698
COFORGE,Yes,2017-05-05,2017-11-01,42.26%,No,5,11,83.89692687988281,119.35545349121094,116.58920238329017,-2.3176579092169143,116.787049313809,-2.1518951185511286
COFORGE,Yes,2017-07-10,2018-01-08,27.60%,No,7,1,100.68343353271484,128.46995544433594,198.3270367709073,54.37620110083978,198.55108326879042,54.55059712760589
COFORGE,Yes,2017-08-01,2018-01-29,75.72%,No,8,1,89.96389770507812,158.08531188964844,203.00079137628728,28.41217754499047,203.7051775251116,28.857750976452596
COFORGE,Yes,2017-08-07,2018-02-05,69.72%,No,8,2,88.88751220703125,150.85940551757812,203.00079137628728,34.562900257905135,203.7051775251116,35.029815891310726
COFORGE,Yes,2017-09-01,2018-02-28,66.75%,No,9,2,91.31607818603516,152.27352905273438,202.12206818336665,32.736181686161,202.5121454309534,32.99235047006806
COFORGE,Yes,2017-09-04,2018-03-05,76.82%,No,9,3,90.80902099609376,160.56690979003906,202.21744471010953,25.93967522606847,202.5121454309534,26.123212868556102
COFORGE,Yes,2017-10-03,2018-04-02,60.28%,No,10,4,100.3417739868164,160.83151245117188,202.8828065516585,26.146178357461697,202.95505116780598,26.19109779833894
COFORGE,Yes,2017-11-01,2018-04-30,77.66%,No,11,4,119.35545349121094,212.05162048339844,203.81389490763345,-3.8847736966055946,203.81389490763345,-3.8847736966055946
COFORGE,Yes,2017-12-01,2018-05-30,72.37%,No,12,5,115.20419311523438,198.57598876953125,203.86272629447606,2.662324663572814,239.3997491200765,20.558256113192826
COFORGE,Yes,2018-02-02,2018-08-01,58.09%,No,2,8,144.15350341796875,227.89028930664065,241.1463623046875,5.81686610622095,241.32635052020734,5.8958463102776735
COFORGE,Yes,2018-03-01,2018-08-28,53.98%,No,3,8,159.00680541992188,244.84193420410156,241.17987690801206,-1.495682227798768,241.76908744253763,-1.2550328731688567
COFORGE,Yes,2021-01-01,2021-06-30,53.31%,No,1,6,512.3388671875,785.4536743164062,1028.1786480527935,30.902519355789497,1020.6299057006836,29.941451555237197
COFORGE,Yes,2021-04-01,2021-09-28,78.94%,No,4,9,552.0877075195312,987.932373046875,1020.3737030029297,3.2837601885645897,699.7037527901786,-29.174934248563254
COFORGE,Yes,2021-06-01,2021-11-29,48.27%,No,6,11,678.0071411132812,1005.291015625,700.4570077749399,-30.322961521797897,701.4258826119559,-30.226583973211774
COFORGE,Yes,2021-06-04,2021-12-01,46.37%,No,6,12,697.9395751953125,1021.5971069335938,700.4570077749399,-31.43510264262413,701.4258826119559,-31.340263411929353
COFORGE,Yes,2021-07-01,2021-12-28,35.58%,No,7,12,792.3119506835938,1074.228515625,699.7037527901786,-34.8645336990443,750.1417733328683,-30.169255198329363
COLPAL,Yes,2017-01-02,2017-07-03,26.27%,No,1,7,743.8797607421875,939.2666625976562,881.5431213378906,-6.145596725441543,881.0363257623488,-6.199553242341673
COLPAL,Yes,2019-04-15,2019-10-14,25.94%,No,4,10,1042.26123046875,1312.6683349609375,1193.2535545712426,-9.097102231330084,1276.5223814949156,-2.75362424028439
COLPAL,Yes,2019-05-02,2019-10-29,27.76%,No,5,10,1022.4122314453124,1306.1937255859375,1278.6305597478693,-2.110189728993213,1277.148135914522,-2.2236816103511785
COLPAL,Yes,2019-05-06,2019-11-04,34.25%,No,5,11,998.3193969726562,1340.2513427734375,1278.0316162109375,-4.642392406318814,1277.148135914522,-4.708311407346428
COLPAL,Yes,2019-06-03,2019-12-02,26.02%,No,6,12,1002.1346435546876,1262.8614501953125,1212.0582449776787,-4.022864520076741,1279.2002180713719,1.2937894234979166
COLPAL,Yes,2019-07-01,2019-12-30,30.64%,No,7,12,976.1488647460938,1275.2159423828125,1211.5957528573495,-4.988973820903239,1223.825837233971,-4.029913949539886
COLPAL,Yes,2023-02-01,2023-07-31,40.83%,No,2,7,1359.4879150390625,1914.6029052734375,1879.9290930706522,-1.8110184679696415,1899.3151355180585,-0.7984825319794279
COLPAL,Yes,2023-02-02,2023-08-01,39.07%,No,2,8,1367.817626953125,1902.230224609375,1879.4335123697917,-1.198420251379645,1899.2665506998699,-0.15579995897256474
COLPAL,Yes,2023-03-01,2023-08-28,32.28%,No,3,8,1387.5189208984375,1835.3414306640625,2420.0492059616818,31.858256209367024,2421.2842856353186,31.925550482410813
COLPAL,Yes,2023-03-06,2023-09-04,30.33%,No,3,9,1411.9468994140625,1840.2239990234375,2423.14404296875,31.676580908338014,2430.369683713329,32.06923097422202
COLPAL,Yes,2023-06-01,2023-11-28,36.78%,No,6,11,1527.30224609375,2088.986083984375,2432.41256129488,16.43986429318281,2669.2533214480377,27.777458256538722
COLPAL,Yes,2023-07-03,2024-01-01,48.70%,No,7,1,1601.8231201171875,2381.97900390625,2397.7807329963234,0.6633865816684313,2653.51242574056,11.399488466901579
COLPAL,Yes,2023-08-01,2024-01-29,27.26%,No,8,1,1902.230224609375,2420.734619140625,2588.8447469075522,6.944591383032615,2714.9803577769885,12.155224959802593
COLPAL,Yes,2023-08-07,2024-02-05,28.22%,No,8,2,1891.46923828125,2425.28564453125,2588.8447469075522,6.743910876853201,2716.8797007415255,12.02308094585839
COLPAL,Yes,2023-09-01,2024-02-28,30.09%,No,9,2,1838.754638671875,2391.9912109375,2606.655807907517,8.974305423383349,2720.154153758082,13.719236982144434
COLPAL,Yes,2023-09-04,2024-03-04,34.18%,No,9,3,1840.2239990234375,2469.215576171875,2622.334601151316,6.2011201637091355,2685.2568969726562,8.749390814054351
COLPAL,Yes,2023-10-03,2024-04-01,38.74%,No,10,4,1875.7308349609375,2602.44189453125,2700.848975929054,3.7813363520083203,2663.9177284846232,2.362236562612908
COLPAL,Yes,2023-11-01,2024-04-29,36.47%,No,11,4,1982.4871826171875,2705.53564453125,2729.109061104911,0.8713031233319793,2662.3935746990264,-1.5945851580047539
COLPAL,Yes,2023-11-03,2024-05-02,34.99%,No,11,5,1995.7132568359375,2694.038330078125,2730.8467320033483,1.3662909511816732,2661.1089487884005,-1.2223055968461123
COLPAL,Yes,2023-12-08,2024-06-05,30.78%,No,12,6,2197.73291015625,2874.239990234375,2686.585890997024,-6.528825006782027,2661.9364985251914,-7.386421886499176
COLPAL,Yes,2024-04-01,2024-09-30,41.95%,No,4,9,2602.44189453125,3694.209716796875,2381.4631690309757,-35.535247005525655,2376.305753072103,-35.67485510453051
CONCOR,Yes,2016-02-01,2016-08-01,27.02%,No,2,8,340.5772399902344,432.5989379882813,394.12081545875185,-8.89464100593141,423.8704379467254,-2.017688735470806
CONCOR,Yes,2016-11-21,2017-05-22,30.46%,No,11,5,332.895263671875,434.3057861328125,493.6752460186298,13.66996751631163,481.82444493910845,10.941290750329664
CONCOR,Yes,2016-12-01,2017-05-30,27.00%,No,12,5,332.5068664550781,422.2734680175781,481.94579936182777,14.131205454226084,481.82444493910845,14.102467105286228
CONCOR,Yes,2016-12-05,2017-06-05,31.43%,No,12,6,322.8983154296875,424.3722534179687,481.89452084628016,13.554672098615548,481.7900660588191,13.530058145507217
CONCOR,Yes,2017-01-02,2017-07-03,27.47%,No,1,7,328.2635498046875,418.43756103515625,483.1155017671131,15.457011213800358,482.9694856916155,15.42211566686706
CONCOR,Yes,2017-03-01,2017-08-28,31.46%,No,3,8,354.2478332519531,465.6986083984375,490.4696980351987,5.31912468494383,490.417970445421,5.308017159852535
CONCOR,Yes,2017-03-06,2017-09-04,32.93%,No,3,9,358.41668701171875,476.42822265625,490.3776664733887,2.927921385380102,490.417970445421,2.93638099589764
CONCOR,Yes,2017-04-03,2017-10-03,31.59%,No,4,10,365.9293518066406,481.540283203125,490.28714474764735,1.8164340242398194,469.67702425443207,-2.4636067557589425
CONCOR,Yes,2017-07-14,2018-01-10,26.40%,No,7,1,424.4627990722656,536.5265502929688,469.36305943931023,-12.51820451699624,478.12972969844424,-10.884236868173085
CONCOR,Yes,2019-05-13,2019-11-11,25.74%,No,5,11,431.4486389160156,542.4942016601562,534.3128021240234,-1.5081081993311458,361.9662939796985,-33.27738934867895
CONCOR,Yes,2021-01-01,2021-06-30,73.12%,No,1,6,380.6505737304687,658.9671020507812,625.7378234863281,-5.042630878087813,590.853746202257,-10.336381837051913
CONCOR,Yes,2022-05-04,2022-10-31,25.18%,No,5,10,610.5844116210938,764.343505859375,579.6697719029017,-24.16109151720193,647.1718086574389,-15.329717110659082
CONCOR,Yes,2022-06-07,2022-12-05,25.02%,No,6,12,596.5333862304688,745.7600708007812,641.0173210375236,-14.045100276123271,648.7060493800951,-13.014108051731919
CONCOR,Yes,2023-08-01,2024-01-29,25.03%,No,8,1,669.9769897460938,837.6472778320312,937.767798529731,11.952587126747199,945.8901943630642,12.922254915121723
CONCOR,Yes,2023-08-07,2024-02-05,34.15%,No,8,2,675.2417602539062,905.8488159179688,937.767798529731,3.5236545051302137,944.8187753182871,4.302037902519854
CONCOR,Yes,2023-09-01,2024-02-28,40.57%,No,9,2,665.2598876953125,935.1883544921876,1013.6865807735559,8.393841294569288,986.536467827691,5.490670739092523
CONCOR,Yes,2023-09-04,2024-03-04,45.89%,No,9,3,660.3695678710938,963.4224243164062,1013.6865807735559,5.217250002543217,850.8431311319041,-11.685351133941321
CONCOR,Yes,2023-10-03,2024-04-01,27.35%,No,10,4,692.1746215820312,881.4559326171875,1013.6865807735559,15.001390683678748,988.5794198172433,12.153016757399158
CONCOR,Yes,2023-11-01,2024-04-29,56.40%,No,11,4,655.5858764648438,1025.361328125,1010.9083724975586,-1.4095475644542201,533.4830322265625,-47.97121584426222
COROMANDEL,Yes,2015-12-09,2016-06-06,29.18%,No,12,6,161.43731689453125,208.5433654785156,225.01063732390708,7.896329767003765,223.02259211386405,6.943029140306131
COROMANDEL,Yes,2016-01-01,2016-06-29,37.06%,No,1,6,167.24853515625,229.23484802246097,225.04182968139648,-1.8291365284276697,224.3995819091797,-2.1093067458955925
COROMANDEL,Yes,2016-01-04,2016-07-04,32.45%,No,1,7,166.32398986816406,220.29786682128903,225.16346975473257,2.208647320852469,224.31679808418707,1.824316921851218
COROMANDEL,Yes,2016-02-01,2016-08-01,56.19%,No,2,8,148.1419677734375,231.37985229492188,225.40158420138889,-2.5837461793833962,236.95071138654436,2.4076681856126956
COROMANDEL,Yes,2016-03-01,2016-08-29,56.20%,No,3,8,151.39976501464844,236.4838104248047,297.2948803371853,25.714686262515574,298.2107886337652,26.10198901061263
COROMANDEL,Yes,2016-03-08,2016-09-06,58.82%,No,3,9,153.380859375,243.6024932861328,299.195702047909,22.82128069045541,298.2107886337652,22.41696897719766
COROMANDEL,Yes,2016-04-01,2016-09-28,30.31%,No,4,9,169.4497528076172,220.81375122070312,288.5894593738374,30.693608427218173,383.1759021465595,73.52900352821577
COROMANDEL,Yes,2016-04-04,2016-10-03,29.35%,No,4,10,171.29879760742188,221.57485961914065,288.5894593738374,30.244676616239968,383.1759021465595,72.93293237562725
COROMANDEL,Yes,2016-05-02,2016-11-01,26.68%,No,5,11,200.9271545410156,254.5268096923828,296.5492183140346,16.51001270649619,379.8591587907177,49.24131538434384
COROMANDEL,Yes,2016-07-05,2017-01-02,39.29%,No,7,1,194.36752319335935,270.7341003417969,379.9398748935797,40.33691153567746,383.6872190278152,41.72105344078086
COROMANDEL,Yes,2016-08-02,2017-01-30,29.80%,No,8,1,221.61965942382812,287.65777587890625,383.1701904296875,33.203487810803566,387.0931112355199,34.567233599995724
COROMANDEL,Yes,2016-08-05,2017-02-01,27.55%,No,8,2,229.27554321289065,292.4483337402344,383.1701904296875,31.021498918860775,387.0931112355199,32.362905366851315
COROMANDEL,Yes,2016-09-01,2017-02-28,25.09%,No,9,2,236.6628265380859,296.030029296875,383.1701904296875,29.43625730801237,387.0931112355199,30.761433951459676
COROMANDEL,Yes,2016-09-09,2017-03-08,25.40%,No,9,3,230.35008239746097,288.8665771484375,383.1701904296875,32.64607979648369,387.0931112355199,34.00411880693541
COROMANDEL,Yes,2016-10-13,2017-04-11,25.74%,No,10,4,239.70738220214844,301.402587890625,381.5571717482347,26.593860530055142,381.5571717482347,26.593860530055142
COROMANDEL,Yes,2016-11-01,2017-05-02,26.56%,No,11,5,254.5268096923828,322.1319580078125,381.60373779296873,18.461930990316052,381.60373779296873,18.461930990316052
COROMANDEL,Yes,2016-12-01,2017-05-30,46.49%,No,12,5,238.94625854492188,350.02471923828125,384.9177769252232,9.968740997171784,384.8819691051136,9.958510913940085
COROMANDEL,Yes,2017-02-01,2017-07-31,39.35%,No,2,7,292.4483337402344,407.51763916015625,467.9681200858874,14.833831745372336,464.2374580383301,13.918371483272827
COROMANDEL,Yes,2017-05-02,2017-10-30,45.99%,No,5,10,322.1319580078125,470.2927551269531,463.951058877481,-1.3484571429896315,478.3326583862305,1.7095528628985655
COROMANDEL,Yes,2017-06-05,2017-12-04,25.41%,No,6,12,373.2611999511719,468.11724853515625,481.47959681919644,2.8544874870246666,383.3049186423973,-18.117753652136454
COROMANDEL,Yes,2019-07-01,2019-12-30,27.29%,No,7,12,385.5395812988281,490.7594299316406,572.1680993368459,16.58830466417017,754.3122627690153,53.7030603516036
COROMANDEL,Yes,2022-01-31,2022-08-01,34.31%,No,1,8,760.4298706054688,1021.2972412109376,889.8135359480574,-12.874185884119482,935.6330374923407,-8.38778371877575
COROMANDEL,Yes,2024-11-01,2025-04-30,31.30%,No,11,4,1680.01416015625,2205.82177734375,2262.5060029871324,2.5697554637275166,2262.5060029871324,2.5697554637275166
CUMMINSIND,Yes,2016-11-04,2017-05-03,28.01%,No,11,5,702.4458618164062,899.2147216796875,773.9871119449014,-13.926330020583663,776.2696242559524,-13.672496063463004
CUMMINSIND,Yes,2016-12-02,2017-05-31,25.19%,No,12,5,641.1810302734375,802.6937255859375,774.9979634602864,-3.4503523875727526,777.7746028456577,-3.1044372150896975
CUMMINSIND,Yes,2018-06-18,2018-12-17,25.81%,No,6,12,580.9163208007812,730.862060546875,653.0193551870493,-10.650806706477429,664.1283306253367,-9.130824203900264
CUMMINSIND,Yes,2018-07-02,2018-12-31,30.82%,No,7,12,570.7461547851562,746.6348266601562,653.0193551870493,-12.538321027947125,664.1283306253367,-11.050448370308043
CUMMINSIND,Yes,2018-07-05,2019-01-01,31.28%,No,7,1,567.8897705078125,745.5364379882812,653.0193551870493,-12.40946492848498,511.412132000101,-31.4034692415477
CUMMINSIND,Yes,2021-01-01,2021-06-30,56.11%,No,1,6,538.37109375,840.42626953125,852.9715200570913,1.4927247018157177,854.8054767955433,1.7109421475263207
CUMMINSIND,Yes,2021-01-04,2021-07-05,45.83%,No,1,7,564.2085571289062,822.7674560546875,854.8054767955433,3.893933881935933,854.8054767955433,3.893933881935933
CUMMINSIND,Yes,2021-02-12,2021-08-11,26.45%,No,2,8,704.248291015625,890.5359497070312,883.5571558335248,-0.7836622289984287,950.9988666609222,6.789497602402469
CUMMINSIND,Yes,2021-03-01,2021-08-30,25.93%,No,3,8,748.0681762695312,942.0499267578124,883.2271340110085,-6.24412688499963,876.9495825195313,-6.910498306850084
CUMMINSIND,Yes,2021-03-17,2021-09-13,25.55%,No,3,9,783.9461669921875,984.2319946289062,883.2271340110085,-10.262302096365046,876.9495825195313,-10.900114271313095
CUMMINSIND,Yes,2021-10-04,2022-04-04,27.35%,No,10,4,842.0384521484375,1072.30615234375,1156.2538782755535,7.828708783244235,1161.6402714170258,8.33102737292119
CUMMINSIND,Yes,2022-01-31,2022-08-01,30.89%,No,1,8,887.9437866210938,1162.21533203125,1147.5545819256756,-1.2614486921241352,1159.4100652521306,-0.2413723775452623
CUMMINSIND,Yes,2022-05-02,2022-10-31,31.87%,No,5,10,979.878173828125,1292.1600341796875,1557.797274502841,20.55761154165321,1685.0602336379718,30.406465845208743
CUMMINSIND,Yes,2022-05-05,2022-11-01,33.67%,No,5,11,966.905029296875,1292.447509765625,1557.797274502841,20.53079623986703,1684.561702021846,30.33888721154547
CUMMINSIND,Yes,2022-06-01,2022-11-28,36.66%,No,6,11,975.3636474609376,1332.902587890625,1527.05372170841,14.566040728080315,1695.8954833984376,27.233265116715266
CUMMINSIND,Yes,2022-08-16,2023-02-13,26.42%,No,8,2,1209.6683349609375,1529.28125,1694.8006562732514,10.823346344778074,1690.63987159729,10.551271821144086
CUMMINSIND,Yes,2022-09-01,2023-02-28,29.40%,No,9,2,1171.94580078125,1516.446044921875,1694.8006562732514,11.761355568741319,1649.5483665027837,8.777254029355584
CUMMINSIND,Yes,2022-09-02,2023-03-01,34.36%,No,9,3,1151.9100341796875,1547.73876953125,1694.8006562732514,9.5017253322756,1649.5483665027837,6.577957403132562
CUMMINSIND,Yes,2022-12-15,2023-06-13,28.30%,No,12,6,1387.4974365234375,1780.2135009765625,1675.1748083313898,-5.900342435755719,1715.4631700024163,-3.637222779100734
CUMMINSIND,Yes,2023-02-01,2023-07-31,39.95%,No,2,7,1367.5096435546875,1913.8326416015625,1679.1247576032365,-12.263762196150765,1700.2825749094893,-11.158241428747237
CUMMINSIND,Yes,2023-08-04,2024-01-31,27.71%,No,8,1,1746.5308837890625,2230.5439453125,3747.4131181824882,68.00445138315688,3747.4131181824882,68.00445138315688
CUMMINSIND,Yes,2023-11-01,2024-04-29,98.80%,No,11,4,1628.0924072265625,3236.675537109375,3713.138423039363,14.720749128765295,3703.8199762308373,14.432847338743807
CUMMINSIND,Yes,2024-04-01,2024-09-30,27.40%,No,4,9,2940.64306640625,3746.255126953125,2837.6771609284156,-24.25296556787543,2870.9690257884836,-23.364295049401036
CUMMINSIND,Yes,2024-04-04,2024-10-01,28.60%,No,4,10,2966.442626953125,3814.95849609375,2830.2382311698716,-25.812083301356044,2870.9690257884836,-24.744423072278387
DABUR,Yes,2016-01-15,2016-07-13,27.13%,No,1,7,226.41293334960935,287.8480529785156,253.1676025390625,-12.048179614416778,253.16130790063892,-12.050366406496297
DABUR,Yes,2016-02-02,2016-08-01,25.63%,No,2,8,218.1361541748047,274.05450439453125,250.7003932643581,-8.521703075732837,253.32515936382745,-7.56394976119847
DABUR,Yes,2017-05-05,2017-11-01,28.66%,No,5,11,248.4279937744141,319.6361999511719,316.54488391411013,-0.9671357742126765,314.1942166415128,-1.7025553771726702
DABUR,Yes,2018-03-01,2018-08-28,51.84%,No,3,8,298.459228515625,453.1687622070313,398.1850449411493,-12.133165798564594,398.4666537580819,-12.071023647468134
DABUR,Yes,2018-03-05,2018-09-03,45.86%,No,3,9,298.2756652832031,435.0700378417969,374.2831176757812,-13.97175509202024,403.2093989054362,-7.3231057450906425
DABUR,Yes,2018-04-02,2018-10-01,32.93%,No,4,10,308.2793273925781,409.7877197265625,378.99250261173694,-7.514919464979129,399.161927541097,-2.592999173463701
DIVISLAB,Yes,2016-02-15,2016-08-16,28.43%,No,2,8,918.2738647460938,1179.3172607421875,693.8464724518532,-41.16541022937371,606.9089707594651,-48.53726041646206
DIVISLAB,Yes,2016-03-01,2016-08-29,37.53%,No,3,8,885.6220092773438,1218.0078125,700.7843679874501,-42.4647066467441,608.1765797334559,-50.0679245656763
DIVISLAB,Yes,2016-03-08,2016-09-06,31.37%,No,3,9,946.0233154296876,1242.773681640625,700.7843679874501,-43.611264195559535,609.6554718017578,-50.94396664427813
DIVISLAB,Yes,2016-04-01,2016-09-28,30.71%,No,4,9,942.5472412109376,1232.0262451171875,597.275244140625,-51.520899290273356,604.0692755730597,-50.9694474474769
DIVISLAB,Yes,2016-04-04,2016-10-03,28.62%,No,4,10,944.4630126953124,1214.7369384765625,598.0955771794395,-50.76336627010546,604.0692755730597,-50.27159737723619
DIVISLAB,Yes,2017-05-02,2017-10-30,40.89%,No,5,10,585.7334594726562,825.2598876953125,1034.2475112603636,25.323855755147246,980.3044008665447,18.787356017535526
DIVISLAB,Yes,2017-05-05,2017-11-01,49.28%,No,5,11,584.98583984375,873.2400512695312,988.3106897865854,13.177434813000444,1011.8456208970812,15.872562123787473
DIVISLAB,Yes,2017-06-01,2017-11-28,73.62%,No,6,11,562.6032104492188,976.81103515625,1036.3501719599185,6.09525636595052,1021.5472892252604,4.579826850733157
DIVISLAB,Yes,2017-06-05,2017-12-04,65.88%,No,6,12,589.5651245117188,977.992919921875,1041.5962524414062,6.503455313829069,1021.5472892252604,4.453444234224589
DIVISLAB,Yes,2017-07-03,2018-01-01,65.87%,No,7,1,626.4334716796875,1039.0675048828125,1031.931108914889,-0.6868077323550257,1023.2081366644966,-1.5263077849888649
DIVISLAB,Yes,2017-08-01,2018-01-29,66.71%,No,8,1,624.0503540039062,1040.343505859375,1010.4735662286931,-2.8711612522642533,1020.0770301818848,-1.9480561529289433
DIVISLAB,Yes,2017-08-07,2018-02-05,53.01%,No,8,2,639.2835693359375,978.1820678710938,1013.4147637261285,3.601854604809396,1033.6359761555989,5.669078396130742
DIVISLAB,Yes,2017-09-01,2018-02-28,45.77%,No,9,2,665.357666015625,969.9095458984376,1021.2575602213542,5.294103407895874,1036.3690002441406,6.85212911108539
DIVISLAB,Yes,2017-09-04,2018-03-05,44.39%,No,9,3,662.6942749023438,956.862548828125,1021.2575602213542,6.729807898960424,1036.3690002441406,8.309077569540953
DIVISLAB,Yes,2017-10-03,2018-04-02,27.44%,No,10,4,808.9039916992188,1030.842041015625,1029.6587944030762,-0.11478447380580718,1043.643323944836,1.2418277893089005
DIVISLAB,Yes,2017-11-01,2018-04-30,29.65%,No,11,4,873.2400512695312,1132.1441650390625,1411.7568680612665,24.6976234702898,1417.1313159179688,25.17233755906637
DIVISLAB,Yes,2018-07-02,2018-12-31,42.24%,No,7,12,993.0724487304688,1412.590576171875,1541.9812397203948,9.159813588674002,1559.4757603236608,10.398284303286596
DIVISLAB,Yes,2021-01-15,2021-07-14,26.84%,No,1,7,3535.591552734375,4484.67626953125,4748.212112014358,5.8763626769129935,4388.995296556122,-2.1335090255049427
DIVISLAB,Yes,2023-12-20,2024-06-18,26.09%,No,12,6,3581.608642578125,4516.09228515625,5790.593151855469,28.221320252651193,5888.595134678171,30.391381815494384
DIVISLAB,Yes,2024-02-01,2024-07-30,34.39%,No,2,7,3616.63330078125,4860.2529296875,5830.147192861519,19.95563352782919,5880.882045200893,20.999506204279303
DIXON,Yes,2017-09-27,2018-03-26,25.20%,No,9,3,517.3514404296875,647.714111328125,574.869733025046,-11.246378151884484,434.4583371720224,-32.92436746805251
DIXON,Yes,2017-10-06,2018-04-04,25.21%,No,10,4,532.7537841796875,667.0864868164062,574.869733025046,-13.823807799113744,434.4583371720224,-34.872262329068455
DIXON,Yes,2017-11-01,2018-04-30,33.63%,No,11,4,539.7385864257812,721.2633056640625,404.12663670590047,-43.969610885192104,434.4583371720224,-39.76425339259157
DIXON,Yes,2017-11-02,2018-05-02,29.05%,No,11,5,538.0868530273438,694.388916015625,404.12663670590047,-41.801110676598576,434.4583371720224,-37.43299653097482
DIXON,Yes,2019-04-08,2019-10-07,25.23%,No,4,10,474.9783325195313,594.8016357421875,839.6850631713867,41.170604234071426,771.1015003345631,29.640110920742575
DIXON,Yes,2019-05-02,2019-10-29,27.23%,No,5,10,471.6726684570313,600.1033325195312,800.6905453999838,33.42544558756039,771.1015003345631,28.494787238907133
DIXON,Yes,2019-05-06,2019-11-04,28.83%,No,5,11,466.5150146484375,600.9902954101562,812.2339090200571,35.14925535789792,771.1015003345631,28.30515005376443
DIXON,Yes,2019-06-03,2019-12-02,33.49%,No,6,12,488.61907958984375,652.2646484375,804.9520010318396,23.40880392032623,870.6553363222065,33.48191388386009
DIXON,Yes,2019-07-01,2019-12-30,70.84%,No,7,12,451.5898132324219,771.486083984375,839.5045438326322,8.816550455061062,778.4829294840495,0.9069308759970026
DIXON,Yes,2021-01-01,2021-06-30,62.28%,No,1,6,2718.45556640625,4411.435546875,4295.246513898983,-2.633814588050003,4390.341962541853,-0.47815691987361336
DIXON,Yes,2021-01-04,2021-07-05,67.34%,No,1,7,2748.60986328125,4599.42626953125,4296.5486838600855,-6.585116662866568,4387.929994936342,-4.598318620649668
DIXON,Yes,2021-02-01,2021-08-02,43.23%,No,2,8,3029.43798828125,4339.14306640625,4300.204350490196,-0.8973826241756969,4379.651221742021,0.9335519644278716
DIXON,Yes,2023-02-01,2023-07-31,46.87%,No,2,7,2802.614013671875,4116.14599609375,5238.920603434245,27.277327101760136,5247.441726158405,27.48434412040443
DIXON,Yes,2023-03-01,2023-08-28,68.84%,No,3,8,2925.739013671875,4939.8740234375,6367.064786585366,28.891238043247302,5215.108018663194,5.5716804501457275
DIXON,Yes,2023-03-06,2023-09-04,71.45%,No,3,9,2983.8564453125,5115.72412109375,5137.407393606086,0.4238553917113877,5233.243871228448,2.2972261082283
DIXON,Yes,2023-06-01,2023-11-28,35.41%,No,6,11,3903.947998046875,5286.45703125,6476.961136429398,22.519886157060075,6170.906472911005,16.730476317744213
DIXON,Yes,2023-07-03,2024-01-01,48.35%,No,7,1,4351.21142578125,6455.16845703125,6268.78525390625,-2.887348399436171,6510.028071732954,0.849855663208119
DIXON,Yes,2023-08-01,2024-01-29,42.07%,No,8,1,4129.67626953125,5866.9404296875,7285.2625101023705,24.174816455234005,6653.5802194695725,13.408007107104247
DIXON,Yes,2023-08-07,2024-02-05,33.54%,No,8,2,4683.6884765625,6254.5791015625,6682.220652613147,6.837255458865564,14511.423648231908,132.012792749023
DIXON,Yes,2023-09-01,2024-02-28,29.45%,No,9,2,5050.06787109375,6537.40234375,7968.026294849537,21.883676051654785,14555.30583639706,122.6466273765829
DIXON,Yes,2023-12-01,2024-05-29,55.23%,No,12,5,5946.87646484375,9231.2900390625,14353.28383091518,55.485135557205965,14341.578480113636,55.35833474440503
DIXON,Yes,2023-12-04,2024-06-03,64.71%,No,12,6,5997.38623046875,9878.0703125,14333.269053819444,45.10191363673231,14348.050661321271,45.25155427538136
DIXON,Yes,2024-04-01,2024-09-30,81.87%,No,4,9,7585.96044921875,13796.810546875,14780.53163655599,7.130061591690151,14786.383948501276,7.172479452871924
DLF,Yes,2015-12-11,2016-06-08,28.57%,No,12,6,98.4669418334961,126.59538269042967,135.12654761112097,6.738922652142063,143.08361211316338,13.024352920558913
DLF,Yes,2016-01-04,2016-07-04,36.57%,No,1,7,107.74939727783205,147.15435791015625,135.5541579506614,-7.883014899618029,143.13771112615413,-2.729546607416443
DLF,Yes,2016-02-01,2016-08-01,69.87%,No,2,8,88.04690551757812,149.56222534179688,135.20961164994674,-9.596416246849689,134.8203458432798,-9.856686382425263
DLF,Yes,2016-03-01,2016-08-29,64.21%,No,3,8,89.27547454833984,146.59872436523438,134.8203458432798,-8.034434523870795,134.8203458432798,-8.034434523870795
DLF,Yes,2016-03-08,2016-09-06,43.33%,No,3,9,97.23837280273438,139.37530517578125,134.76498125184258,-3.3078484873084855,134.76498125184258,-3.3078484873084855
DLF,Yes,2016-04-01,2016-09-28,29.03%,No,4,9,111.96327209472656,144.46875,134.70153873524768,-6.760777860092455,134.70153873524768,-6.760777860092455
DLF,Yes,2016-04-04,2016-10-03,28.72%,No,4,10,109.97220611572266,141.5515899658203,134.7983944363064,-4.770836930298388,134.7983944363064,-4.770836930298388
DLF,Yes,2016-10-26,2017-04-24,25.19%,No,10,4,140.8107147216797,176.27967834472656,180.78184945242745,2.553993262284377,180.9043734741211,2.623498733841928
DLF,Yes,2016-11-01,2017-05-02,26.61%,No,11,5,138.4955291748047,175.3535919189453,180.8013655344645,3.1067362555295426,180.9259917590083,3.1778076394572787
DLF,Yes,2016-12-01,2017-05-30,60.36%,No,12,5,103.95266723632812,166.69471740722656,180.56754666283018,8.32229687381935,181.1356077194214,8.663076153107166
DLF,Yes,2017-02-01,2017-07-31,34.46%,No,2,7,133.1705780029297,179.0579071044922,204.236182717716,14.061526810167956,192.89743245442708,7.729078024942291
DLF,Yes,2017-05-29,2017-11-27,34.15%,No,5,11,162.80514526367188,218.40077209472656,201.5105183919271,-7.73360530771095,189.723562435228,-13.130544083910317
DLF,Yes,2017-06-01,2017-11-28,31.54%,No,6,11,163.68495178222656,215.3128204345703,201.59659473316088,-6.370371106432811,189.723562435228,-11.884688495415645
DLF,Yes,2017-06-05,2017-12-04,30.80%,No,6,12,163.8238525390625,214.2835235595703,201.5530692652652,-5.940939407208352,189.723562435228,-11.461432366037565
DLF,Yes,2017-07-03,2018-01-01,33.60%,No,7,1,179.7987823486328,240.2034149169922,196.16652987865692,-18.333163603670343,189.723562435228,-21.015459958888876
DLF,Yes,2017-08-01,2018-01-29,32.63%,No,8,1,179.24310302734375,237.7237243652344,191.6975935266373,-19.361185326157603,171.03745849609376,-28.052002822690543
DLF,Yes,2017-08-08,2018-02-05,29.16%,No,8,2,165.39822387695312,213.6285400390625,190.41599594919305,-10.865844088821177,190.41599594919305,-10.865844088821177
DLF,Yes,2017-09-25,2018-03-26,25.72%,No,9,3,155.89361572265625,195.98988342285156,191.72881062825522,-2.1741289500147345,169.0033732822963,-13.769338329739902
DLF,Yes,2021-07-01,2021-12-28,38.56%,No,7,12,270.5622863769531,374.8901062011719,369.37608780399444,-1.4708359345761262,381.50659866333007,1.7649151985375893
DLF,Yes,2023-05-02,2023-10-30,31.72%,No,5,10,415.4967346191406,547.2962646484375,837.9884104174237,53.11422067821271,839.9856942983774,53.47915718700412
DLF,Yes,2023-09-01,2024-02-28,78.64%,No,9,2,496.7568054199219,887.4006958007812,829.2120261968569,-6.557203513505872,828.0888896372127,-6.683768273366769
DLF,Yes,2023-11-01,2024-04-29,54.14%,No,11,4,567.4329833984375,874.6671142578125,816.5234774076022,-6.647516055242041,837.246083577474,-4.278316867107967
DMART,Yes,2017-03-21,2017-09-18,69.81%,No,3,9,641.5999755859375,1089.5,1121.32553295379,2.9211136258641477,1127.6379310344828,3.5004984887088377
DMART,Yes,2017-04-03,2017-10-03,73.58%,No,4,10,634.25,1100.949951171875,1121.895556640625,1.902502965412287,1125.8433976083431,2.2610879277455815
DMART,Yes,2017-05-02,2017-10-30,52.59%,No,5,10,752.2999877929688,1147.9000244140625,1128.4293504797895,-1.6961994529281135,1128.5414909200465,-1.686430271129006
DMART,Yes,2017-05-05,2017-11-01,42.39%,No,5,11,808.9000244140625,1151.800048828125,1127.6215931285512,-2.0991886329726785,1127.7566677517361,-2.08746136977953
DMART,Yes,2017-06-01,2017-11-28,45.23%,No,6,11,776.8499755859375,1128.25,1479.2263929578994,31.108033942645637,1477.1564127604167,30.924565722172986
DMART,Yes,2017-06-05,2017-12-04,45.70%,No,6,12,789.75,1150.699951171875,1479.2263929578994,28.550139543453746,1477.732142857143,28.42028378920306
DMART,Yes,2017-07-03,2018-01-01,39.34%,No,7,1,840.0499877929688,1170.5,1478.456760715794,26.309847135052884,1478.9928588867188,26.35564791855777
DMART,Yes,2017-08-01,2018-01-29,29.02%,No,8,1,916.0499877929688,1181.9000244140625,1478.456760715794,25.091524678557487,1580.7857167769453,33.7495290738008
DMART,Yes,2017-08-09,2018-02-05,25.65%,No,8,2,889.25,1117.300048828125,1478.0368459601152,32.28647465918822,1580.7857167769453,41.482649932302884
DMART,Yes,2017-09-01,2018-02-28,28.59%,No,9,2,1048.4000244140625,1348.1500244140625,1483.9500054253472,10.073061495533965,1481.958337854456,9.925328117584666
DMART,Yes,2017-09-04,2018-03-05,28.77%,No,9,3,1020.6500244140624,1314.300048828125,1484.0474384014424,12.915421385297062,1481.5723244803291,12.727099553967896
DMART,Yes,2017-10-09,2018-04-09,28.99%,No,10,4,1116.75,1440.5,1484.8061017292302,3.0757446531919643,1481.5209466057854,2.847688067045152
DMART,Yes,2017-11-01,2018-04-30,29.42%,No,11,4,1151.800048828125,1490.6500244140625,1584.3090959028764,6.283102670301766,1480.818031185963,-0.6595775713326255
DMART,Yes,2017-11-02,2018-05-02,30.14%,No,11,5,1149.449951171875,1495.8499755859375,1584.3090959028764,5.913635843212731,1480.5674987792968,-1.0216583919556796
DMART,Yes,2017-12-01,2018-05-30,40.52%,No,12,5,1114.4000244140625,1565.949951171875,1584.7360527570856,1.1996616859403528,1480.262743183211,-5.47189952811329
DMART,Yes,2017-12-04,2018-06-04,29.17%,No,12,6,1150.699951171875,1486.4000244140625,1585.0357200985864,6.635878233613858,1480.1399975585937,-0.42115357593165537
DMART,Yes,2018-01-01,2018-07-02,30.36%,No,1,7,1170.5,1525.9000244140625,1479.865786903783,-3.0168580361584625,1479.0806773792613,-3.0683102618587097
DMART,Yes,2018-02-01,2018-07-31,40.93%,No,2,7,1174.300048828125,1654.9000244140625,1479.5220890488736,-10.597494276265035,1478.223463408801,-10.675965822637286
DMART,Yes,2018-02-02,2018-08-01,47.10%,No,2,8,1135.0999755859375,1669.699951171875,1479.5220890488736,-11.38994236596375,1478.223463408801,-11.467718354347834
DMART,Yes,2019-04-03,2019-09-30,25.84%,No,4,9,1478.550048828125,1860.5999755859375,1842.1291605631511,-0.9927343472618063,2261.4040461359796,21.541657304591837
DMART,Yes,2019-07-01,2019-12-30,32.08%,No,7,12,1426.050048828125,1883.550048828125,2281.5054040857262,21.1279416496097,2283.751692432468,21.24719987415964
DMART,Yes,2021-03-01,2021-08-30,33.69%,No,3,8,2908.449951171875,3888.35009765625,4157.548985799153,6.923216309795927,4173.235620530985,7.326642810441719
DRREDDY,Yes,2016-01-13,2016-07-11,25.44%,No,1,7,540.630615234375,678.1749877929688,581.0993727080676,-14.314242906660565,584.9006200330011,-13.753731623679718
DRREDDY,Yes,2018-03-23,2018-09-19,26.90%,No,3,9,392.61383056640625,498.2314453125,498.58596996550864,0.07115661934711374,498.44152589828246,0.04216526029397793
DRREDDY,Yes,2018-05-21,2018-11-19,34.73%,No,5,11,358.65350341796875,483.2295837402344,499.51913253120756,3.370975068391057,499.73527557995857,3.4157039210987166
DRREDDY,Yes,2018-06-01,2018-11-28,33.65%,No,6,11,367.8138427734375,491.5809631347656,493.1898056833368,0.3272792620592362,494.3507634376993,0.56344742995557
DRREDDY,Yes,2018-06-04,2018-12-03,34.82%,No,6,12,378.158203125,509.8506774902344,493.17211366311096,-3.2712644237768753,494.3507634376993,-3.040088939144728
DRREDDY,Yes,2018-07-19,2019-01-15,27.87%,No,7,1,387.7914733886719,495.880859375,508.6781343158923,2.5807156495255263,504.2572503340872,1.689194249127634
DRREDDY,Yes,2018-08-09,2019-02-05,26.09%,No,8,2,427.6369934082031,539.19482421875,508.6165937943892,-5.671091236579693,530.6085827636718,-1.592419116321995
DRREDDY,Yes,2023-02-01,2023-07-31,30.63%,No,2,7,853.0530395507812,1114.38134765625,1119.7464442099295,0.48144170440067396,1154.04956585428,3.559662792405812
DRREDDY,Yes,2023-02-02,2023-08-01,30.69%,No,2,8,856.6994018554688,1119.6368408203125,1119.75009765625,0.01011549743706292,1154.7601716414742,3.1370288597710223
DRREDDY,Yes,2023-03-01,2023-08-28,34.00%,No,3,8,851.6220703125,1141.142333984375,1101.4041748046875,-3.4823139932894307,1129.61573718843,-1.0100928212608686
EICHERMOT,Yes,2016-01-18,2016-07-18,29.78%,No,1,7,1433.052978515625,1859.8309326171875,2121.6328353881836,14.076650634183386,2151.5405630716464,15.684739152281967
EICHERMOT,Yes,2016-02-01,2016-08-01,31.47%,No,2,8,1582.698974609375,2080.820068359375,2138.816926033266,2.7872115689281483,2362.507150607639,13.537310915612242
EICHERMOT,Yes,2016-03-17,2016-09-14,25.98%,No,3,9,1671.9058837890625,2106.26025390625,2379.150254193474,12.956138719378341,2178.7955993652345,3.443797855676245
EICHERMOT,Yes,2016-04-01,2016-09-28,33.93%,No,4,9,1794.573486328125,2403.435302734375,2378.414343631629,-1.0410498287297276,2179.8960290857262,-9.300823425300003
EICHERMOT,Yes,2016-04-04,2016-10-03,32.26%,No,4,10,1817.86083984375,2404.33935546875,2377.6041870117188,-1.111954865947738,2179.8960290857262,-9.334927113035018
EICHERMOT,Yes,2016-05-02,2016-11-01,27.53%,No,5,11,1850.5245361328125,2360.0439453125,2147.8967678931454,-8.989119793329257,2178.26025390625,-7.702555359924856
EICHERMOT,Yes,2016-06-10,2016-12-07,25.57%,No,6,12,1735.4908447265625,2179.31884765625,2179.1633048221984,-0.0071372224499828794,2899.2332861328123,33.033919715364036
EICHERMOT,Yes,2016-11-11,2017-05-10,28.52%,No,11,5,2021.169189453125,2597.557861328125,2620.854736328125,0.8968760752874381,2619.8709994229403,0.8590044682741583
EICHERMOT,Yes,2016-12-01,2017-05-30,27.57%,No,12,5,2069.360595703125,2639.88232421875,2619.0897352430557,-0.7876331753479855,2866.104992378049,8.56942243538251
EICHERMOT,Yes,2016-12-05,2017-06-05,28.91%,No,12,6,2120.259765625,2733.283447265625,2617.025689019097,-4.253410247767461,2866.104992378049,4.859413510344066
EICHERMOT,Yes,2017-02-01,2017-07-31,25.61%,No,2,7,2239.68359375,2813.291015625,2922.0138602120537,3.864614218124174,2866.104992378049,1.8773022932828602
EICHERMOT,Yes,2017-03-01,2017-08-28,32.41%,No,3,8,2209.8623046875,2926.1875,2866.016957310268,-2.0562777569698447,2620.816271330181,-10.435805247265227
EICHERMOT,Yes,2017-05-02,2017-10-30,25.94%,No,5,10,2403.82666015625,3027.445068359375,2607.9911941002156,-13.855044923621646,2648.7348858173077,-12.509233825580093
EICHERMOT,Yes,2022-06-02,2022-11-29,26.26%,No,6,11,2612.8037109375,3299.0029296875,3131.113299113948,-5.089102196991849,3230.920192718506,-2.0637367841150516
EICHERMOT,Yes,2023-10-20,2024-04-18,25.00%,No,10,4,3398.68505859375,4248.43017578125,4791.798646054025,12.789864674493662,4726.216259765625,11.246179511388918
EICHERMOT,Yes,2023-11-01,2024-04-29,39.29%,No,11,4,3204.72705078125,4463.8681640625,4770.421369280134,6.867434116572219,4729.730895996094,5.955882256424797
ETERNAL,Yes,2022-05-12,2022-11-09,25.70%,No,5,11,51.95000076293945,65.30000305175781,54.1,-17.151611835118157,52.026190560961524,-20.327430123204213
ETERNAL,Yes,2022-12-22,2023-06-20,28.67%,No,12,6,58.95000076293945,75.8499984741211,97.86874961853027,29.02933630502531,104.18181818181819,37.35243279848383
ETERNAL,Yes,2023-01-04,2023-07-07,29.99%,No,1,7,56.349998474121094,73.25,102.51911746754365,39.95783954613468,188.5942862374442,157.46660237193748
ETERNAL,Yes,2023-01-30,2023-08-03,82.59%,No,1,8,47.400001525878906,86.55000305175781,96.09857112339564,11.032429503125133,98.32959155647121,13.610153771651612
ETERNAL,Yes,2023-02-01,2023-08-03,79.75%,No,2,8,48.150001525878906,86.55000305175781,96.09857112339564,11.032429503125133,98.32959155647121,13.610153771651612
ETERNAL,Yes,2023-03-01,2023-08-28,68.06%,No,3,8,54.95000076293945,92.3499984741211,120.69333318074544,30.691212966903187,189.01940063476562,104.67721034963941
ETERNAL,Yes,2023-03-06,2023-09-04,81.74%,No,3,9,53.95000076293945,98.0500030517578,101.98499959309896,4.013254889205859,189.84734733737244,93.622989728167
ETERNAL,Yes,2023-04-03,2023-10-03,102.69%,No,4,10,51.95000076293945,105.3000030517578,117.61379294559873,11.694007157614585,188.68814878110533,79.19101929024637
ETERNAL,Yes,2023-05-02,2023-10-30,69.74%,No,5,10,63.45000076293945,107.6999969482422,122.05135139259133,13.325306268342803,189.5949062131486,76.03984362623792
ETERNAL,Yes,2023-06-01,2023-11-28,67.48%,No,6,11,67.94999694824219,113.8000030517578,184.71722284952799,62.31741467134765,269.57999976905614,136.8892728820468
ETERNAL,Yes,2023-06-05,2023-12-04,64.77%,No,6,12,71.25,117.4000015258789,184.90864934148016,57.50310642093142,269.57999976905614,129.62520976597403
ETERNAL,Yes,2023-07-07,2024-01-03,74.13%,No,7,1,73.25,127.5500030517578,186.76212846471907,46.42267659447559,188.8543144674862,48.06296350369516
ETERNAL,Yes,2023-08-03,2024-01-30,58.52%,No,8,1,86.55000305175781,137.1999969482422,193.71666717529297,41.19290924501357,277.7852376302083,102.46737886954985
ETERNAL,Yes,2023-08-07,2024-02-05,43.70%,No,8,2,97.5999984741211,140.25,194.11764750761145,38.408304818261286,277.7852376302083,98.06434055629826
ETERNAL,Yes,2023-09-01,2024-02-28,63.94%,No,9,2,97.1999969482422,159.35000610351562,185.6556416046925,16.508085656481512,187.1097685348156,17.42062213243149
ETERNAL,Yes,2023-09-04,2024-03-04,73.18%,No,9,3,98.0500030517578,169.8000030517578,185.6556416046925,9.337831724362005,187.1097685348156,10.194207992906506
ETERNAL,Yes,2023-10-03,2024-04-01,75.21%,No,10,4,105.3000030517578,184.5,191.63235338996438,3.8657741951026448,191.63235338996438,3.8657741951026448
ETERNAL,Yes,2023-11-01,2024-04-29,86.69%,No,11,4,103.6999969482422,193.6000061035156,270.40812587738037,39.67361433490679,218.577297726193,12.901493200016917
ETERNAL,Yes,2023-11-03,2024-05-02,67.77%,No,11,5,116.5,195.4499969482422,270.40812587738037,38.35156311053211,218.577297726193,11.832847858306813
ETERNAL,Yes,2023-12-01,2024-05-29,57.65%,No,12,5,116.3000030517578,183.3500061035156,270.40812587738037,47.48192902961431,230.33844401041668,25.62772639362356
ETERNAL,Yes,2024-02-01,2024-07-30,61.60%,No,2,7,140.5500030517578,227.1300048828125,277.16892896379744,22.030961566175492,262.5160465684048,15.579642022131646
ETERNAL,Yes,2024-04-01,2024-09-30,48.13%,No,4,9,184.5,273.29998779296875,226.54777738783093,-17.106554150508682,223.48487188877203,-18.22726605532557
ETERNAL,Yes,2024-07-01,2024-12-30,38.30%,No,7,12,203.97000122070312,282.1000061035156,223.48487188877203,-20.778140002320654,225.19744163335756,-20.171061056013542
EXIDEIND,Yes,2016-01-13,2016-07-11,25.76%,No,1,7,124.8218994140625,156.97752380371094,159.50798465894616,1.611989279687822,160.0898974282401,1.982687424997841
EXIDEIND,Yes,2016-02-01,2016-08-01,44.52%,No,2,8,111.48043060302734,161.11212158203125,159.51064989043445,-0.9940106777014913,159.89533532184103,-0.7552419074629865
EXIDEIND,Yes,2016-03-01,2016-08-29,40.53%,No,3,8,115.77684783935548,162.70233154296875,174.32154938668916,7.141396028889628,202.3555694580078,24.37164700652545
EXIDEIND,Yes,2016-03-08,2016-09-06,45.96%,No,3,9,118.1285400390625,172.4253692626953,174.38080501556396,1.1340765928066456,202.3555694580078,17.358350643699605
EXIDEIND,Yes,2016-04-01,2016-09-28,34.98%,No,4,9,127.94242095947266,172.69798278808594,160.12447724518952,-7.2806325470084365,202.28213464646112,17.130571753508708
EXIDEIND,Yes,2016-04-04,2016-10-03,33.74%,No,4,10,128.07814025878906,171.2895050048828,208.69028309413366,21.83483342320634,202.28213464646112,18.093711953160714
EXIDEIND,Yes,2016-05-02,2016-11-01,41.94%,No,5,11,129.93235778808594,184.42019653320312,208.6578879220145,13.142644810297455,194.99801671227743,5.735716791284229
EXIDEIND,Yes,2016-10-17,2017-04-17,25.51%,No,10,4,168.4271240234375,211.3928375244141,205.61660124126234,-2.7324654660944416,205.65264827647107,-2.7154133106709817
EXIDEIND,Yes,2016-11-09,2017-05-08,25.59%,No,11,5,174.33607482910156,218.95074462890625,205.67196800595238,-6.0647323421802986,189.7301788330078,-13.345725699825135
EXIDEIND,Yes,2016-12-01,2017-05-30,26.98%,No,12,5,164.0298309326172,208.27804565429688,188.78199768066406,-9.360587148005342,189.7301788330078,-8.905339380836661
EXIDEIND,Yes,2016-12-05,2017-06-05,28.69%,No,12,6,161.876953125,208.32383728027344,188.78199768066406,-9.380510581378307,189.7301788330078,-8.925362882141137
EXIDEIND,Yes,2018-02-01,2018-07-31,27.68%,No,2,7,203.6068878173828,259.9683532714844,240.68772931780134,-7.416527323827113,197.23847452799478,-24.129813476943067
EXIDEIND,Yes,2022-06-01,2022-11-28,26.20%,No,6,11,144.6724395751953,182.57337951660156,175.6644988478276,-3.7841665017466273,176.2654899828362,-3.4549886464646367
EXIDEIND,Yes,2022-06-06,2022-12-05,30.74%,No,6,12,144.08255004882812,188.37403869628903,175.79371591341697,-6.678373978674957,176.48702516417572,-6.310324721167371
EXIDEIND,Yes,2022-07-01,2022-12-28,25.81%,No,7,12,139.01925659179688,174.90469360351562,176.10032912432138,0.6835925875814913,177.1741706000434,1.2975506544566249
EXIDEIND,Yes,2022-07-04,2023-01-02,27.03%,No,7,1,140.39569091796875,178.3457794189453,176.0739645276751,-1.2738259905403146,177.61850247317798,-0.4077903879401095
EXIDEIND,Yes,2023-05-02,2023-10-30,33.07%,No,5,10,189.4063415527344,252.03790283203125,326.4466513775765,29.522840695565687,326.4466513775765,29.522840695565687
EXIDEIND,Yes,2023-08-04,2024-01-31,30.51%,No,8,1,254.36697387695312,331.9704895019531,476.0190340367759,43.39197280786468,450.7810106065538,35.789482758798556
EXIDEIND,Yes,2023-08-07,2024-02-05,31.98%,No,8,2,260.6604919433594,344.01239013671875,476.0190340367759,38.372642289888034,450.7810106065538,31.036271812013126
EXIDEIND,Yes,2023-11-01,2024-04-29,80.45%,No,11,4,250.204345703125,451.4976806640625,491.2530449761285,8.805220051982063,366.89657521802326,-18.73788262247726
FEDERALBNK,Yes,2016-01-12,2016-07-11,27.25%,No,1,7,44.15768051147461,56.192359924316406,65.21021270751953,16.048183054331524,63.45591778225369,12.926237423949319
FEDERALBNK,Yes,2016-02-01,2016-08-01,40.11%,No,2,8,42.922176361083984,60.13665008544922,64.45620803833008,7.182904180301232,65.52297772859272,8.956813582881612
FEDERALBNK,Yes,2016-03-01,2016-08-29,42.70%,No,3,8,43.471290588378906,62.03326797485352,65.72874623424602,5.957252261626026,65.97213151719835,6.3495986442976475
FEDERALBNK,Yes,2016-03-08,2016-09-06,46.49%,No,3,9,45.347415924072266,66.42787170410156,65.8019550868443,-0.9422499941671526,66.06334701538086,-0.5487526235139024
FEDERALBNK,Yes,2016-04-01,2016-09-28,63.37%,No,4,9,42.78489685058594,69.89729309082031,65.6964758795661,-6.009985545214077,104.42250735943134,49.39420790409015
FEDERALBNK,Yes,2016-04-04,2016-10-03,67.47%,No,4,10,41.046043395996094,68.74081420898438,65.68904615129743,-4.439528528726793,104.45127360026042,51.94942742852865
FEDERALBNK,Yes,2016-05-02,2016-11-01,78.24%,No,5,11,42.510345458984375,75.77218627929688,108.34296192842372,42.98513379179889,108.21116082142976,42.81118987719658
FEDERALBNK,Yes,2016-06-01,2016-11-28,38.79%,No,6,11,46.6286735534668,64.7162857055664,104.32905599806044,61.20989463566641,108.14051604270935,67.09938597945204
FEDERALBNK,Yes,2016-06-06,2016-12-05,28.63%,No,6,12,49.05391311645508,63.09721374511719,104.14173684469084,65.04966014089632,103.79275011660448,64.4965664187296
FEDERALBNK,Yes,2016-07-18,2017-01-16,26.39%,No,7,1,54.68230438232422,69.11087799072266,105.76927160838294,53.04287064994493,105.8463613489172,53.1544156668446
FEDERALBNK,Yes,2016-08-03,2017-01-30,25.12%,No,8,1,57.268592834472656,71.65513610839844,105.97668673387214,47.898242177019604,105.89922886104374,47.790144032161955
FEDERALBNK,Yes,2016-08-08,2017-02-06,32.18%,No,8,2,58.795135498046875,77.71504211425781,107.12448414585046,37.84266369997516,106.96411241803851,37.636305029312446
FEDERALBNK,Yes,2016-09-01,2017-02-28,25.41%,No,9,2,64.4387435913086,80.81441497802734,104.30450071607318,29.066702697077694,104.20285546779633,28.9409265613419
FEDERALBNK,Yes,2016-09-02,2017-03-01,25.61%,No,9,3,64.85506439208984,81.4620361328125,104.28501945629455,28.016711104878787,104.20285546779633,27.915849412244114
FEDERALBNK,Yes,2016-10-13,2017-04-11,30.40%,No,10,4,65.27140045166016,85.11647033691406,106.28374272008097,24.868597463429936,105.7670995439802,24.261613675150464
FEDERALBNK,Yes,2016-11-01,2017-05-02,37.36%,No,11,5,75.77218627929688,104.0826644897461,104.7317539712657,0.6236288095637255,105.79151164621547,1.6418172659652897
FEDERALBNK,Yes,2016-12-01,2017-05-30,59.12%,No,12,5,64.16118621826172,102.0935287475586,105.92851761848696,3.756348632449516,106.91974377241291,4.727248714056945
FEDERALBNK,Yes,2016-12-05,2017-06-05,67.38%,No,12,6,63.09721374511719,105.60921478271484,105.9118232080492,0.28653600536369456,106.95403184561894,1.2733898890082518
FEDERALBNK,Yes,2017-02-01,2017-07-31,46.41%,No,2,7,73.41297149658203,107.4841079711914,105.67507054255559,-1.683074328644648,105.5819582939148,-1.7697031804798882
FEDERALBNK,Yes,2021-01-01,2021-06-30,27.99%,No,1,6,65.04693603515625,83.25623321533203,78.91462679262514,-5.214752403556208,94.29229842291937,13.255542295606759
FEDERALBNK,Yes,2022-05-02,2022-10-31,41.55%,No,5,10,91.10969543457033,128.9690399169922,131.1144552230835,1.6635118843035146,132.31814704507084,2.596830316977027
FEDERALBNK,Yes,2022-07-01,2022-12-28,45.25%,No,7,12,90.24243927001952,131.0776824951172,132.2684894908558,0.9084742521160954,131.79837923916904,0.5498241427015591
FORTIS,Yes,2016-02-16,2016-08-16,26.70%,No,2,8,149.45838928222656,189.3570556640625,174.4299287062425,-7.883058228525773,174.92463302612305,-7.6218034692850045
FORTIS,Yes,2016-07-12,2017-01-09,27.49%,No,7,1,154.92398071289062,197.5056915283203,194.5524344444275,-1.495276951788174,149.3128303393983,-24.400745525863318
FORTIS,Yes,2016-11-01,2017-05-02,26.95%,No,11,5,177.5315399169922,225.3801116943359,148.17112990159254,-34.257229359019675,150.2397922334217,-33.33937448873959
FORTIS,Yes,2021-01-01,2021-06-30,56.03%,No,1,6,155.02334594726562,241.87615966796875,273.61331767420614,13.121242725948692,270.53100734803735,11.846908649204634
FORTIS,Yes,2021-01-04,2021-07-05,58.62%,No,1,7,154.77491760253906,245.5033264160156,273.6381854433002,11.460072430794238,237.31561388288225,-3.335071932695091
FORTIS,Yes,2021-03-01,2021-08-30,67.32%,No,3,8,169.68099975585938,283.911376953125,273.6562122545744,-3.6121006521847647,270.29815101623535,-4.79488567277008
FORTIS,Yes,2021-03-05,2021-09-01,60.32%,No,3,9,176.28936767578125,282.6194763183594,273.6562122545744,-3.171495531924415,270.29815101623535,-4.359687259573204
FORTIS,Yes,2021-04-01,2021-09-28,30.16%,No,4,9,200.9837951660156,261.6018981933594,270.52509173224956,3.410981954073871,266.7989398063497,1.9866222871016888
FORTIS,Yes,2021-04-05,2021-10-04,27.71%,No,4,10,218.02642822265625,278.44580078125,270.52509173224956,-2.8446142936172447,266.74967130025226,-4.200504891142655
FORTIS,Yes,2021-05-20,2021-11-16,28.84%,No,5,11,220.0139007568359,283.46417236328125,270.3190379423254,-4.63731776448607,267.3552706736439,-5.682870450729334
FORTIS,Yes,2021-06-01,2021-11-29,25.30%,No,6,11,228.6097412109375,286.44537353515625,270.3190379423254,-5.629811853411423,267.3961598322942,-6.650208194241998
FORTIS,Yes,2021-06-04,2021-12-01,26.28%,No,6,12,225.52914428710935,284.8056945800781,270.3190379423254,-5.086505260757542,267.3961598322942,-6.112776211674005
FORTIS,Yes,2023-05-02,2023-10-30,25.78%,No,5,10,259.0678405761719,325.8436584472656,426.56238955543154,30.910140030994704,428.2805465172077,31.43743492142273
FORTIS,Yes,2023-08-02,2024-01-29,26.61%,No,8,1,333.9175109863281,422.7794189453125,438.29975360372794,3.6710241707444675,435.38566413292517,2.9817546982445045
FORTIS,Yes,2023-08-07,2024-02-05,34.39%,No,8,2,322.8533630371094,433.8933715820313,442.35085207916967,1.949207121164653,436.23579309341756,0.5398610960212361
FORTIS,Yes,2023-09-01,2024-02-28,29.93%,No,9,2,323.35174560546875,420.1379699707031,458.53647180505703,9.139498112258575,609.1384229473039,44.98533017374746
FORTIS,Yes,2023-09-13,2024-03-11,25.80%,No,9,3,326.98992919921875,411.3664245605469,467.48154110378687,13.64115134169894,612.0216430664062,48.77773355475344
FORTIS,Yes,2023-10-03,2024-04-01,26.25%,No,10,4,338.6521301269531,427.5639343261719,439.28528118133545,2.7414255305785016,597.6744110107422,39.78597421989286
FORTIS,Yes,2023-11-01,2024-04-29,35.37%,No,11,4,326.24237060546875,441.6183166503906,480.8365287780762,8.880567369838703,604.1546436066324,36.80470687652986
FORTIS,Yes,2023-12-18,2024-06-18,25.78%,No,12,6,391.0821533203125,491.9053039550781,607.650746871014,23.53002539011167,603.3405400490274,22.653798444126096
FORTIS,Yes,2024-07-01,2024-12-30,54.23%,No,7,12,470.0262451171875,724.942626953125,640.6364674287684,-11.629356088313994,658.2291578209919,-9.202586060158225
FORTIS,Yes,2025-02-01,2025-07-31,36.95%,No,2,7,626.1094970703125,857.4500122070312,942.2684229800576,9.8919365053956,942.2684229800576,9.8919365053956
GAIL,Yes,2016-07-29,2017-01-25,25.61%,No,7,1,50.358829498291016,63.25798034667969,68.01061947062864,7.513106011134943,69.42669010162354,9.751670415553559
GAIL,Yes,2016-08-01,2017-01-30,28.30%,No,8,1,50.12797927856445,64.31471252441406,68.34603663853237,6.268121174588166,69.42669010162354,7.948379735459364
GAIL,Yes,2016-08-05,2017-02-01,27.72%,No,8,2,50.4643669128418,64.45428466796875,69.25926241667375,7.454861648775515,68.27776630946568,5.932082965769142
GAIL,Yes,2016-09-01,2017-02-28,35.33%,No,9,2,51.678001403808594,69.9337158203125,67.6030072468083,-3.332739503636147,68.31095759073894,-2.3204232901667536
GAIL,Yes,2016-09-02,2017-03-01,31.22%,No,9,3,52.20565414428711,68.50636291503906,67.6030072468083,-1.3186449109130085,68.30795135498047,-0.28962500943840236
GAIL,Yes,2016-10-03,2017-04-03,35.33%,No,10,4,51.28828048706055,69.40604400634766,68.4245155652364,-1.4141829507261414,68.4245155652364,-1.4141829507261414
GAIL,Yes,2016-11-01,2017-05-02,34.82%,No,11,5,57.46919631958008,77.4786148071289,68.36827619685683,-11.758520248394822,68.36827619685683,-11.758520248394822
GAIL,Yes,2016-12-01,2017-05-30,25.16%,No,12,5,58.43953704833984,73.14018249511719,68.36246581304641,-6.5322733948465785,82.70987822792746,13.08404683492435
GAIL,Yes,2016-12-05,2017-06-05,26.36%,No,12,6,56.81787872314453,71.79625701904297,68.36246581304641,-4.782688330236756,82.71009016036987,15.201117153547658
GAIL,Yes,2017-06-12,2017-12-11,27.07%,No,6,12,68.8017349243164,87.42446899414062,83.69668232310902,-4.2640083650739165,85.41303027759899,-2.3007731584580102
GAIL,Yes,2021-01-01,2021-06-30,25.61%,No,1,6,66.21456909179688,83.1746826171875,80.31354579925537,-3.439913117673742,80.81485598427909,-2.8371934327294515
GAIL,Yes,2023-01-30,2023-07-31,30.18%,No,1,7,84.99751281738281,110.64701080322266,109.90379624139695,-0.6716987259126778,112.21176343645368,1.4141842801463638
GAIL,Yes,2023-02-01,2023-07-31,28.69%,No,2,7,85.98221588134766,110.64701080322266,109.90379624139695,-0.6716987259126778,112.21176343645368,1.4141842801463638
GAIL,Yes,2023-02-02,2023-08-01,33.01%,No,2,8,84.05757904052734,111.80829620361328,109.85734502280631,-1.7449073521826182,112.21761078765427,0.36608605795726
GAIL,Yes,2023-11-01,2024-04-29,83.75%,No,11,4,109.25347900390624,200.7576446533203,212.4123761576991,5.805373700465972,194.65335442038145,-3.0406265442494607
GAIL,Yes,2024-03-01,2024-08-28,27.87%,No,3,8,176.42337036132812,225.590087890625,187.40161052503083,-16.92826033389794,187.4577866811601,-16.903358461366867
GAIL,Yes,2024-03-13,2024-09-09,29.08%,No,3,9,161.6216278076172,208.61358642578125,187.71379852294922,-10.018421264363612,187.4577866811601,-10.141141862851676
GAIL,Yes,2024-04-01,2024-09-30,31.77%,No,4,9,174.69891357421875,230.2078399658203,187.7698300448331,-18.434650152352813,187.4577866811601,-18.57019869132496
GAIL,Yes,2024-04-04,2024-10-01,28.56%,No,4,10,178.67477416992188,229.7000732421875,187.80369240897042,-18.23960273144669,187.4577866811601,-18.390192900151437
GLENMARK,Yes,2018-03-09,2018-09-05,26.37%,No,3,9,516.6386108398438,652.8843994140625,623.7634069269353,-4.46035967673023,627.0424122996144,-3.958125992540218
GLENMARK,Yes,2018-05-10,2018-11-06,27.92%,No,5,11,499.5352478027344,639.01416015625,632.486989166777,-1.021443873462366,622.5339768100793,-2.5790012763005215
GLENMARK,Yes,2021-01-01,2021-06-30,29.83%,No,1,6,493.6458740234375,640.9244384765625,510.7909352919635,-20.30403201568008,497.0548151580381,-22.447205112117985
GLENMARK,Yes,2021-01-04,2021-07-05,28.66%,No,1,7,505.43206787109375,650.3042602539062,510.7909352919635,-21.45354620735083,497.0548151580381,-23.565806724998712
GLENMARK,Yes,2021-02-01,2021-08-02,26.27%,No,2,8,471.104736328125,594.8599853515625,514.9673426701472,-13.430495351641225,508.605479072122,-14.499967791322193
GLENMARK,Yes,2022-10-11,2023-04-10,27.03%,No,10,4,381.4456787109375,484.5418395996094,787.4533822195871,62.51504366893932,787.9713350736178,62.62193905169071
GLENMARK,Yes,2022-10-31,2023-05-02,34.45%,No,10,5,401.8066711425781,540.2117919921875,780.270264845628,44.43784389973336,781.4373697309352,44.65388969928969
GLENMARK,Yes,2022-11-01,2023-05-02,31.57%,No,11,5,410.5967102050781,540.2117919921875,780.270264845628,44.43784389973336,781.4373697309352,44.65388969928969
GLENMARK,Yes,2022-12-01,2023-05-30,38.25%,No,12,5,427.7793884277344,591.4121704101562,777.8051258433949,31.516591094831774,792.6872297014509,34.032958630477
GLENMARK,Yes,2022-12-05,2023-06-05,41.82%,No,12,6,432.84478759765625,613.85888671875,786.9459974500868,28.19656348978452,767.6614534892733,25.055036279207698
GLENMARK,Yes,2023-02-01,2023-07-31,105.87%,No,2,7,380.1048889160156,782.5074462890625,778.2212524414062,-0.5477511898427234,769.9569516389266,-1.6038818173111231
GLENMARK,Yes,2023-03-01,2023-08-28,78.78%,No,3,8,426.1902160644531,761.9478149414062,784.8315388072621,3.003319048511947,776.8667153751148,1.9579950412819083
GLENMARK,Yes,2023-04-03,2023-10-03,76.24%,No,4,10,476.2484130859375,839.3360595703125,799.1057900821461,-4.793106292700184,779.6364402077414,-7.112719474144067
GLENMARK,Yes,2023-05-02,2023-10-30,38.32%,No,5,10,540.2117919921875,747.2442016601562,895.70068359375,19.86719757794938,887.727183216023,18.80014341278996
GLENMARK,Yes,2023-06-01,2023-11-28,26.85%,No,6,11,605.4662475585938,768.0134887695312,903.1502100107621,17.595618204276516,909.3486434273098,18.402691713685638
GLENMARK,Yes,2023-06-05,2023-12-04,25.88%,No,6,12,613.85888671875,772.7449951171875,909.3486434273098,17.677713757228048,915.6699593283913,18.495747641759763
GLENMARK,Yes,2023-07-03,2024-01-01,30.13%,No,7,1,654.9782104492188,852.3355712890625,924.6997572954963,8.490105123383625,1672.861268509266,96.26791663514052
GLENMARK,Yes,2023-09-26,2024-03-26,25.58%,No,9,3,759.29736328125,953.4921875,1684.788550967262,76.69662877728214,1512.2805200693558,58.6043954942584
GLENMARK,Yes,2023-11-01,2024-04-29,43.56%,No,11,4,743.2098388671875,1066.950927734375,1688.9212704613096,58.294184536458694,1519.791605198637,42.4425028080579
GLENMARK,Yes,2024-04-01,2024-09-30,70.58%,No,4,9,978.6444091796876,1669.4052734375,1518.4480072021483,-9.042577535682096,1414.9337305529364,-15.2432454200038
GLENMARK,Yes,2024-07-01,2024-12-30,25.61%,No,7,12,1262.5404052734375,1585.9100341796875,1414.0937607079222,-10.833923095810242,1414.0937607079222,-10.833923095810242
GMRAIRPORT,Yes,2016-02-11,2016-08-09,33.33%,No,2,8,9.459749221801758,12.612998008728027,11.556365946064824,-8.377326801542564,11.43236300002697,-9.360462975448616
GMRAIRPORT,Yes,2016-03-17,2016-09-14,25.97%,No,3,9,10.405723571777344,13.108509063720703,14.932206702954842,13.912319321511783,15.038297939300538,14.721650389064807
GMRAIRPORT,Yes,2016-09-29,2017-03-28,33.60%,No,9,3,11.126465797424316,14.865320205688477,15.319701049638832,3.056650227934401,15.331514479622008,3.136119958957454
GMRAIRPORT,Yes,2016-10-06,2017-04-05,28.79%,No,10,4,11.57693099975586,14.91036605834961,15.580112943109476,4.491820537060642,15.338307196094144,2.8700914254542607
GMRAIRPORT,Yes,2016-11-02,2017-05-02,29.43%,No,11,5,11.937301635742188,15.450922966003418,15.321847933989305,-0.8353871953029319,15.331053976285256,-0.7758047204164376
GMRAIRPORT,Yes,2016-12-01,2017-05-30,27.66%,No,12,5,10.585908889770508,13.513927459716797,15.527001614040799,14.896292438483972,15.539539180818151,14.989067590746144
GMRAIRPORT,Yes,2016-12-05,2017-06-05,40.34%,No,12,6,10.721049308776855,15.045504570007324,15.921408038669162,5.821695540925358,15.910249022186779,5.747527097916622
GMRAIRPORT,Yes,2017-01-02,2017-07-03,62.66%,No,1,7,10.85618782043457,17.6581974029541,15.911040237971715,-9.894312115290422,15.744082496279763,-10.839809200196845
GMRAIRPORT,Yes,2017-02-01,2017-07-31,43.51%,No,2,7,11.802163124084473,16.937454223632812,15.875646591186523,-6.268991894689521,15.744387430303236,-7.043955824629721
GMRAIRPORT,Yes,2017-05-29,2017-11-27,27.70%,No,5,11,13.333741188049316,17.02754783630371,15.77590104511806,-7.350716634118439,15.767206658708288,-7.401777341704502
GMRAIRPORT,Yes,2017-07-20,2018-01-16,26.40%,No,7,1,16.036527633666992,20.270891189575195,16.468757992699032,-18.756615884907436,14.537124324154544,-28.285716754127627
GMRAIRPORT,Yes,2019-05-03,2019-10-30,25.15%,No,5,10,14.865320205688477,18.60417366027832,19.027609168158637,2.2760242707494824,21.11612538424405,13.502087057642262
GMRAIRPORT,Yes,2019-06-03,2019-12-02,42.21%,No,6,12,13.874298095703123,19.73033332824707,19.129016255223473,-3.047678227324816,21.56503693262736,9.29889816789676
GMRAIRPORT,Yes,2019-07-01,2019-12-30,38.08%,No,7,12,13.60402011871338,18.784358978271484,21.06545951631334,12.143616615719932,20.897124271766813,11.247470813027144
GMRAIRPORT,Yes,2021-04-01,2021-09-28,43.40%,No,4,9,22.523212432861328,32.29828643798828,38.234588800474654,18.379620150697132,38.24565965302136,18.41389705442069
GMRAIRPORT,Yes,2021-04-05,2021-10-04,69.44%,No,4,10,21.667329788208008,36.71283721923828,38.234588800474654,4.145012198727435,38.24565965302136,4.1751674615326415
GMRAIRPORT,Yes,2021-06-01,2021-11-29,45.72%,No,6,11,23.15386199951172,33.73977279663086,34.525433752271866,2.3285899415406255,34.580347018771704,2.491345235806631
GMRAIRPORT,Yes,2021-08-02,2022-01-31,61.14%,No,8,1,26.12692642211914,42.099998474121094,35.28039214190315,-16.198590449854677,35.28039214190315,-16.198590449854677
GMRAIRPORT,Yes,2021-08-05,2022-02-01,63.41%,No,8,2,25.946739196777344,42.400001525878906,35.28039214190315,-16.791530961691812,35.28039214190315,-16.791530961691812
GMRAIRPORT,Yes,2021-09-01,2022-02-28,38.84%,No,9,2,27.298133850097656,37.900001525878906,34.67361121707492,-8.512902846721362,35.230612151476805,-7.043243448366056
GMRAIRPORT,Yes,2023-03-01,2023-08-28,58.62%,No,3,8,38.29999923706055,60.75,59.19054041682063,-2.567011659554516,84.84460006713867,39.66189311463156
GMRAIRPORT,Yes,2023-11-01,2024-04-29,61.11%,No,11,4,54.25,87.4000015258789,96.79515168161103,10.749599532844684,96.70914306640626,10.65119150801266
GODFRYPHLP,Yes,2016-02-11,2016-08-09,30.85%,No,2,8,278.2117919921875,364.03857421875,305.643593343099,-16.04087726169414,349.85216700777096,-3.8969516462435267
GODFRYPHLP,Yes,2016-04-20,2016-10-17,27.76%,No,4,10,337.2877502441406,430.920654296875,350.77052437918525,-18.59974199855173,305.42188262939453,-29.123405995067564
GODFRYPHLP,Yes,2016-05-02,2016-11-01,58.88%,No,5,11,257.56671142578125,409.2294006347656,301.1340040727095,-26.414376971543767,300.5494362967355,-26.557222958432114
GODFRYPHLP,Yes,2016-11-16,2017-05-15,33.00%,No,11,5,275.1366271972656,365.93353271484375,291.0545601680361,-20.462451743977667,295.79037380218506,-19.168278564762808
GODFRYPHLP,Yes,2016-12-01,2017-05-30,31.30%,No,12,5,266.812744140625,350.3117980957031,290.51252773351837,-17.070298713104705,301.17136907577515,-14.027626042587096
GODFRYPHLP,Yes,2016-12-05,2017-06-05,36.85%,No,12,6,266.00341796875,364.0260009765625,300.7855764920594,-17.37250205063642,297.6439752823267,-18.23551765977006
GODFRYPHLP,Yes,2017-01-02,2017-07-03,26.35%,No,1,7,293.0994873046875,370.3267822265625,293.6148178745324,-20.714668242681526,296.09772917512174,-20.04420328585042
GODFRYPHLP,Yes,2018-06-01,2018-11-28,26.80%,No,6,11,217.2160797119141,275.4320983886719,257.78431114783655,-6.4073095852219515,272.8575846354167,-0.9347181277405813
GODFRYPHLP,Yes,2018-06-04,2018-12-03,28.49%,No,6,12,210.8230438232422,270.8956604003906,257.78431114783655,-4.839999737601987,258.68494033813477,-4.507536238937201
GODFRYPHLP,Yes,2018-07-04,2018-12-31,25.55%,No,7,12,207.4590606689453,260.45745849609375,257.48839213053384,-1.1399429230030824,297.02802575152856,14.040898450978045
GODFRYPHLP,Yes,2018-07-13,2019-01-09,25.26%,No,7,1,212.52688598632812,266.21240234375,285.9622318043428,7.418823949115118,297.02802575152856,11.575577672744004
GODFRYPHLP,Yes,2018-09-19,2019-03-18,25.46%,No,9,3,264.3625793457031,331.6754150390625,297.05471871115947,-10.43812557642406,330.6510069312119,-0.30885861942162834
GODFRYPHLP,Yes,2018-10-01,2019-04-01,52.80%,No,10,4,223.3435821533203,341.26214599609375,297.05471871115947,-12.954096375353716,303.4812504695012,-11.070930652538587
GODFRYPHLP,Yes,2018-11-01,2019-04-30,43.09%,No,11,4,226.8376922607422,324.58447265625,303.1113429713894,-6.615575141082506,303.9576803354117,-6.354830270233859
GODFRYPHLP,Yes,2022-05-02,2022-10-31,25.24%,No,5,10,376.7723693847656,471.8654479980469,549.7743777320499,16.510835888608113,544.2843269469246,15.347357865706126
GODFRYPHLP,Yes,2022-08-01,2023-01-30,58.46%,No,8,1,368.1553649902344,583.3712158203125,550.0107580114294,-5.7185642527756535,675.011967250279,15.708822949227114
GODFRYPHLP,Yes,2022-08-05,2023-02-01,57.29%,No,8,2,367.79827880859375,578.5238037109375,552.4401616115196,-4.508654947662408,684.4029430042614,18.301604638246992
GODFRYPHLP,Yes,2022-09-01,2023-02-28,60.76%,No,9,2,351.0621032714844,564.363037109375,551.7624625272529,-2.232707274144198,677.3681789300381,20.023483890700376
GODFRYPHLP,Yes,2024-02-01,2024-07-30,73.55%,No,2,7,792.7730102539062,1375.8184814453125,2214.1282958984375,60.93171633895129,1913.4076178135017,39.074132497729344
GODFRYPHLP,Yes,2024-03-01,2024-08-28,97.70%,No,3,8,961.1976318359376,1900.31640625,2130.8400800151207,12.130804796872008,2195.7638549804688,15.547276640814339
GODFRYPHLP,Yes,2024-03-04,2024-09-02,123.30%,No,3,9,979.88623046875,2188.04931640625,2286.487744140625,4.498912661441053,2197.4444115048364,0.4293822368691981
GODFRYPHLP,Yes,2024-04-01,2024-09-30,127.43%,No,4,9,1005.43701171875,2286.65869140625,2752.550358072917,20.374342197092503,1953.4544050886825,-14.57166684165941
GODFRYPHLP,Yes,2025-01-01,2025-06-30,78.27%,No,1,6,1659.996337890625,2959.357666015625,3339.841997931985,12.856990430245318,3339.841997931985,12.856990430245318
GODREJCP,Yes,2016-01-06,2016-07-04,25.76%,No,1,7,402.1529541015625,505.76605224609375,490.3193423622533,-3.0541215281733596,487.760554346545,-3.5600447716067145
GODREJCP,Yes,2016-02-01,2016-08-01,26.28%,No,2,8,388.8057861328125,490.9758605957031,478.7134504045759,-2.4975586735056985,481.52602147344334,-1.9247054449467758
GODREJCP,Yes,2016-03-03,2016-08-30,26.00%,No,3,8,383.1885986328125,482.80462646484375,517.1434005737304,7.112353988883561,505.9557459214154,4.795132065342267
GODREJCP,Yes,2016-03-08,2016-09-06,29.81%,No,3,9,386.3162536621094,501.4659729003906,517.1434005737304,3.1263193358194075,506.04554138183596,0.9132361374308052
GODREJCP,Yes,2016-11-10,2017-05-09,28.22%,No,11,5,465.5334167480469,596.9066772460938,613.7204386393229,2.816815766042624,603.0670596852023,1.0320511855438148
GODREJCP,Yes,2016-12-01,2017-05-30,25.21%,No,12,5,462.7013549804687,579.3552856445312,603.2418227422805,4.1229514409583015,609.6327141655815,5.226055457035614
GODREJCP,Yes,2016-12-07,2017-06-05,26.22%,No,12,6,447.76800537109375,565.1593627929688,603.2418227422805,6.738357790112784,613.3020071476063,8.518419321007228
GODREJCP,Yes,2017-02-01,2017-07-31,29.02%,No,2,7,500.5757141113281,645.82080078125,576.0473775227864,-10.803836478177633,599.7394362229568,-7.135317490943082
GODREJCP,Yes,2021-04-01,2021-09-28,45.03%,No,4,9,700.2130126953125,1015.5160522460938,736.169921875,-27.507800566346813,887.2873986816406,-12.626945017839953
GODREJCP,Yes,2021-04-05,2021-10-04,42.54%,No,4,10,696.4049072265625,992.6674194335938,736.4239474826389,-25.813627699916335,887.1003657322304,-10.634685055101217
GODREJCP,Yes,2021-05-03,2021-11-01,37.40%,No,5,11,683.5825805664062,939.2090454101562,743.0529251098633,-20.885246075822327,866.8592282249814,-7.703270910639431
GODREJCP,Yes,2023-08-31,2024-02-27,26.58%,No,8,2,969.0474243164062,1226.615966796875,1429.5574634693287,16.544827571616015,1413.4803161621094,15.234136390153374
GODREJCP,Yes,2023-09-04,2024-03-04,25.81%,No,9,3,965.2391967773438,1214.408447265625,1429.5574634693287,17.71636360798836,1155.8012181332238,-4.825989910096714
GODREJCP,Yes,2023-10-09,2024-04-08,29.58%,No,10,4,931.7373657226562,1207.38427734375,1418.0121700402462,17.444975609577956,1412.1055806477864,16.95577018399014
GODREJCP,Yes,2023-11-01,2024-04-29,25.59%,No,11,4,939.6428833007812,1180.11083984375,1418.0121700402462,20.15923607887502,1412.1055806477864,19.658724669858398
GODREJPROP,Yes,2016-02-09,2016-08-08,27.92%,No,2,8,290.8500061035156,372.0499877929687,358.7030302105528,-3.5874097622180128,359.40714285714284,-3.398157599956998
GODREJPROP,Yes,2016-03-01,2016-08-29,34.18%,No,3,8,269.6000061035156,361.75,357.6933962264151,-1.1213832131540913,360.5803277687948,-0.32333717517766347
GODREJPROP,Yes,2016-03-08,2016-09-06,27.56%,No,3,9,276.8999938964844,353.20001220703125,357.8958333333333,1.329507634204035,342.39361767058676,-3.0595679963086253
GODREJPROP,Yes,2016-10-17,2017-04-17,30.33%,No,10,4,351.5,458.1000061035156,507.7763120417009,10.843987181034892,509.823481241862,11.290869777167948
GODREJPROP,Yes,2016-11-01,2017-05-02,38.69%,No,11,5,365.0499877929687,506.2999877929687,509.11451327416205,0.5559007602315498,509.11451327416205,0.5559007602315498
GODREJPROP,Yes,2016-12-01,2017-05-30,63.25%,No,12,5,301.3999938964844,492.0499877929687,511.3186232622932,3.9159914535821203,511.3186232622932,3.9159914535821203
GODREJPROP,Yes,2016-12-05,2017-06-05,78.87%,No,12,6,295.6000061035156,528.75,511.65531499335106,-3.2330373535033465,711.4660699026925,34.55623071445722
GODREJPROP,Yes,2017-01-02,2017-07-03,67.09%,No,1,7,313.70001220703125,524.1500244140625,709.3888875325521,35.34080978543589,711.7475395827997,35.79080538600547
GODREJPROP,Yes,2017-02-01,2017-07-31,49.72%,No,2,7,348.75,522.1500244140625,711.2679236070165,36.21907313040446,711.0014081068442,36.16803119078732
GODREJPROP,Yes,2017-04-03,2017-10-03,52.47%,No,4,10,403.0499877929687,614.5499877929688,715.1460786707261,16.369065637610326,708.8012489318847,15.336630544473726
GODREJPROP,Yes,2017-05-02,2017-10-30,32.94%,No,5,10,506.2999877929687,673.0999755859375,712.9020423110651,5.913247388024291,702.9045441862825,4.427955679897315
GODREJPROP,Yes,2017-05-05,2017-11-01,33.66%,No,5,11,525.2999877929688,702.0999755859375,712.9020423110651,1.5385368324664481,703.2299991861979,0.16094910120419162
GODREJPROP,Yes,2017-06-01,2017-11-28,46.29%,No,6,11,489.5499877929687,716.1500244140625,712.0519233116737,-0.5722405868437648,702.9156255722046,-1.8479925142341498
GODREJPROP,Yes,2017-06-05,2017-12-04,35.91%,No,6,12,528.75,718.5999755859375,711.7390002441406,-0.9547697710680496,702.5320899166278,-2.2359986383534385
GODREJPROP,Yes,2017-07-03,2018-01-01,34.28%,No,7,1,524.1500244140625,703.8499755859375,710.1348834370458,0.8929328790380751,699.0990747522425,-0.6749877102347018
GODREJPROP,Yes,2017-08-01,2018-01-29,58.13%,No,8,1,515.0499877929688,814.4500122070312,732.3908130879305,-10.075412596131375,734.1023397445679,-9.865267512825476
GODREJPROP,Yes,2017-08-07,2018-02-05,54.80%,No,8,2,504.3999938964844,780.7999877929688,732.3908130879305,-6.19994562780066,734.549996768727,-5.923410828293328
GODREJPROP,Yes,2017-09-01,2018-02-28,30.62%,No,9,2,597.2999877929688,780.2000122070312,732.3908130879305,-6.127813172401524,734.175672376478,-5.899043720899144
GODREJPROP,Yes,2017-09-04,2018-03-05,27.89%,No,9,3,600.8499755859375,768.4000244140625,732.3908130879305,-4.6862584828248215,734.175672376478,-4.453975917515359
GODREJPROP,Yes,2018-11-01,2019-04-30,38.35%,No,11,4,599.8499755859375,829.9000244140625,945.6622219509549,13.948932899312105,956.1097208658854,15.207819344375991
GODREJPROP,Yes,2018-12-31,2019-07-01,67.96%,No,12,7,652.7000122070312,1096.25,955.9215369591346,-12.800771999166738,955.9215369591346,-12.800771999166738
GODREJPROP,Yes,2019-04-01,2019-09-30,27.49%,No,4,9,814.7000122070312,1038.699951171875,961.9776306152344,-7.386379528571411,893.5981246948243,-13.969561307223028
GODREJPROP,Yes,2021-07-01,2021-12-28,33.91%,No,7,12,1385.800048828125,1855.75,1359.9302689401727,-26.718024036633558,1280.8445512251421,-30.979682003225534
GRASIM,Yes,2016-01-04,2016-07-04,25.23%,No,1,7,532.9510498046875,667.4038696289062,719.7331265536221,7.84071823764107,707.72271484375,6.041146455632948
GRASIM,Yes,2016-02-01,2016-08-01,45.07%,No,2,8,501.0592041015625,726.8885498046875,709.9894307454427,-2.3248569624305526,697.7870663729581,-4.003568833151781
GRASIM,Yes,2016-03-01,2016-08-29,32.09%,No,3,8,499.0846557617187,659.23583984375,715.434009552002,8.524744304188903,711.4129690616688,7.91478952817336
GRASIM,Yes,2016-03-08,2016-09-06,33.22%,No,3,9,514.3129272460938,685.1748046875,715.434009552002,4.416275183717944,718.8579939299939,4.915999393447688
GRASIM,Yes,2016-04-01,2016-09-28,27.48%,No,4,9,561.4473876953125,715.732177734375,629.1123227719908,-12.102272002996475,791.7666625976562,10.623315148966158
GRASIM,Yes,2016-04-04,2016-10-03,27.14%,No,4,10,565.1488037109375,718.5181884765625,631.7277689615886,-12.079084553028672,791.7666625976562,10.194379946929216
GRASIM,Yes,2016-11-03,2017-05-02,26.76%,No,11,5,666.9485473632812,845.4342651367188,1079.6910566850142,27.70845720458383,1078.8635660807292,27.610579623983146
GRASIM,Yes,2016-12-01,2017-05-30,29.73%,No,12,5,640.0050659179688,830.294677734375,1082.1816854671556,30.33706158638818,1043.172155380249,25.638786247161406
GRASIM,Yes,2016-12-05,2017-06-05,32.51%,No,12,6,639.27197265625,847.1204833984375,1082.1705370136335,27.74694488229507,1043.172155380249,23.14330438514493
GRASIM,Yes,2017-02-01,2017-07-31,47.04%,No,2,7,688.9429321289062,1013.0042114257812,1079.8943948184742,6.603149585977189,1039.0552168626052,2.5716581572901607
GRASIM,Yes,2017-05-02,2017-10-30,34.78%,No,5,10,845.4342651367188,1139.4698486328125,1037.9460009197855,-8.909744109055616,1050.3767554873511,-7.818819712725113
GRASIM,Yes,2017-05-05,2017-11-01,35.70%,No,5,11,873.9906005859375,1185.965087890625,1037.9460009197855,-12.480897497084706,1050.3767554873511,-11.432742311532396
GRASIM,Yes,2017-06-01,2017-11-28,33.41%,No,6,11,837.8461303710938,1117.743408203125,1044.0834931164254,-6.5900558702569,1028.6043148040771,-7.974915597341532
GRASIM,Yes,2017-06-05,2017-12-04,27.51%,No,6,12,847.1204833984375,1080.1383056640625,1044.0834931164254,-3.3379811046948107,1028.6043148040771,-4.771054835269689
GRASIM,Yes,2017-07-14,2018-01-10,26.03%,No,7,1,932.1294555664062,1174.7454833984375,1032.8980700922948,-12.074735788367565,1028.3907683841767,-12.458419043320706
GRASIM,Yes,2021-01-01,2021-06-30,60.57%,No,1,6,906.5850219726562,1455.6934814453125,1667.247142791748,14.532843901752624,1661.4781448929398,14.136538087902279
GRASIM,Yes,2022-07-01,2022-12-28,30.90%,No,7,12,1316.431884765625,1723.157470703125,1676.6921768188477,-2.696520467471695,1730.1303588867188,0.40465763008580674
GRASIM,Yes,2023-10-26,2024-04-23,28.66%,No,10,4,1828.5208740234375,2352.518798828125,2730.841005267519,16.08158058621466,2441.8779232627467,3.798444649162195
GRASIM,Yes,2023-11-01,2024-04-29,28.23%,No,11,4,1847.3048095703125,2368.846435546875,2730.841005267519,15.281470520357873,2731.2970145089284,15.30072078641846
HAL,Yes,2019-05-16,2019-11-13,26.17%,No,5,11,270.0110168457031,340.6736145019531,236.37774322509765,-30.61460202291585,311.54635571676585,-8.54990159063824
HAL,Yes,2021-03-01,2021-08-30,30.79%,No,3,8,497.5588684082031,650.7361450195312,646.1516663794424,-0.7045065308230625,648.5310682661078,-0.3388588094114947
HAL,Yes,2021-03-05,2021-09-01,28.07%,No,3,9,489.9520568847656,627.4714965820312,654.3735929790296,4.287381425855945,651.046237679415,3.7571015139014703
HAL,Yes,2021-04-01,2021-09-28,30.02%,No,4,9,481.3992614746094,625.9375610351562,655.2543244057513,4.683656197610488,608.3875307025331,-2.803798881089581
HAL,Yes,2021-04-05,2021-10-04,34.57%,No,4,10,464.7816467285156,625.47265625,655.2543244057513,4.761466046222748,607.3238712433846,-2.9016112575449475
HAL,Yes,2021-06-01,2021-11-29,27.17%,No,6,11,479.5631408691406,609.8463745117188,655.0376530137173,7.410272552359033,605.6534761469414,-0.6875335395958373
HAL,Yes,2021-06-14,2021-12-13,25.97%,No,6,12,488.9527282714844,615.951904296875,663.0025819290516,7.638693427839338,840.9450012207031,36.52770538645604
HAL,Yes,2021-07-19,2022-01-17,30.43%,No,7,1,502.9905090332031,656.036865234375,653.3463262513626,-0.41012009013413947,654.9222332498301,-0.1699038641901106
HAL,Yes,2021-08-02,2022-01-31,32.85%,No,8,1,510.3813171386719,678.0401611328125,651.1418997628348,-3.967060199655189,1172.7022526438643,72.95468909756201
HAL,Yes,2021-08-05,2022-02-01,35.00%,No,8,2,501.5728759765625,677.1243286132812,651.1418997628348,-3.837172547567041,1171.9663260323662,73.0799317804011
HAL,Yes,2021-10-11,2022-04-11,26.75%,No,10,4,634.3974609375,804.07763671875,1195.9306742350261,48.73323415825061,1217.0134424669989,51.355215826340086
HAL,Yes,2021-11-22,2022-05-23,37.29%,No,11,5,633.2586059570312,869.3844604492188,1211.6393730695856,39.36749829224239,1209.262500393775,39.09410110331835
HAL,Yes,2021-12-01,2022-05-30,41.89%,No,12,5,614.7542114257812,872.3049926757812,1213.0243079144022,39.05965437541175,1209.262500393775,38.628405265041785
HAL,Yes,2021-12-03,2022-06-01,48.88%,No,12,6,608.906982421875,906.5144653320312,1213.0243079144022,33.811908613074905,1216.6867155481557,34.2159184522794
HAL,Yes,2022-01-03,2022-07-04,46.79%,No,1,7,579.4127197265625,850.4962158203125,1192.4558488434436,40.2070728431528,1204.3223575544946,41.60231817056506
HAL,Yes,2022-01-31,2022-08-01,43.29%,No,1,8,678.0401611328125,971.5579223632812,1216.62158203125,25.223782754183077,1202.4794359709088,23.76816742391631
HAL,Yes,2022-02-01,2022-08-01,43.48%,No,2,8,677.1243286132812,971.5579223632812,1216.62158203125,25.223782754183077,1202.4794359709088,23.76816742391631
HAL,Yes,2022-05-02,2022-10-31,61.31%,No,5,10,754.1878662109375,1216.6138916015625,1248.1803472609747,2.5946157509230656,1884.9848477450284,54.93698212368887
HAL,Yes,2022-07-01,2022-12-28,47.16%,No,7,12,831.27294921875,1223.3309326171875,1880.412880637429,53.71252622661016,1875.2667249742444,53.291858725611476
HAL,Yes,2023-02-01,2023-07-31,68.76%,No,2,7,1145.475341796875,1933.0718994140625,1891.6086481267755,-2.144940977097386,1916.2971050555889,-0.8677791221091296
HAL,Yes,2023-09-01,2024-02-28,57.69%,No,9,2,1930.6185302734375,3044.34716796875,4645.7913004557295,52.603860339472895,4632.534526909722,52.1684049589076
HAL,Yes,2023-09-04,2024-03-04,63.30%,No,9,3,1942.6181640625,3172.378662109375,4645.7913004557295,46.44504314521692,4632.534526909722,46.02716196021385
HAL,Yes,2023-11-01,2024-04-29,122.04%,No,11,4,1785.469970703125,3964.499267578125,4653.4738175675675,17.37860202482344,4187.086557241587,5.614512064204223
HAVELLS,Yes,2015-11-30,2016-05-30,31.69%,No,11,5,264.6622009277344,348.5233459472656,339.5191940307617,-2.583514711770938,384.7022899871177,10.380637182717232
HAVELLS,Yes,2015-12-01,2016-05-30,27.67%,No,12,5,272.99798583984375,348.5233459472656,339.5191940307617,-2.583514711770938,384.7022899871177,10.380637182717232
HAVELLS,Yes,2015-12-09,2016-06-06,28.50%,No,12,6,262.1614074707031,336.8730773925781,393.62769820050494,16.847478951779603,384.7022899871177,14.197992004805226
HAVELLS,Yes,2016-01-07,2016-07-05,27.09%,No,1,7,273.73895263671875,347.8858642578125,390.7439010908019,12.319568351655706,384.7022899871177,10.58290362209749
HAVELLS,Yes,2016-02-01,2016-08-01,35.41%,No,2,8,281.6117248535156,381.3392028808594,388.08469664375735,1.7688959624236307,384.7754005763842,0.9010869245977764
HAVELLS,Yes,2016-03-01,2016-08-29,47.06%,No,3,8,267.0655517578125,392.7577209472656,400.3922585381402,1.9438287737441167,458.5112317143654,16.741494122257702
HAVELLS,Yes,2016-03-08,2016-09-06,52.69%,No,3,9,266.83154296875,407.4317932128906,385.0867318818064,-5.484368599435378,459.426220703125,12.761504712290908
HAVELLS,Yes,2016-04-01,2016-09-28,34.97%,No,4,9,293.12640380859375,395.6358947753906,459.3781196840348,16.111335131720477,459.7730557716499,16.211158250105463
HAVELLS,Yes,2016-04-04,2016-10-03,36.68%,No,4,10,297.71160888671875,406.9127502441406,459.3781196840348,12.893518182562689,459.7730557716499,12.990574882648437
HAVELLS,Yes,2017-07-27,2018-01-23,26.56%,No,7,1,438.7229614257813,555.2594604492188,520.4008436016007,-6.277896970799294,520.4008436016007,-6.277896970799294
HAVELLS,Yes,2018-05-18,2018-11-14,29.50%,No,5,11,497.3714294433594,644.0751953125,663.5198160807291,3.0189985439192015,648.9251725938585,0.7530141382025045
HAVELLS,Yes,2018-06-04,2018-12-03,29.94%,No,6,12,510.0611572265625,662.7481079101562,663.9594090779623,0.18276946449920828,648.2395079077744,-2.1891575138753434
HAVELLS,Yes,2018-07-02,2018-12-31,30.76%,No,7,12,506.4015808105469,662.1736450195312,707.4919937797215,6.843876844245825,648.0481294330798,-2.133204136512382
HAVELLS,Yes,2018-09-28,2019-03-27,26.04%,No,9,3,569.2874145507812,717.5223388671875,647.2619039601293,-9.79209023902785,625.0116558928988,-12.89307356205007
HAVELLS,Yes,2018-10-01,2019-04-01,30.33%,No,10,4,569.909912109375,742.7548828125,633.9070623989763,-14.654608529985397,623.6526443709189,-16.035201006096532
HAVELLS,Yes,2021-06-01,2021-11-29,29.96%,No,6,11,1001.25,1301.212890625,1200.9453265850361,-7.705700178838779,1202.2659613715277,-7.604207579433521
HAVELLS,Yes,2023-11-01,2024-04-29,32.84%,No,11,4,1226.0374755859375,1628.7254638671875,1866.8680725097656,14.621408820928043,1637.9073920355902,0.5637492856900174
HAVELLS,Yes,2024-02-01,2024-07-30,38.57%,No,2,7,1302.0294189453125,1804.25537109375,1635.5055401141826,-9.352879513794672,1566.997778720543,-13.149889764738795
HCLTECH,Yes,2017-10-27,2018-04-25,25.55%,No,10,4,339.6229248046875,426.4127197265625,367.7271854795259,-13.762613433452167,380.41035940987723,-10.788224222341285
HCLTECH,Yes,2017-11-01,2018-04-30,25.48%,No,11,4,334.72467041015625,420.0093688964844,367.7271854795259,-12.447861235648766,384.2315286775915,-8.51834336764776
HCLTECH,Yes,2021-02-22,2021-08-23,29.41%,No,2,8,757.6875,980.5032958984376,993.6560927568856,1.3414332122561696,983.0150357333097,0.2561684234391631
HCLTECH,Yes,2021-03-01,2021-08-30,28.02%,No,3,8,766.0865478515625,980.75634765625,988.7416345214843,0.8141968068131377,983.5098278808593,0.2807506911568242
HCLTECH,Yes,2021-03-05,2021-09-01,26.64%,No,3,9,775.267822265625,981.8101196289062,988.7204627990723,0.7038370283632757,1009.9015154157366,2.8611841765745973
HCLTECH,Yes,2021-04-01,2021-09-28,29.58%,No,4,9,825.5800170898438,1069.7781982421875,1004.0751542071907,-6.141744535732465,982.6983181423611,-8.139993901811815
HCLTECH,Yes,2021-04-05,2021-10-04,26.66%,No,4,10,851.0242919921875,1077.9132080078125,1004.0751542071907,-6.850092683908053,828.2538452148438,-23.16136038952398
HCLTECH,Yes,2021-05-03,2021-11-01,32.88%,No,5,11,760.6092529296875,1010.70361328125,982.6370522103658,-2.7769328913118323,828.7645512794961,-18.00122801689494
HCLTECH,Yes,2021-06-04,2021-12-01,25.27%,No,6,12,784.7841186523438,983.0819702148438,1009.3784691063133,2.674903994600035,828.7645512794961,-15.697309442225144
HCLTECH,Yes,2021-07-01,2021-12-28,32.14%,No,7,12,825.8018798828125,1091.1895751953125,828.8458324614026,-24.041994965627573,828.7645512794961,-24.049443825454876
HCLTECH,Yes,2021-07-05,2022-01-03,37.29%,No,7,1,820.9837036132812,1127.0977783203125,828.2538452148438,-26.514463860520504,828.7645512794961,-26.469152258060113
HCLTECH,Yes,2023-08-01,2024-01-29,40.70%,No,8,1,1048.8448486328125,1475.7193603515625,1547.5912261138092,4.87029361362614,1541.9760036892362,4.489786142121854
HCLTECH,Yes,2023-08-07,2024-02-05,37.50%,No,8,2,1060.17626953125,1457.7244873046875,1547.5912261138092,6.164864457705861,1541.9760036892362,5.779659813517204
HCLTECH,Yes,2023-09-01,2024-02-28,41.72%,No,9,2,1092.419921875,1548.2142333984375,1379.2944664588342,-10.910619686579983,1684.5035284133185,8.802999744790908
HCLTECH,Yes,2023-09-04,2024-03-04,35.20%,No,9,3,1135.4423828125,1535.1400146484375,1379.2944664588342,-10.15187844121785,1684.5035284133185,9.729634583141703
HCLTECH,Yes,2024-05-02,2024-10-29,41.39%,No,5,10,1275.2921142578125,1803.183349609375,1663.611382735403,-7.740309209499283,1478.7371626873405,-17.99296710411171
HDFCAMC,Yes,2018-12-24,2019-06-24,30.54%,No,12,6,662.6578369140625,865.0269775390625,1411.8973513872195,63.22003683676578,1154.406037830171,33.45318328849933
HDFCAMC,Yes,2018-12-31,2019-07-01,39.41%,No,12,7,667.6935424804688,930.8259887695312,1411.8973513872195,51.68220144493619,1151.163311502208,23.671161462084118
HDFCAMC,Yes,2019-01-01,2019-07-01,38.54%,No,1,7,671.8639526367188,930.8259887695312,1411.8973513872195,51.68220144493619,1151.163311502208,23.671161462084118
HDFCAMC,Yes,2019-02-01,2019-07-31,60.10%,No,2,7,604.0719604492188,967.0921020507812,1430.130394345238,47.87944098732212,1115.9344503111759,15.390710765268869
HDFCAMC,Yes,2019-02-04,2019-08-05,54.18%,No,2,8,599.9901733398438,925.0641479492188,1430.130394345238,54.59797004518057,1115.0882863690777,20.54172554856058
HDFCAMC,Yes,2019-03-01,2019-08-28,72.56%,No,3,8,625.8781127929688,1080.013916015625,1430.130394345238,32.41777472842746,1114.1535728141052,3.161038602579111
HDFCAMC,Yes,2019-03-05,2019-09-03,82.59%,No,3,9,653.651611328125,1193.47607421875,1430.130394345238,19.82899575774086,1114.0141970985815,-6.658020117595094
HDFCAMC,Yes,2019-04-01,2019-09-30,81.13%,No,4,9,696.0115356445312,1260.70263671875,1430.130394345238,13.439153111272956,1111.889870517225,-11.803954546239563
HDFCAMC,Yes,2019-04-04,2019-10-01,77.20%,No,4,10,696.950927734375,1235.03125,1430.130394345238,15.79710184217914,1111.889870517225,-9.97070960615571
HDFCAMC,Yes,2019-05-02,2019-10-29,78.51%,No,5,10,759.328125,1355.4677734375,1118.190965440538,-17.50516040637558,1111.017626953125,-18.03437538499667
HDFCAMC,Yes,2019-05-06,2019-11-04,80.92%,No,5,11,732.9592895507812,1326.0618896484375,1117.065162395609,-15.760706863254875,1111.017626953125,-16.216759140278477
HDFCAMC,Yes,2019-06-03,2019-12-02,91.84%,No,6,12,798.1096801757812,1531.0716552734375,1129.4324329304245,-26.23255554105881,1128.7614969602773,-26.27637687155215
HDFCAMC,Yes,2019-07-01,2019-12-30,56.31%,No,7,12,930.8259887695312,1454.9580078125,1120.170024484828,-23.010147477109598,1120.6640345561934,-22.976193914964654
HDFCAMC,Yes,2023-06-01,2023-11-28,52.30%,No,6,11,917.7113037109376,1397.65185546875,1778.5612335205078,27.253523583954813,1833.3302097694548,31.172165843444986
HDFCAMC,Yes,2023-07-03,2024-01-01,40.94%,No,7,1,1102.1885986328125,1553.4127197265625,1800.4062749689276,15.900060048809298,1832.3631929438166,17.957267226854945
HDFCAMC,Yes,2023-08-01,2024-01-29,37.31%,No,8,1,1232.728759765625,1692.6812744140625,1832.689521603468,8.271388672263218,1832.5339660644531,8.262198782744964
HDFCAMC,Yes,2023-08-07,2024-02-05,45.18%,No,8,2,1181.9013671875,1715.8524169921875,1832.689521603468,6.809274705343869,1833.7348367442255,6.870195745545564
HDFCAMC,Yes,2023-09-01,2024-02-28,57.81%,No,9,2,1172.4256591796875,1850.226318359375,2052.8859715317235,10.953235891274643,1833.920000712077,-0.8813147605508699
HDFCAMC,Yes,2023-09-04,2024-03-04,57.23%,No,9,3,1182.8177490234375,1859.726318359375,2054.129136439732,10.453302518827424,1833.384892889794,-1.4164140825204377
HDFCAMC,Yes,2023-10-03,2024-04-01,42.24%,No,10,4,1283.242431640625,1825.294921875,2055.5399362664475,12.614126716297037,1836.7933519940043,0.6299491649926221
HDFCAMC,Yes,2023-11-01,2024-04-29,38.48%,No,11,4,1313.1649169921875,1818.423095703125,2055.6717041015627,13.046942098296514,2054.7084336391713,12.993969252501298
HDFCAMC,Yes,2023-11-03,2024-05-02,42.94%,No,11,5,1328.7169189453125,1899.220947265625,2055.6717041015627,8.237628015907541,2054.7084336391713,8.186908774221719
HDFCAMC,Yes,2023-12-01,2024-05-29,32.97%,No,12,5,1411.998291015625,1877.544677734375,2055.6717041015627,9.4872323668022,2059.601912434896,9.696559387348831
HDFCAMC,Yes,2025-01-01,2025-06-30,27.07%,No,1,6,2042.936279296875,2595.89990234375,2791.6304347826085,7.539987665246262,2791.6304347826085,7.539987665246262
HDFCBANK,Yes,2016-02-11,2016-08-09,28.93%,No,2,8,224.2131195068359,289.0738830566406,293.090195074314,1.3893721477724905,292.75323531206914,1.2728068743268606
HDFCBANK,Yes,2016-03-01,2016-08-29,26.84%,No,3,8,226.24769592285156,286.9647216796875,297.4331214541481,3.647974466403399,293.2084190239341,2.175771749119689
HDFCBANK,Yes,2016-03-08,2016-09-06,29.28%,No,3,9,233.14442443847656,301.4045104980469,298.1896495330028,-1.0666266937186066,292.9197592995383,-2.8150710765702125
HDFCBANK,Yes,2016-11-17,2017-05-16,26.78%,No,11,5,285.1336669921875,361.4931335449219,430.9632439507378,19.217546326418137,434.83846833970813,20.289551305037946
HDFCBANK,Yes,2016-12-01,2017-05-30,36.07%,No,12,5,277.49658203125,377.5785217285156,435.6355773925781,15.376154183316165,433.9935403171974,14.941267932937402
HDFCBANK,Yes,2016-12-05,2017-06-05,36.71%,No,12,6,277.2879943847656,379.0850524902344,436.4084621522485,15.121516737590394,434.46875792664366,14.6098362551069
HDFCBANK,Yes,2017-01-02,2017-07-03,39.47%,No,1,7,277.4617919921875,386.98193359375,431.05967881944446,11.390129977480257,436.2400231361389,12.728782732813466
HDFCBANK,Yes,2017-02-01,2017-07-31,37.57%,No,2,7,302.6329650878906,416.3334045410156,434.1846917470296,4.287738387385472,434.234145716617,4.29961684081918
HDFCBANK,Yes,2017-04-03,2017-10-03,27.05%,No,4,10,332.1846618652344,422.03802490234375,437.6256110612736,3.693407996243161,433.4085611615862,2.6941971074463003
HDFCBANK,Yes,2022-05-19,2022-11-15,25.79%,No,5,11,619.2869873046875,779.0106201171875,797.1536158511514,2.328979254638991,796.8146166120257,2.2854626156649736
HDFCBANK,Yes,2022-06-14,2022-12-12,25.29%,No,6,12,631.2921142578125,790.9194946289062,797.0666778564453,0.7772198396024151,796.599110921224,0.7181029587572098
HDFCLIFE,Yes,2017-11-17,2018-05-16,44.90%,No,11,5,336.6984558105469,487.867919921875,384.080634765625,-21.273644139764308,380.8022967839645,-21.94561658308165
HDFCLIFE,Yes,2017-12-01,2018-05-30,34.94%,No,12,5,364.2030334472656,491.4468688964844,381.4997849575309,-22.372120141050715,380.8022967839645,-22.514045589702484
HDFCLIFE,Yes,2017-12-04,2018-06-04,31.07%,No,12,6,354.48114013671875,464.6290893554687,381.4997849575309,-17.891541081350372,380.8022967839645,-18.041658280110774
HDFCLIFE,Yes,2019-01-14,2019-07-15,25.82%,No,1,7,384.42083740234375,483.69671630859375,581.6631872003728,20.253697738414544,581.586905846229,20.237927245960933
HDFCLIFE,Yes,2019-02-01,2019-07-31,32.03%,No,2,7,368.1439514160156,486.060546875,581.6631872003728,19.668874781140982,585.3110863821847,20.419377821403174
HDFCLIFE,Yes,2019-02-04,2019-08-05,30.07%,No,2,8,368.87933349609375,479.8062744140625,581.6631872003728,21.228757983771175,585.6415584169586,22.057919966165862
HDFCLIFE,Yes,2019-03-01,2019-08-28,51.58%,No,3,8,355.8871765136719,539.4435424804688,581.6631872003728,7.826517771585465,586.6752311197916,8.755631483165448
HDFCLIFE,Yes,2019-03-05,2019-09-03,43.28%,No,3,9,368.9773559570313,528.6585693359375,581.6631872003728,10.026247740770735,586.5008657355057,10.941333358546618
HDFCLIFE,Yes,2019-04-01,2019-09-30,56.61%,No,4,9,378.0635070800781,592.0877685546875,581.6088242303757,-1.7698295558260475,586.1932337143842,-0.9955508546802349
HDFCLIFE,Yes,2019-04-04,2019-10-01,58.13%,No,4,10,372.59716796875,589.1821899414062,581.4241079935214,-1.3167543215548336,586.1576509021577,-0.5133452929983091
HDFCLIFE,Yes,2019-05-02,2019-10-29,46.39%,No,5,10,410.9107360839844,601.5430297851562,584.8439416220021,-2.7760421676098974,585.3615560410898,-2.689994388239483
HDFCLIFE,Yes,2019-05-06,2019-11-04,44.32%,No,5,11,404.9027404785156,584.3560791015625,585.0661223655524,0.12150866387520762,585.2929412097466,0.1603238404954189
HDFCLIFE,Yes,2019-06-03,2019-12-02,28.24%,No,6,12,437.3067321777344,560.81640625,587.8260275033804,4.8161253758578635,578.8354408957741,3.2130006264013655
HDFCLIFE,Yes,2019-07-01,2019-12-30,35.50%,No,7,12,462.42236328125,626.56005859375,587.4119644165039,-6.248099226929656,584.5555717272637,-6.703984125761401
HDFCLIFE,Yes,2025-01-01,2025-06-30,32.30%,No,1,6,615.4987182617188,814.2999877929688,759.2979956054687,-6.75451222056066,759.2979956054687,-6.75451222056066
HEROMOTOCO,Yes,2015-12-11,2016-06-08,27.34%,No,12,6,1841.9864501953125,2345.591064453125,2413.0916085379463,2.8777626717536564,2425.091851128472,3.389371143169954
HEROMOTOCO,Yes,2016-01-07,2016-07-05,25.22%,No,1,7,1838.302978515625,2301.936279296875,2413.9164775126687,4.8646089478201375,2425.091851128472,5.350086053173243
HEROMOTOCO,Yes,2016-02-01,2016-08-01,28.61%,No,2,8,1849.6092529296875,2378.849853515625,2419.6763197954965,1.7162271178878905,2428.590294471154,2.0909449531679787
HEROMOTOCO,Yes,2016-03-01,2016-08-29,29.76%,No,3,8,1945.64208984375,2524.574951171875,2448.8444078233506,-2.999734403344661,2466.896484375,-2.2846803090596066
HEROMOTOCO,Yes,2016-03-08,2016-09-06,30.50%,No,3,9,2049.443603515625,2674.4814453125,2426.4892220846036,-9.272534818386811,2477.6156838156962,-7.360894645272103
HEROMOTOCO,Yes,2016-11-17,2017-05-16,27.94%,No,11,5,2146.70947265625,2746.53173828125,2878.4126790364585,4.801726443464956,2880.3096034163136,4.870792617120105
HEROMOTOCO,Yes,2023-04-03,2023-10-03,25.44%,No,4,10,2244.257568359375,2815.15771484375,4317.123153023098,53.35279903714779,4238.94318498884,50.57569111093707
HEROMOTOCO,Yes,2023-05-02,2023-10-30,26.02%,No,5,10,2304.076904296875,2903.60986328125,4347.038650811887,49.71152653061585,5208.641400505515,79.38502917948638
HEROMOTOCO,Yes,2023-05-22,2023-11-20,25.70%,No,5,11,2485.244140625,3123.92333984375,4262.805959601152,36.45680434060733,4383.87266995614,40.33227429247382
HEROMOTOCO,Yes,2023-06-01,2023-11-28,30.79%,No,6,11,2585.1748046875,3381.251220703125,4384.493419828869,29.670738245740935,4333.918259640957,28.17498543452583
HEROMOTOCO,Yes,2023-06-05,2023-12-04,33.76%,No,6,12,2649.979736328125,3544.712646484375,4384.493419828869,23.69108181949202,4333.918259640957,22.264304384145547
HEROMOTOCO,Yes,2023-07-03,2024-01-01,43.68%,No,7,1,2675.9658203125,3844.796142578125,4279.1810546875,11.297995940510356,4276.941300101902,11.23974175738749
HEROMOTOCO,Yes,2023-08-01,2024-01-29,48.08%,No,8,1,2895.908203125,4288.17724609375,4319.803260216346,0.7375164856211336,4372.711177357456,1.9713254936164548
HEROMOTOCO,Yes,2023-08-07,2024-02-05,60.68%,No,8,2,2757.698974609375,4431.14697265625,5274.906788361378,19.041566910594625,4375.578453650842,-1.254043690004209
HEROMOTOCO,Yes,2023-09-01,2024-02-28,52.73%,No,9,2,2732.8203125,4173.748046875,5274.906788361378,26.382971111800718,4419.944362331081,5.898686568788328
HEROMOTOCO,Yes,2023-09-04,2024-03-04,60.14%,No,9,3,2747.243408203125,4399.509765625,5274.906788361378,19.897603809773972,4345.9755859375,-1.2168214764695464
HEROMOTOCO,Yes,2023-10-03,2024-04-01,58.62%,No,10,4,2815.15771484375,4465.3828125,5270.023937690548,18.01953290405711,5298.779130144817,18.663490962339903
HEROMOTOCO,Yes,2023-11-01,2024-04-29,47.31%,No,11,4,2886.899658203125,4252.595703125,5233.137908153045,23.0574988425892,5298.779130144817,24.601055450698826
HEROMOTOCO,Yes,2023-12-01,2024-05-29,39.80%,No,12,5,3510.078857421875,4907.0791015625,5191.427418428309,5.794655251741654,3826.434747869318,-22.022150679190926
HEROMOTOCO,Yes,2024-04-02,2024-09-30,26.17%,No,4,9,4350.95166015625,5489.5732421875,4180.154098923142,-23.85284038477602,4191.337158203125,-23.64912583745855
HINDALCO,Yes,2015-11-30,2016-05-30,33.61%,No,11,5,72.30081176757812,96.60437774658205,146.86022313435873,52.022327103654256,148.450380859375,53.66837851675652
HINDALCO,Yes,2015-12-01,2016-05-30,29.42%,No,12,5,74.64671325683594,96.60437774658205,146.86022313435873,52.022327103654256,148.450380859375,53.66837851675652
HINDALCO,Yes,2015-12-04,2016-06-01,30.42%,No,12,6,74.17752838134766,96.74512481689452,147.6387823353643,52.605914370149506,178.311681219872,84.31076662245786
HINDALCO,Yes,2016-01-01,2016-06-29,41.28%,No,1,6,79.66695404052734,112.55653381347656,147.69826383368914,31.221403884422926,180.20895385742188,60.105280210614644
HINDALCO,Yes,2016-01-04,2016-07-04,55.98%,No,1,7,75.77273559570312,118.18670654296876,147.84016455673589,25.090349736572197,180.4353245753868,52.66972898494849
HINDALCO,Yes,2016-02-01,2016-08-01,92.12%,No,2,8,66.71754455566406,128.1802520751953,148.19509760538736,15.614609275733516,184.36906038481612,43.83577610430846
HINDALCO,Yes,2016-03-01,2016-08-29,125.34%,No,3,8,65.91993713378906,148.54273986816406,147.74115193684895,-0.5396345402182188,183.8836388221154,23.791737640841543
HINDALCO,Yes,2016-03-08,2016-09-06,91.84%,No,3,9,78.02481842041016,149.6822509765625,182.5416973483178,21.95280078791739,180.16554481752456,20.365336332184896
HINDALCO,Yes,2016-04-01,2016-09-28,82.23%,No,4,9,81.30908203125,148.17127990722656,179.1243200863109,20.890040363061406,183.76299672886944,24.020658284066702
HINDALCO,Yes,2016-04-04,2016-10-03,74.06%,No,4,10,83.60806274414062,145.52706909179688,179.15868225097657,23.11021129544308,183.76299672886944,26.27409998407496
HINDALCO,Yes,2016-05-02,2016-11-01,60.12%,No,5,11,92.56944274902344,148.218505859375,182.81733675356264,23.34312486391808,184.3069221496582,24.348117720551528
HINDALCO,Yes,2016-06-01,2016-11-28,74.39%,No,6,11,96.74512481689452,168.7112579345703,180.5794042413885,7.034590608897533,184.3069221496582,9.2439973514608
HINDALCO,Yes,2016-06-06,2016-12-05,64.36%,No,6,12,100.26399230957033,164.7921600341797,182.28504156297254,10.6151175669793,184.3069221496582,11.842045223165307
HINDALCO,Yes,2016-07-04,2017-01-02,26.93%,No,7,1,118.18670654296876,150.01280212402344,180.42060905590392,20.27014128216921,178.32659088619172,18.874248304994527
HINDALCO,Yes,2016-08-01,2017-01-30,41.09%,No,8,1,128.1802520751953,180.84640502929688,183.8385983980619,1.6545495434538962,184.209979057312,1.8599064921806117
HINDALCO,Yes,2016-08-05,2017-02-01,39.26%,No,8,2,134.84263610839844,187.7875061035156,183.84664747450086,-2.098573387966711,184.15319291372148,-1.935332794606017
HINDALCO,Yes,2016-09-06,2017-03-06,25.90%,No,9,3,149.6822509765625,188.4485626220703,185.35401153564453,-1.6421197611529887,185.51512200491769,-1.5566266870581449
HINDALCO,Yes,2016-10-03,2017-04-03,25.63%,No,10,4,145.52706909179688,182.82958984375,185.66377790584121,1.5501801784456068,185.85050354003906,1.6523111487975184
HINDALCO,Yes,2017-05-02,2017-10-30,37.05%,No,5,10,189.109619140625,259.1771240234375,229.17764972505114,-11.574892811787468,229.13565690176827,-11.591095176653232
HINDALCO,Yes,2021-09-01,2022-02-28,25.25%,No,9,2,445.1565246582031,557.5388793945312,414.9069948358051,-25.58241045245484,416.1093505859375,-25.36675629907309
HINDALCO,Yes,2022-07-01,2022-12-28,37.83%,No,7,12,331.5108947753906,456.9377136230469,417.6029182202888,-8.608349503671633,412.8247147899563,-9.654050764013277
HINDALCO,Yes,2023-11-01,2024-04-29,40.49%,No,11,4,456.71337890625,641.6393432617188,667.5243079775855,4.03419225889154,685.5383972167969,6.841702338874829
HINDPETRO,Yes,2016-01-18,2016-07-18,32.28%,No,1,7,76.09796142578125,100.6618423461914,128.1155791031687,27.27323096527452,158.87954809310588,57.83492969132724
HINDPETRO,Yes,2016-02-01,2016-08-01,63.39%,No,2,8,74.63134002685547,121.94300079345705,126.02417016798451,3.3467844386083376,160.4900680541992,31.610725511037646
HINDPETRO,Yes,2016-03-01,2016-08-29,67.78%,No,3,8,67.82195281982422,113.79263305664062,128.87823387884325,13.25709794824215,162.65670526223104,42.94133187099043
HINDPETRO,Yes,2016-03-08,2016-09-06,70.59%,No,3,9,70.66156768798828,120.53894805908205,128.96916020711262,6.993766150919549,163.87584528847347,35.95260944881474
HINDPETRO,Yes,2016-04-01,2016-09-28,63.62%,No,4,9,75.36228942871094,123.30862426757812,159.60415155747359,29.43470297027614,156.38378430976243,26.823071166872836
HINDPETRO,Yes,2016-04-04,2016-10-03,66.21%,No,4,10,75.07274627685547,124.780029296875,159.54661908830914,27.862302956122836,156.38378430976243,25.32757460546527
HINDPETRO,Yes,2016-05-02,2016-11-01,67.94%,No,5,11,79.85736083984375,134.11326599121094,156.88619961945906,16.980373611765252,156.38378430976243,16.605753468125208
HINDPETRO,Yes,2016-06-01,2016-11-28,61.32%,No,6,11,85.9900131225586,138.71498107910156,161.9191775004069,16.727967117029166,156.38378430976243,12.737487395528907
HINDPETRO,Yes,2016-06-06,2016-12-05,42.37%,No,6,12,87.55165100097656,124.65018463134766,156.38378430976243,25.458124889479105,156.38378430976243,25.458124889479105
HINDPETRO,Yes,2016-07-04,2017-01-02,32.06%,No,7,1,98.312255859375,129.8289031982422,156.0879160563151,20.225860506559716,156.0879160563151,20.225860506559716
HINDPETRO,Yes,2016-08-02,2017-01-30,27.53%,No,8,1,119.47144317626952,152.36143493652344,161.57549031575522,6.047498425746991,161.57549031575522,6.047498425746991
HINDPETRO,Yes,2016-08-05,2017-02-01,28.53%,No,8,2,120.95247650146484,155.46290588378906,162.60541136368462,4.59434708189148,162.60541136368462,4.59434708189148
HINDPETRO,Yes,2016-09-01,2017-02-28,33.28%,No,9,2,116.40364074707033,155.1455535888672,155.85024317299448,0.45421191121900173,155.85024317299448,0.45421191121900173
HINDPETRO,Yes,2016-09-02,2017-03-01,31.82%,No,9,3,118.4472427368164,156.13922119140625,155.84301872253417,-0.18970407730481517,155.84301872253417,-0.18970407730481517
HINDPETRO,Yes,2016-10-03,2017-04-03,26.70%,No,10,4,124.780029296875,158.093505859375,163.29143633161272,3.2878836129178524,163.33182172077457,3.3134288678872617
HINDPETRO,Yes,2016-11-01,2017-05-02,25.61%,No,11,5,134.11326599121094,168.4582977294922,191.3007682800293,13.559718255741377,161.89103620480267,-3.8984494163861987
HINDPETRO,Yes,2016-12-01,2017-05-30,30.97%,No,12,5,128.96339416503906,168.9003143310547,191.56110440767728,13.416665425622648,192.10731639032778,13.740058537597498
HINDPETRO,Yes,2016-12-05,2017-06-05,32.60%,No,12,6,124.65018463134766,165.28790283203125,191.56110440767728,15.895417102814452,192.10731639032778,16.225878058088096
HINDPETRO,Yes,2017-05-03,2017-10-30,28.95%,No,5,10,161.62969970703125,208.4136657714844,191.75677572714315,-7.992225453490528,148.10114364624025,-28.93885192316225
HINDPETRO,Yes,2018-11-01,2019-04-30,30.53%,No,11,4,110.2102508544922,143.85899353027344,147.617504344267,2.6126352769197,136.34672001429968,-5.221970021910997
HINDPETRO,Yes,2021-01-01,2021-06-30,32.52%,No,1,6,117.7784194946289,156.0796661376953,156.52483647044113,0.2852199416886778,156.86607142857142,0.5038486500748457
HINDPETRO,Yes,2024-02-01,2024-07-30,31.11%,No,2,7,282.8688659667969,370.876708984375,365.4624079654091,-1.4598654722192304,396.34686219458484,6.867552637629477
HINDPETRO,Yes,2024-07-01,2024-12-30,26.05%,No,7,12,310.47747802734375,391.3574523925781,384.53063218858506,-1.7443950951379743,393.60789607121393,0.5750353455332546
HINDUNILVR,Yes,2016-11-18,2017-05-17,25.73%,No,11,5,696.3247680664062,875.4688110351562,1103.2267930772568,26.015544948174572,1167.0554544700767,33.306342814217196
HINDUNILVR,Yes,2016-12-01,2017-05-30,26.47%,No,12,5,735.5706787109375,930.2831420898438,1187.601078578404,27.66017407458398,1194.5405248006184,28.40612398039709
HINDUNILVR,Yes,2016-12-05,2017-06-05,29.93%,No,12,6,732.7952880859375,952.0958862304688,1103.2538059779577,15.876333669075313,1109.4223519258721,16.52422492006443
HINDUNILVR,Yes,2017-01-02,2017-07-03,34.20%,No,1,7,715.8391723632812,960.6467895507812,1165.823482118804,21.3581822996533,1190.3698559141997,23.913374703603786
HINDUNILVR,Yes,2017-02-01,2017-07-31,36.54%,No,2,7,740.731201171875,1011.4027709960938,1186.6405137005975,17.32620749416362,1195.785966796875,18.23044202451502
HINDUNILVR,Yes,2017-02-02,2017-08-01,40.13%,No,2,8,733.1422119140625,1027.3299560546875,1186.6405137005975,15.507243481706615,1195.785966796875,16.39745923394647
HINDUNILVR,Yes,2017-03-01,2017-08-28,38.26%,No,3,8,759.3351440429688,1049.8641357421875,1198.4831939697265,14.156027734243413,1173.5539223807198,11.7815041420661
HINDUNILVR,Yes,2017-03-06,2017-09-04,38.35%,No,3,9,757.2536010742188,1047.632568359375,1198.4831939697265,14.399192060875714,1173.5539223807198,12.019610484097635
HINDUNILVR,Yes,2017-04-03,2017-10-03,30.02%,No,4,10,798.4945068359375,1038.1815185546875,1195.4758911132812,15.150950941370287,1178.9882491262335,13.56282384679427
HINDUNILVR,Yes,2017-05-02,2017-10-30,34.18%,No,5,10,804.9559326171875,1080.0550537109375,1198.0089289967607,10.921098408877219,1161.3113693963915,7.523349426148895
HINDUNILVR,Yes,2017-05-05,2017-11-01,33.93%,No,5,11,827.3326416015625,1108.0460205078125,1199.7781168619792,8.278726213206049,1164.1539605034723,5.063683182576275
HINDUNILVR,Yes,2017-06-30,2017-12-27,26.09%,No,6,12,944.7640380859376,1191.2374267578125,1201.124484592014,0.8299821355605818,1166.7326080322266,-2.0570893908429815
HINDUNILVR,Yes,2017-07-10,2018-01-08,25.64%,No,7,1,959.3343505859376,1205.2860107421875,1427.2418022155762,18.415196849145655,1424.210477388822,18.163694317818045
HINDUNILVR,Yes,2022-04-01,2022-09-28,31.17%,No,4,9,1936.7349853515625,2540.459716796875,2381.3896875,-6.261466310413989,2438.456771525931,-4.015137283875297
HINDZINC,Yes,2015-11-30,2016-05-30,37.64%,No,11,5,56.98211669921875,78.43014526367188,102.29709320068359,30.43083479799019,116.28083339490388,48.260382540390495
HINDZINC,Yes,2015-12-01,2016-05-30,34.55%,No,12,5,58.29158020019531,78.43014526367188,102.29709320068359,30.43083479799019,116.28083339490388,48.260382540390495
HINDZINC,Yes,2015-12-04,2016-06-01,31.53%,No,12,6,58.450321197509766,76.88201904296875,102.29709320068359,33.05724078800605,116.4361400604248,51.44781772100649
HINDZINC,Yes,2016-01-01,2016-06-29,36.21%,No,1,6,59.18441390991211,80.61571502685547,117.73939056396485,46.05017213423262,118.39821570260185,46.86741370855535
HINDZINC,Yes,2016-01-04,2016-07-04,46.31%,No,1,7,57.557491302490234,84.2127914428711,114.37374199761285,35.81516541368014,126.53061057425835,50.25105854624844
HINDZINC,Yes,2016-02-01,2016-08-01,51.78%,No,2,8,63.5096549987793,96.39279174804688,102.69687800253591,6.539997587129506,140.98642898187404,46.26241903065405
HINDZINC,Yes,2016-03-01,2016-08-29,59.87%,No,3,8,64.68025207519531,103.40483856201172,115.25491986955915,11.459890535432683,141.61868317921957,36.95556721389887
HINDZINC,Yes,2016-03-08,2016-09-06,51.50%,No,3,9,69.18406677246094,104.81635284423828,115.39347101026966,10.09109540545591,139.9481323905613,33.517460389535216
HINDZINC,Yes,2016-04-01,2016-09-28,43.15%,No,4,9,73.33074951171875,104.97572326660156,115.47436294555663,10.001016761077421,143.28253546820747,36.49111528797951
HINDZINC,Yes,2016-04-04,2016-10-03,55.14%,No,4,10,74.67990112304688,115.85804748535156,115.14758056640625,-0.6132218990097706,140.5532982235863,21.31509314565055
HINDZINC,Yes,2016-05-02,2016-11-01,56.23%,No,5,11,79.43184661865234,124.09947204589844,139.57993698120117,12.474239156776793,139.21261908791283,12.17825248799186
HINDZINC,Yes,2016-06-01,2016-11-28,69.70%,No,6,11,76.88201904296875,130.46836853027344,140.88621798428622,7.98496185042389,141.61868317921957,8.546373940714108
HINDZINC,Yes,2016-06-06,2016-12-05,63.11%,No,6,12,77.360107421875,126.1805419921875,142.7120618547712,13.101481101267783,141.61868317921957,12.234961859640713
HINDZINC,Yes,2016-07-01,2016-12-28,41.83%,No,7,12,80.7067642211914,114.4636459350586,142.089603805542,24.13513709510625,142.088008698963,24.13374354646819
HINDZINC,Yes,2016-07-04,2017-01-02,41.34%,No,7,1,84.2127914428711,119.02658081054688,142.2482179153797,19.50962293186799,142.088008698963,19.375023403488928
HINDZINC,Yes,2016-08-01,2017-01-30,42.89%,No,8,1,96.39279174804688,137.73699951171875,142.19789400967684,3.2387045701388013,142.23967963324654,3.2690418242664694
HINDZINC,Yes,2016-08-05,2017-02-01,41.31%,No,8,2,99.5345687866211,140.6490020751953,142.23391475233922,1.1268566813553083,142.27583139592952,1.156658985653129
HINDZINC,Yes,2016-09-01,2017-02-28,37.54%,No,9,2,102.81291961669922,141.4057159423828,142.12281345676732,0.5071205994789448,154.59358804876155,9.32626522095632
HINDZINC,Yes,2016-09-02,2017-03-01,40.87%,No,9,3,103.58698272705078,145.9228057861328,142.12281345676732,-2.6041113374251,154.59358804876155,5.942033677269606
HINDZINC,Yes,2016-10-03,2017-04-03,26.05%,No,10,4,115.85804748535156,146.04403686523438,156.78318195958292,7.353360893644941,159.14586279527197,8.97114747802241
HINDZINC,Yes,2022-10-31,2023-05-02,31.74%,No,10,5,213.47280883789065,281.22503662109375,290.79353288922994,3.4024340020011166,288.5437061656605,2.6024246036200265
HINDZINC,Yes,2023-11-01,2024-04-29,47.77%,No,11,4,266.61529541015625,393.9682312011719,484.6417518471772,23.01543968902019,497.2508581129171,26.215978531275553
HINDZINC,Yes,2024-02-01,2024-07-30,105.88%,No,2,7,294.6055908203125,606.5446166992188,487.5369803950472,-19.62059064208736,439.18631179611407,-27.592084785758885
HINDZINC,Yes,2024-05-02,2024-10-29,34.43%,No,5,10,401.2579040527344,539.4248046875,439.29602336883545,-18.56213886505854,439.0359403483073,-18.610353744735573
HUDCO,Yes,2021-01-01,2021-06-30,31.18%,No,1,6,32.21413040161133,42.25772857666016,33.67727022904616,-20.305062852699503,33.67727022904616,-20.305062852699503
HUDCO,Yes,2021-01-04,2021-07-05,31.34%,No,1,7,32.17494201660156,42.25772857666016,33.333822886149086,-21.117807300792638,28.33294333582339,-32.95204382690774
HUDCO,Yes,2022-02-24,2022-08-23,26.11%,No,2,8,25.88263702392578,32.64110565185547,41.29437046959286,26.510329980949965,40.926042952627505,25.38191380260761
HUDCO,Yes,2022-03-04,2022-09-01,25.28%,No,3,9,27.73434066772461,34.74427032470703,32.39608144760132,-6.758492422377597,41.11725997924805,18.342562946297114
HUDCO,Yes,2022-05-09,2022-11-07,34.66%,No,5,11,28.056211471557617,37.78067398071289,40.819938750494096,8.044495901086243,44.2334005967626,17.079437543501314
HUDCO,Yes,2022-06-01,2022-11-28,47.71%,No,6,11,30.327627182006836,44.79707717895508,41.539080595358826,-7.272788290586969,40.66239776611328,-9.22979728415005
HUDCO,Yes,2022-06-06,2022-12-05,58.44%,No,6,12,30.03318977355957,47.585655212402344,41.761144483411634,-12.240055754181684,40.66239776611328,-14.549043015981509
HUDCO,Yes,2022-07-01,2022-12-28,58.63%,No,7,12,29.318113327026367,46.50620651245117,53.285273996988934,14.576694150968416,41.676078632899696,-10.385985531325371
HUDCO,Yes,2022-07-04,2023-01-02,63.68%,No,7,1,29.402238845825195,48.12537384033203,40.65144830820512,-15.530114232304005,41.676078632899696,-13.401028797884223
HUDCO,Yes,2022-08-01,2023-01-30,34.09%,No,8,1,31.1268310546875,41.7386474609375,40.617624972728976,-2.685814122888554,54.760775082353234,31.199208440098413
HUDCO,Yes,2022-08-05,2023-02-01,34.45%,No,8,2,31.379215240478516,42.18841171264648,40.58347743490468,-3.8042064457731164,44.61897521795228,5.761211210938323
HUDCO,Yes,2022-09-23,2023-03-22,25.33%,No,9,3,32.158546447753906,40.30478286743164,53.925148010253906,33.793421459735065,59.069941723932985,46.55814402529524
HUDCO,Yes,2022-10-03,2023-04-03,28.33%,No,10,4,31.978635787963867,41.036766052246094,53.153916589145005,29.527547374156924,50.55629934023504,23.197571845376714
HUDCO,Yes,2022-10-31,2023-05-02,45.15%,No,10,5,32.653297424316406,47.3958625793457,53.93392114078297,13.794576584595045,55.139159764999,16.33749606875536
HUDCO,Yes,2022-11-01,2023-05-02,44.16%,No,11,5,32.87818145751953,47.3958625793457,53.93392114078297,13.794576584595045,55.139159764999,16.33749606875536
HUDCO,Yes,2022-12-09,2023-06-07,26.45%,No,12,6,44.212379455566406,55.90515899658203,56.85761642456055,1.70370220758472,61.673189875591234,10.317528797944842
HUDCO,Yes,2023-02-01,2023-07-31,39.24%,No,2,7,42.18841171264648,58.7415885925293,80.93273577482805,37.77757414126352,71.69835832956674,22.057234146175745
HUDCO,Yes,2023-03-01,2023-08-28,62.84%,No,3,8,40.344356536865234,65.69542694091797,75.24356223796975,14.53394207429192,77.3875082311496,17.797405138635746
HUDCO,Yes,2023-04-03,2023-10-03,109.76%,No,4,10,41.036766052246094,86.0806655883789,79.34657920675075,-7.822995251720355,79.67146746317546,-7.445572221584568
HUDCO,Yes,2023-05-02,2023-10-30,50.66%,No,5,10,47.3958625793457,71.40836334228516,188.67671411687678,164.22215170019172,189.26927994708626,165.05197863148422
HUDCO,Yes,2023-09-01,2024-02-28,160.86%,No,9,2,69.90433502197266,182.3557281494141,216.53384660993302,18.742552705838182,216.6706057178731,18.817548489808296
HUDCO,Yes,2023-11-01,2024-04-29,210.71%,No,11,4,70.69380187988281,219.65560913085935,222.61172799503103,1.3457971211700694,219.9362542494288,0.12776596950103788
HUDCO,Yes,2023-12-01,2024-05-29,208.96%,No,12,5,81.60277557373047,252.11892700195312,224.8122787475586,-10.830860094126528,220.18119680470434,-12.66772414789841
HYUNDAI,Yes,2025-01-22,2025-07-21,25.30%,No,1,7,1686.168701171875,2112.836181640625,2381.2333403087796,12.703169370175363,2381.2333403087796,12.703169370175363
HYUNDAI,Yes,2025-02-14,2025-08-13,25.59%,No,2,8,1788.9730224609375,2246.699951171875,2378.7357352120534,5.876876615024129,2378.7357352120534,5.876876615024129
HYUNDAI,Yes,2025-03-03,2025-09-01,46.25%,No,3,9,1678.98828125,2455.60009765625,2404.314296177455,-2.0885241667706653,2404.314296177455,-2.0885241667706653
HYUNDAI,Yes,2025-04-01,2025-09-29,56.62%,No,4,9,1686.9114990234375,2642.0,2350.0599853515623,-11.04996270433148,2350.0599853515623,-11.04996270433148
HYUNDAI,Yes,2025-04-04,2025-10-01,56.30%,No,4,10,1623.27783203125,2537.199951171875,2353.4249877929688,-7.243219569432231,2353.4249877929688,-7.243219569432231
HYUNDAI,Yes,2025-05-02,2025-10-29,39.16%,No,5,10,1694.1910400390625,2357.699951171875,2393.7500610351562,1.529037223136169,2393.7500610351562,1.529037223136169
HYUNDAI,Yes,2025-05-05,2025-11-03,41.82%,No,5,11,1711.6221923828125,2427.39990234375,2355.4249877929688,-2.965103297618437,2355.4249877929688,-2.965103297618437
ICICIBANK,Yes,2016-02-11,2016-08-09,25.67%,No,2,8,169.15048217773438,212.5730743408203,237.83539881850734,11.884066011664169,239.10245483398438,12.48012269448071
ICICIBANK,Yes,2016-03-08,2016-09-06,28.34%,No,3,9,184.09178161621097,236.26931762695312,241.9275342767889,2.39481651983672,240.23532665019133,1.6785967230413528
ICICIBANK,Yes,2016-05-03,2016-11-01,27.10%,No,5,11,187.69973754882812,238.5652618408203,244.2117506328382,2.3668528889949787,281.1919798559072,17.8679484540918
ICICIBANK,Yes,2016-12-02,2017-05-31,25.80%,No,12,5,224.8327178955078,282.8387145996094,282.1189453125,-0.25448046888782616,281.96413324920223,-0.3092155724315219
ICICIBANK,Yes,2016-12-20,2017-06-19,27.42%,No,12,6,217.9880828857422,277.7702331542969,282.31555910463686,1.6363617867632099,281.9192995638461,1.4937044774140653
ICICIBANK,Yes,2017-01-02,2017-07-03,27.63%,No,1,7,218.2913360595703,278.6041259765625,282.6792784345911,1.4627035560741855,282.199805764591,1.2906053617924542
ICICIBANK,Yes,2018-05-02,2018-10-29,26.75%,No,5,10,265.97308349609375,337.1116943359375,341.7577420748197,1.3781923964501623,346.1887935291637,2.692608813558611
ICICIBANK,Yes,2018-06-05,2018-12-03,25.69%,No,6,12,272.888916015625,342.9971923828125,400.6965560913086,16.822109623596848,409.2216582602643,19.307582495759892
ICICIBANK,Yes,2018-07-02,2018-12-31,30.41%,No,7,12,266.4533386230469,347.4836120605469,399.0214223554057,14.831724002534743,399.56300563438265,14.987582656059551
ICICIBANK,Yes,2018-07-05,2019-01-01,34.55%,No,7,1,260.8341979980469,350.95703125,399.0214223554057,13.69523526404793,399.56300563438265,13.849551385610729
ICICIBANK,Yes,2018-09-27,2019-03-26,28.52%,No,9,3,295.86517333984375,380.2396240234375,403.9744171142578,6.242062002816757,390.53775787353516,2.70832738080524
ICICIBANK,Yes,2018-10-01,2019-04-01,26.83%,No,10,4,302.9566650390625,384.2436218261719,404.65642028808594,5.312462537412949,413.232644144694,7.544438130357954
ICICIBANK,Yes,2021-04-12,2021-10-11,32.84%,No,4,10,520.8788452148438,691.9149169921875,733.5523978991387,6.0177169019498535,726.3604963916844,4.978296977500457
ICICIBANK,Yes,2022-03-03,2022-08-30,27.83%,No,3,8,677.3646240234375,865.8633422851562,845.2870635986328,-2.3763887072778993,841.6271408081054,-2.799079288088059
ICICIBANK,Yes,2022-06-01,2022-11-28,25.29%,No,6,11,730.0851440429688,914.7529907226562,841.1465084191525,-8.046596518405972,914.5603589824601,-0.02105833401473274
ICICIBANK,Yes,2023-11-01,2024-04-29,26.92%,No,11,4,899.30908203125,1141.4403076171875,1235.7607523600261,8.26328316193224,1250.5416370738637,9.558215942490293
ICICIGI,Yes,2018-06-15,2018-12-12,28.19%,No,6,12,686.8507080078125,880.4654541015625,1102.3817034040178,25.20442434949379,1091.1507068980825,23.92884943015802
ICICIGI,Yes,2018-10-01,2019-04-01,29.13%,No,10,4,752.6552124023438,971.9343872070312,1103.198614353087,13.505461775383726,1295.974331559806,33.33969335974848
ICICIGI,Yes,2018-11-01,2019-04-30,28.52%,No,11,4,814.4126586914062,1046.650634765625,1100.49464586046,5.144411067680877,1111.6021728515625,6.205656016296403
ICICIGI,Yes,2018-11-02,2019-05-02,31.53%,No,11,5,803.64306640625,1057.037109375,1100.49464586046,4.111259302065122,1111.6021728515625,5.162076429731542
ICICIGI,Yes,2018-12-03,2019-06-03,42.20%,No,12,6,821.64013671875,1168.3697509765625,1289.878735994038,10.399874262057379,1295.3498291015626,10.868141529585639
ICICIGI,Yes,2018-12-31,2019-07-01,28.05%,No,12,7,827.527587890625,1059.6883544921875,1295.974331559806,22.297685547450303,1294.1862868088942,22.12895247198223
ICICIGI,Yes,2019-01-01,2019-07-01,26.76%,No,1,7,835.9515380859375,1059.6883544921875,1295.974331559806,22.297685547450303,1294.1862868088942,22.12895247198223
ICICIGI,Yes,2019-02-01,2019-07-31,37.61%,No,2,7,842.509033203125,1159.362548828125,1295.974331559806,11.783353090865933,1293.0636393229167,11.532293382250081
ICICIGI,Yes,2019-02-04,2019-08-05,30.74%,No,2,8,845.8594970703125,1105.8765869140625,1295.974331559806,17.189779302246492,1292.9284379747178,16.914351318588054
ICICIGI,Yes,2019-03-01,2019-08-28,31.94%,No,3,8,909.6627807617188,1200.1734619140625,1295.3498291015626,7.930217606687517,1293.3529598838404,7.763835889286641
ICICIGI,Yes,2019-03-07,2019-09-03,25.43%,No,3,9,911.0029907226562,1142.654296875,1295.3498291015626,13.36323091281095,1293.3529598838404,13.188473838586196
ICICIGI,Yes,2019-05-03,2019-10-30,26.00%,No,5,10,1041.7685546875,1312.66748046875,1292.7661800384521,-1.5160960964151524,1231.7486160633175,-6.164460201035572
ICICIGI,Yes,2019-05-06,2019-11-04,25.63%,No,5,11,1013.6242065429688,1273.4365234375,1292.8048134455605,1.520946639395733,1231.7486160633175,-3.2736541324926525
ICICIGI,Yes,2019-07-01,2019-12-30,25.99%,No,7,12,1059.6883544921875,1335.050537109375,1224.5384908040364,-8.277742544834075,1229.0309321337406,-7.941242824049636
ICICIGI,Yes,2023-04-20,2023-10-17,26.97%,No,4,10,1053.126708984375,1337.1734619140625,1627.074876434949,21.680165122774312,1646.2179395887588,23.11177169432622
ICICIGI,Yes,2023-08-29,2024-02-26,25.39%,No,8,2,1298.6903076171875,1628.435302734375,1635.2940646084871,0.421187250276096,1846.532979713296,13.39308209621248
ICICIGI,Yes,2023-09-01,2024-02-28,29.04%,No,9,2,1318.4970703125,1701.34521484375,1635.2940646084871,-3.8822897116343875,1846.532979713296,8.533704012732066
ICICIGI,Yes,2023-09-25,2024-03-26,25.72%,No,9,3,1293.52978515625,1626.166259765625,1921.7018703884548,18.173763528055524,1846.532979713296,13.551303172372542
ICICIGI,Yes,2024-04-01,2024-09-30,28.54%,No,4,9,1675.1016845703125,2153.12109375,1852.9040501912434,-13.943342268589326,1854.9226188659668,-13.849591448880078
IDEA,Yes,2016-09-01,2017-02-28,39.48%,No,9,2,50.08000183105469,69.85395812988281,52.47947238353973,-24.872585908500515,52.8271418632345,-24.374876846619824
IDEA,Yes,2016-09-02,2017-03-01,35.06%,No,9,3,50.55895233154297,68.28623962402344,52.45390764872233,-23.185245025164946,52.8271418632345,-22.63867192849546
IDEA,Yes,2016-11-11,2017-05-10,29.66%,No,11,5,42.17768096923828,54.68928909301758,55.82571845584445,2.0779742828508754,48.46540782030891,-11.380439160806896
IDEA,Yes,2017-01-16,2017-07-17,27.18%,No,1,7,42.14753341674805,53.603946685791016,55.431694984436035,3.4097271034140237,56.150886383056644,4.751403310272963
IDEA,Yes,2017-05-24,2017-11-20,28.30%,No,5,11,47.51395797729492,60.960166931152344,32.39382496747103,-46.860668862576745,32.54413576479311,-46.61409670753026
IDEA,Yes,2017-06-27,2017-12-26,25.57%,No,6,12,48.93093490600586,61.44254302978515,31.81775723332944,-48.215429140188206,32.41177694147284,-47.24864020396948
IDEA,Yes,2017-07-05,2018-01-01,25.19%,No,7,1,50.37805938720703,63.070560455322266,34.43513976695926,-45.40219792187779,22.19679648535592,-64.80640678454155
IDEA,Yes,2021-04-19,2021-10-18,25.44%,No,4,10,8.449999809265137,10.600000381469728,10.097222222222221,-4.743190010883707,9.103472299045986,-14.118188948746463
IDEA,Yes,2021-06-01,2021-11-29,31.76%,No,6,11,8.5,11.199999809265137,9.10588243895886,-18.697476839007894,8.505479407637086,-24.05821828138804
IDEA,Yes,2021-07-01,2021-12-28,51.93%,No,7,12,9.050000190734863,13.75,9.025384653531589,-34.36083888340663,8.816203700171577,-35.88215490784307
IDEA,Yes,2021-08-02,2022-01-31,29.09%,No,8,1,8.25,10.649999618530272,8.778124928474426,-17.576288799099217,8.672142846243721,-18.571425757097817
IDEA,Yes,2021-08-05,2022-02-01,79.83%,No,8,2,5.949999809265137,10.699999809265137,8.778124928474426,-17.961447804200496,8.672142846243721,-18.95193457167628
IDEA,Yes,2023-02-27,2023-08-28,34.33%,No,2,8,6.699999809265137,9.0,13.620652198791504,51.340579986572266,13.228906199336052,46.98784665928947
IDEA,Yes,2023-03-01,2023-08-28,30.43%,No,3,8,6.900000095367432,9.0,13.620652198791504,51.340579986572266,13.228906199336052,46.98784665928947
IDEA,Yes,2023-03-06,2023-09-04,43.88%,No,3,9,6.949999809265137,10.0,13.320588186675428,33.205881866754275,13.062244824000768,30.622448240007678
IDEA,Yes,2023-05-02,2023-10-30,68.84%,No,5,10,6.900000095367432,11.649999618530272,13.442045450210571,15.382368157591225,13.498205099350367,15.864425247537122
IDEA,Yes,2023-10-26,2024-04-23,33.95%,No,10,4,10.75,14.399999618530272,8.193846189058744,-43.09828884637814,8.229841300419398,-42.84832278864065
IDEA,Yes,2023-12-20,2024-06-18,28.63%,No,12,6,13.100000381469728,16.850000381469727,8.25600004196167,-51.00296821927106,7.052876733753779,-58.14316573244731
IDFCFIRSTB,Yes,2016-03-09,2016-09-06,26.76%,No,3,9,45.69583511352539,57.92601776123047,57.943986855301205,0.031020765392166482,58.595237219511574,1.1553003022572874
IDFCFIRSTB,Yes,2016-04-01,2016-09-28,66.82%,No,4,9,46.89583206176758,78.23147583007812,58.793220367431644,-24.847103108302782,58.34107982578562,-25.425055315964173
IDFCFIRSTB,Yes,2016-04-04,2016-10-03,57.05%,No,4,10,48.431827545166016,76.0610580444336,58.58045323689779,-22.982331901462544,58.158820076594274,-23.536667025301085
IDFCFIRSTB,Yes,2016-05-02,2016-11-01,65.12%,No,5,11,45.88783264160156,75.77166748046875,58.216895049473024,-23.167990113878282,57.68144008091518,-23.87465922432892
IDFCFIRSTB,Yes,2016-06-01,2016-11-28,46.49%,No,6,11,46.12783432006836,67.57231903076172,57.92702446914301,-14.274032177625537,57.93103880040786,-14.268091385119913
IDFCFIRSTB,Yes,2016-06-06,2016-12-05,44.18%,No,6,12,44.25584411621094,63.810264587402344,58.18564816525108,-8.81459504755242,58.120919986647,-8.916033552818948
IDFCFIRSTB,Yes,2016-07-01,2016-12-28,32.06%,No,7,12,43.53584289550781,57.4919319152832,58.3643068586077,1.5173867258626412,55.356137386588166,-3.714946528222813
IDFCFIRSTB,Yes,2016-07-04,2017-01-02,31.81%,No,7,1,44.49584197998047,58.64949035644531,58.36894642223012,-0.47833993528362373,55.356137386588166,-5.615313875434591
IDFCFIRSTB,Yes,2016-08-03,2017-01-30,28.08%,No,8,1,46.54338836669922,59.61411666870117,58.318762345747515,-2.1728986276060147,58.07748532295227,-2.577629983664036
IDFCFIRSTB,Yes,2018-09-21,2019-03-20,29.26%,No,9,3,40.36787414550781,52.1792106628418,43.11065011275442,-17.37964303194287,43.08197316815776,-17.434601595386766
IDFCFIRSTB,Yes,2018-10-01,2019-04-01,49.67%,No,10,4,37.2281494140625,55.71763229370117,42.88428443586323,-23.032830595152088,42.345630234938405,-23.99958775756245
IDFCFIRSTB,Yes,2018-11-01,2019-04-30,42.31%,No,11,4,34.98548889160156,49.78704452514648,42.93578358700401,-13.76113204446596,42.52130831441572,-14.59362828227527
IDFCFIRSTB,Yes,2018-11-02,2019-05-02,41.85%,No,11,5,35.483856201171875,50.33524703979492,42.93578358700401,-14.70036184970129,42.52130831441572,-15.523791348836575
IDFCFIRSTB,Yes,2021-01-01,2021-06-30,44.92%,No,1,6,37.27798843383789,54.02317810058594,46.9514526954064,-13.09016917148537,47.93209767745713,-11.2749390859379
IDFCFIRSTB,Yes,2021-01-04,2021-07-05,41.06%,No,1,7,38.47407150268555,54.272361755371094,48.206689533434414,-11.17635574673768,47.58547719319662,-12.320975807751182
IDFCFIRSTB,Yes,2022-05-02,2022-10-31,44.40%,No,5,10,38.7232551574707,55.91697692871094,57.90125386164738,3.5486126788760743,55.38257463895358,-0.9557066907223433
IDFCFIRSTB,Yes,2022-08-05,2023-02-01,30.18%,No,8,2,43.25841522216797,56.315673828125,54.96177255539667,-2.4041286922365974,87.25766783494215,54.94384050389218
IDFCFIRSTB,Yes,2022-12-09,2023-06-07,25.60%,No,12,6,58.40882110595703,73.3598861694336,83.49920082092285,13.82133367556116,83.47372265251316,13.786603293958812
IDFCFIRSTB,Yes,2023-02-01,2023-07-31,54.34%,No,2,7,56.315673828125,86.91551208496094,83.26260994576118,-4.202819556109844,81.7345522034843,-5.960915096964728
IDFCFIRSTB,Yes,2023-02-02,2023-08-01,48.49%,No,2,8,59.40555953979492,88.2112808227539,83.26260994576118,-5.610020431441489,81.7345522034843,-7.342290644530523
IDFCFIRSTB,Yes,2023-03-01,2023-08-28,63.46%,No,3,8,55.51828384399414,90.75296020507812,83.26260994576118,-8.253560261164699,82.941858179429,-8.60699420492517
IGL,Yes,2015-12-09,2016-06-06,25.02%,No,12,6,40.56427764892578,50.71526336669922,74.86095937093098,47.61031374252189,92.37038488555373,82.1352759575852
IGL,Yes,2016-02-08,2016-08-08,26.27%,No,2,8,48.04742813110352,60.66781234741211,93.3284094961066,53.83513247793529,92.35937342568049,52.23785043836385
IGL,Yes,2016-03-01,2016-08-29,43.49%,No,3,8,46.94060897827149,67.35723876953125,91.04506132337782,35.16744894323319,93.26117142897385,38.45753349253997
IGL,Yes,2016-03-08,2016-09-06,51.63%,No,3,9,46.22183609008789,70.08682250976562,91.45641403198242,30.490170273076995,94.12473511277584,34.29733542230547
IGL,Yes,2016-04-01,2016-09-28,39.76%,No,4,9,49.70545196533203,69.46746063232422,91.68014163970948,31.97566285739452,92.1860380405333,32.70391230860367
IGL,Yes,2016-04-04,2016-10-03,41.07%,No,4,10,49.83333206176758,70.29861450195312,92.85710592830883,32.08952493043651,94.14704536669183,33.924467834392544
IGL,Yes,2016-05-02,2016-11-01,50.23%,No,5,11,51.4428596496582,77.2813491821289,94.49828196680824,22.278250789985815,91.36344691685268,18.221858033995375
IGL,Yes,2016-06-01,2016-11-28,50.53%,No,6,11,49.54229736328125,74.5744857788086,92.13603743067327,23.549008040032696,91.79600101047092,23.09303919673297
IGL,Yes,2016-06-06,2016-12-05,43.84%,No,6,12,50.71526336669922,72.9498291015625,93.86836376524808,28.675234639086394,92.74362772161311,27.133440700036743
IGL,Yes,2016-07-01,2016-12-28,45.91%,No,7,12,54.29587936401367,79.2253646850586,93.6344492985652,18.187463914854117,91.36344691685268,15.320954696827357
IGL,Yes,2016-07-04,2017-01-02,50.41%,No,7,1,54.56488037109375,82.06854248046875,94.71747677142804,15.412646439979817,92.46989413990694,12.673981217484858
IGL,Yes,2016-08-01,2017-01-30,49.66%,No,8,1,57.29885482788086,85.75531005859375,93.07374347784581,8.53408775999016,93.6096464029948,9.159008741306447
IGL,Yes,2016-08-05,2017-02-01,46.33%,No,8,2,58.62615585327149,85.78656005859375,93.98178330678789,9.55303866083062,94.6861914272966,10.374155768251168
IGL,Yes,2016-09-01,2017-02-28,34.65%,No,9,2,69.1563720703125,93.1199188232422,90.66136418218198,-2.6402027322714723,91.13089766325774,-2.1359781936236097
IGL,Yes,2016-09-02,2017-03-01,34.54%,No,9,3,69.67671966552734,93.74478912353516,90.66136418218198,-3.2891694249692014,91.08157895646005,-2.840915417245835
IGL,Yes,2016-10-03,2017-04-03,28.84%,No,10,4,70.29861450195312,90.5757827758789,96.44657228051162,6.48163264474282,136.21597361010174,50.388955453087405
IGL,Yes,2016-12-01,2017-05-30,26.82%,No,12,5,74.5968017578125,94.60623931884766,137.50176362068422,45.34111556561029,131.3206931060215,38.80764530068316
IGL,Yes,2017-01-16,2017-07-17,25.17%,No,1,7,81.68022155761719,102.2386474609375,134.08993725898938,31.15386459921759,133.89220411512588,30.96046107836306
IGL,Yes,2017-05-02,2017-10-30,52.86%,No,5,10,94.57945251464844,144.57171630859375,132.23206233978271,-8.535316785249739,133.5140185688817,-7.648589933115941
IGL,Yes,2018-11-29,2019-05-28,26.46%,No,11,5,117.59362030029295,148.7067413330078,149.67718869163878,0.6525913687112429,149.51635950261897,0.5444394533521045
IGL,Yes,2024-02-01,2024-07-30,26.00%,No,2,7,213.31903076171875,268.779541015625,196.38728388006038,-26.933693264754936,207.36131169245795,-22.850782872494236
INDHOTEL,Yes,2015-11-30,2016-05-30,25.99%,No,11,5,82.40801239013672,103.82356262207033,114.22591836111886,10.019262946036921,115.029100160341,10.792865564688931
INDHOTEL,Yes,2015-12-01,2016-05-30,25.59%,No,12,5,82.67186737060547,103.82356262207033,114.22591836111886,10.019262946036921,115.029100160341,10.792865564688931
INDHOTEL,Yes,2016-02-17,2016-08-16,25.79%,No,2,8,89.3559799194336,112.39742279052734,114.67769470214844,2.0287581823568974,111.11618118286133,-1.1399208058834593
INDHOTEL,Yes,2016-03-01,2016-08-29,29.44%,No,3,8,87.99275970458984,113.89606475830078,114.63746056189903,0.6509406669770113,111.09447930564343,-2.459773705617137
INDHOTEL,Yes,2016-03-08,2016-09-06,36.68%,No,3,9,86.23379516601562,117.8630142211914,114.64659584893121,-2.728946305601856,111.09223741803851,-5.744615346801078
INDHOTEL,Yes,2016-04-01,2016-09-28,30.14%,No,4,9,88.43251037597656,115.08615112304688,114.54097767880089,-0.47370899011394113,111.03187343052456,-3.5228197771490333
INDHOTEL,Yes,2016-04-04,2016-10-03,31.48%,No,4,10,88.03675079345703,115.747314453125,114.55231942070856,-1.0324170699445376,111.03187343052456,-4.073909658189166
INDHOTEL,Yes,2016-12-05,2017-06-05,38.83%,No,12,6,86.3917465209961,119.93466186523438,110.90006458516024,-7.532932631457236,110.90006458516024,-7.532932631457236
INDHOTEL,Yes,2017-01-02,2017-07-03,32.74%,No,1,7,86.70028686523438,115.08615112304688,110.75058391482331,-3.767236253811372,110.75058391482331,-3.767236253811372
INDHOTEL,Yes,2017-07-21,2018-01-17,26.06%,No,7,1,111.3836441040039,140.4147491455078,121.53300677605395,-13.447121819010086,121.49137128409693,-13.476773612863935
INDHOTEL,Yes,2017-08-22,2018-02-19,31.73%,No,8,2,98.52499389648438,129.78799438476562,120.59239491549405,-7.085092510182853,120.59239491549405,-7.085092510182853
INDHOTEL,Yes,2017-10-05,2018-04-03,27.34%,No,10,4,102.7724380493164,130.87428283691406,120.49249697954227,-7.932640112579501,121.59000214286472,-7.094045134611155
INDHOTEL,Yes,2017-11-01,2018-04-30,28.93%,No,11,4,108.39280700683594,139.75350952148438,123.00943814791165,-11.981145540390632,121.59000214286472,-12.996816638674375
INDHOTEL,Yes,2021-05-03,2021-11-01,86.42%,No,5,11,106.30390167236328,198.1707763671875,205.13071214830552,3.5120898796006452,212.07841902512772,7.018008867347304
INDHOTEL,Yes,2021-06-01,2021-11-29,31.28%,No,6,11,130.08114624023438,170.7694854736328,202.6883057625063,18.691173191947005,200.53818103878996,17.432093024461036
INDHOTEL,Yes,2021-06-04,2021-12-01,39.20%,No,6,12,130.89442443847656,182.2003173828125,204.34217649517637,12.152481088077721,200.53818103878996,10.064671631415788
INDHOTEL,Yes,2021-07-01,2021-12-28,33.46%,No,7,12,135.55264282226562,180.9137420654297,213.8506325615777,18.205853308941,317.076483543883,75.2639019700385
INDHOTEL,Yes,2021-08-02,2022-01-31,50.79%,No,8,1,141.50257873535156,213.3752899169922,226.07039417940027,5.949659994532057,317.6936323377821,48.88960781793061
INDHOTEL,Yes,2021-09-01,2022-02-28,39.92%,No,9,2,141.0707244873047,197.39190673828125,226.24516250147963,14.617243553685533,317.03959899017775,60.6142846629145
INDHOTEL,Yes,2021-09-02,2022-03-02,36.62%,No,9,3,143.4698944091797,196.00637817382812,317.3584424187155,61.912303760475794,316.950419681173,61.70413566852694
INDHOTEL,Yes,2021-10-01,2022-03-30,35.14%,No,10,3,176.6742706298828,238.76058959960935,321.6124304569129,34.70080258900445,310.7431349981399,30.148420021596532
INDHOTEL,Yes,2022-01-31,2022-08-01,25.67%,No,1,8,213.3752899169922,268.1423034667969,316.20254794034093,17.923410014822668,313.00798825183546,16.732042726929937
INDHOTEL,Yes,2022-05-02,2022-10-31,27.78%,No,5,10,258.99957275390625,330.9517517089844,313.1044567653111,-5.392718077941136,319.2858257682956,-3.524962741682959
INDHOTEL,Yes,2024-02-01,2024-07-30,31.06%,No,2,7,491.6211242675781,644.3053588867188,669.2486956561053,3.8713532993867332,755.7774505615234,17.3011275069037
INDIANB,Yes,2015-12-23,2016-06-20,25.73%,No,12,6,94.03267669677734,118.22920989990234,191.28346688406808,61.79036216685914,181.63821868896486,53.63226976036392
INDIANB,Yes,2016-01-04,2016-07-04,35.15%,No,1,7,94.44986724853516,127.6521987915039,183.33463092182959,43.620425388263435,187.10669340910735,46.575378395722964
INDIANB,Yes,2016-02-01,2016-08-01,71.07%,No,2,8,76.5945053100586,131.0270233154297,192.2001567416721,46.68741751003259,189.00609652201334,44.24970646475494
INDIANB,Yes,2016-03-01,2016-08-29,197.28%,No,3,8,63.87046813964844,189.8752593994141,204.49375009536743,7.698997090085581,243.53718613133287,28.261673954602834
INDIANB,Yes,2016-03-08,2016-09-06,136.20%,No,3,9,83.9786148071289,198.35452270507812,204.69178968860257,3.1949193278274577,243.76091825045071,22.891535280435594
INDIANB,Yes,2016-04-01,2016-09-28,119.91%,No,4,9,87.35778045654297,192.111083984375,205.1855758140827,6.805693642731775,243.7203245162964,26.864270119947335
INDIANB,Yes,2016-04-04,2016-10-03,115.02%,No,4,10,87.81668090820312,188.8206787109375,205.1855758140827,8.666898781884989,243.7203245162964,29.075017725894238
INDIANB,Yes,2016-05-02,2016-11-01,138.57%,No,5,11,80.2239761352539,191.3939666748047,205.1855758140827,7.205874552310831,243.59802526357223,27.27570753443177
INDIANB,Yes,2016-06-01,2016-11-28,170.04%,No,6,11,75.59326171875,204.13385009765625,243.34936666488647,19.210687766124916,236.99218772439394,16.096466906893927
INDIANB,Yes,2016-06-06,2016-12-05,156.54%,No,6,12,79.38961791992188,203.6697998046875,243.87097415408573,19.738407160978117,236.99218772439394,16.360986239325367
INDIANB,Yes,2016-07-01,2016-12-28,51.08%,No,7,12,119.42610931396484,180.4258270263672,239.69622320877878,32.85028377547627,243.56591878618514,34.995040787919315
INDIANB,Yes,2016-07-04,2017-01-02,47.12%,No,7,1,127.6521987915039,187.80821228027344,242.39952153744906,29.067583677175367,246.8799047637404,31.453199924672088
INDIANB,Yes,2016-08-01,2017-01-30,75.31%,No,8,1,131.0270233154297,229.69802856445312,244.92581424197635,6.6294803541382255,248.74713426955202,8.293108053277754
INDIANB,Yes,2016-08-05,2017-02-01,35.47%,No,8,2,170.4279327392578,230.87921142578125,244.92581424197635,6.083961708570953,248.74713426955202,7.739078253701772
INDIANB,Yes,2016-09-01,2017-02-28,29.03%,No,9,2,188.6519317626953,243.408203125,236.227049607497,-2.9502512344726433,236.227049607497,-2.9502512344726433
INDIANB,Yes,2016-09-02,2017-03-01,31.10%,No,9,3,185.1505584716797,242.73324584960935,236.05583391691508,-2.7509259843340144,236.05583391691508,-2.7509259843340144
INDIANB,Yes,2016-10-03,2017-04-03,25.54%,No,10,4,188.8206787109375,237.03829956054688,264.76044294569226,11.69521694871267,264.36224884682514,11.52722970799868
INDIANB,Yes,2016-11-01,2017-05-02,41.02%,No,11,5,191.3939666748047,269.9004821777344,268.28944969177246,-0.5968987061316252,268.50565447126115,-0.5167933362767033
INDIANB,Yes,2016-12-01,2017-05-30,28.04%,No,12,5,208.3523712158203,266.7787780761719,268.27027056294105,0.5590746376172837,268.08619564869366,0.4900755532167877
INDIANB,Yes,2021-01-01,2021-06-30,63.78%,No,1,6,77.25395965576172,126.52686309814452,125.49072603078989,-0.8189067854712547,125.5375815337559,-0.7818747261767268
INDIANB,Yes,2022-05-02,2022-10-31,64.49%,No,5,10,142.74542236328125,234.7967071533203,264.48047843812003,12.64232861043339,269.85764168404245,14.932464324479488
INDIANB,Yes,2022-10-31,2023-05-02,29.64%,No,10,5,234.7967071533203,304.38494873046875,397.55559891920825,30.609480060474876,404.00923682040855,32.729702472298186
INDIANB,Yes,2023-11-01,2024-04-29,29.71%,No,11,4,410.9596557617187,533.0556640625,509.99620618318255,-4.325900545466066,509.82871387622976,-4.357321711817871
INDIGO,Yes,2016-11-15,2017-05-15,25.78%,No,11,5,851.01513671875,1070.41455078125,1197.5095016124637,11.873432656390232,1172.726156156357,9.558129165979125
INDIGO,Yes,2016-12-01,2017-05-30,26.43%,No,12,5,807.62646484375,1021.0543212890624,1192.265988557235,16.768125230792915,1191.6707763671875,16.709831349885963
INDIGO,Yes,2016-12-05,2017-06-05,33.57%,No,12,6,818.3171997070312,1093.0478515625,1192.265988557235,9.077199763295244,1191.6707763671875,9.022745405309301
INDIGO,Yes,2017-01-02,2017-07-03,44.97%,No,1,7,792.0238037109375,1148.2347412109375,1239.5281419020432,7.95076106082864,1191.4113920028894,3.760263406280279
INDIGO,Yes,2017-02-01,2017-07-31,54.29%,No,2,7,805.7001953125,1243.1505126953125,1191.8378146701389,-4.1276335810634075,1171.2390930911145,-5.784610863272277
INDIGO,Yes,2017-02-02,2017-08-01,50.79%,No,2,8,824.0958862304688,1242.6689453125,1191.8378146701389,-4.090480480268088,1171.2390930911145,-5.748099885398096
INDIGO,Yes,2017-03-01,2017-08-28,39.80%,No,3,8,838.7352905273438,1172.5933837890625,1191.4742207429847,1.610177680937578,1170.8809997558594,-0.1460339156673188
INDIGO,Yes,2017-03-06,2017-09-04,51.04%,No,3,9,828.3336181640625,1251.09912109375,1191.9463986766582,-4.728060424611173,1149.478803362165,-8.122483344304907
INDIGO,Yes,2017-10-06,2018-04-04,25.30%,No,10,4,1094.8292236328125,1371.774658203125,1055.3741482204862,-23.065049940278744,1145.6571979522705,-16.483571765864493
INDIGO,Yes,2018-07-31,2019-01-28,26.81%,No,7,1,919.2293701171876,1165.671875,1538.1091899256553,31.95044187933721,1450.7455557364005,24.455739805543526
INDIGO,Yes,2018-08-01,2019-01-28,27.50%,No,8,1,914.2857055664062,1165.671875,1538.1091899256553,31.95044187933721,1450.7455557364005,24.455739805543526
INDIGO,Yes,2018-09-04,2019-03-05,30.35%,No,9,3,905.62744140625,1180.4505615234375,1450.835884712838,22.905264481424197,1442.479667154948,22.197380743615998
INDIGO,Yes,2018-11-01,2019-04-30,63.93%,No,11,4,920.9534301757812,1509.7108154296875,1441.694800592238,-4.505234654365984,1432.6293015252977,-5.105713830529271
INDIGO,Yes,2018-12-31,2019-07-01,35.71%,No,12,7,1159.4520263671875,1573.5028076171875,1430.732279114804,-9.073420639050916,1430.732279114804,-9.073420639050916
INDIGO,Yes,2019-04-01,2019-09-30,33.79%,No,4,9,1409.9923095703125,1886.4620361328125,1421.1755211871603,-24.664504561113507,999.6323893229167,-47.010203747745095
INDIGO,Yes,2019-04-04,2019-10-01,30.99%,No,4,10,1425.0694580078125,1866.745361328125,999.5178932367369,-46.45665584910765,998.1277820217994,-46.53112295339168
INDIGO,Yes,2021-05-03,2021-11-01,30.79%,No,5,11,1663.43896484375,2175.62353515625,1832.0240631103516,-15.793149250944358,1830.1581398292824,-15.878914239735728
INDIGO,Yes,2021-08-09,2022-02-07,30.51%,No,8,2,1659.994873046875,2166.43896484375,1798.4587452168366,-16.98548750268869,1796.490005493164,-17.076361963295273
INDIGO,Yes,2022-06-20,2022-12-19,30.84%,No,6,12,1546.686279296875,2023.68017578125,1867.2930974187077,-7.7278554306225,2456.4325279822715,21.384424148640765
INDIGO,Yes,2023-09-01,2024-02-28,28.17%,No,9,2,2434.785400390625,3120.62646484375,4290.49130859375,37.4881408245884,4306.491848575368,38.00087569247075
INDIGO,Yes,2025-01-01,2025-06-30,30.05%,No,1,6,4587.94677734375,5966.41748046875,5768.178080240886,-3.32258680987053,5768.178080240886,-3.32258680987053
INDUSINDBK,Yes,2016-01-18,2016-07-18,26.30%,No,1,7,850.2238159179688,1073.8526611328125,1157.4225376674108,7.782247933942819,1121.0609688136888,4.396162470843624
INDUSINDBK,Yes,2016-02-01,2016-08-01,30.03%,No,2,8,876.7015991210938,1139.9892578125,1134.9004626151843,-0.4463897499420698,1144.9915605024858,0.4388026164022424
INDUSINDBK,Yes,2016-03-01,2016-08-29,34.80%,No,3,8,814.0057983398438,1097.25927734375,1146.6834898603724,4.5043330721494375,1149.5675648082386,4.7671765957738526
INDUSINDBK,Yes,2016-03-08,2016-09-06,33.76%,No,3,9,870.9806518554688,1165.057373046875,1152.9233034823803,-1.0414997445800864,1151.4536846808667,-1.1676410690772905
INDUSINDBK,Yes,2016-04-01,2016-09-28,27.65%,No,4,9,909.04248046875,1160.4046630859375,1154.4095623944256,-0.5166387969838667,1159.1979623189786,-0.103989651657364
INDUSINDBK,Yes,2016-04-04,2016-10-03,28.78%,No,4,10,909.04248046875,1170.7073974609375,1154.982353659237,-1.3432087160126691,1381.657000732422,18.018986104384215
INDUSINDBK,Yes,2016-11-15,2017-05-15,29.56%,No,11,5,1037.95947265625,1344.7608642578125,1577.6033957345146,17.31479087958217,1601.1221842447917,19.063710641852126
INDUSINDBK,Yes,2016-12-01,2017-05-30,36.38%,No,12,5,1026.1849365234375,1399.502685546875,1575.7038624043366,12.590270720960323,1568.8800486094915,12.102682246474572
INDUSINDBK,Yes,2016-12-05,2017-06-05,38.89%,No,12,6,1029.0810546875,1429.3187255859375,1575.7038624043366,10.241602114209323,1568.8800486094915,9.76418488929696
INDUSINDBK,Yes,2017-02-01,2017-07-31,26.33%,No,2,7,1241.7816162109375,1568.6844482421875,1590.2271494763963,1.3732973038872685,1579.5349661404969,0.6916953827436787
INDUSINDBK,Yes,2021-05-03,2021-11-01,35.20%,No,5,11,882.2672119140625,1192.799560546875,902.5489388158766,-24.333562094701332,920.0927852162143,-22.862749480359465
INDUSINDBK,Yes,2022-06-01,2022-11-28,30.07%,No,6,11,900.9320068359376,1171.842041015625,1133.3604213169642,-3.2838572394372454,1413.9477562997856,20.66026877430765
INDUSINDBK,Yes,2022-06-06,2022-12-05,29.76%,No,6,12,901.3202514648438,1169.5430908203125,1395.770516531808,19.343231342833253,1417.9096953722894,21.23620809711027
INDUSINDBK,Yes,2022-07-01,2022-12-28,51.63%,No,7,12,783.360107421875,1187.7882080078125,1375.517520680147,15.804948340680935,1383.693244214328,16.493263267455077
INDUSINDBK,Yes,2022-07-04,2023-01-02,48.59%,No,7,1,807.4276733398438,1199.7232666015625,1375.517520680147,14.652900295628527,1383.693244214328,15.33436774414606
INDUSINDBK,Yes,2023-05-02,2023-10-30,27.78%,No,5,10,1125.9114990234375,1438.6781005859375,1478.2034692382813,2.7473392857127727,1451.2123573081008,0.8712342752043264
INDUSTOWER,Yes,2017-01-30,2017-07-31,27.86%,No,1,7,233.6493682861328,298.7499694824219,252.03024920295266,-15.638401691022818,246.88598569234213,-17.360331075492
INDUSTOWER,Yes,2017-02-01,2017-07-31,42.78%,No,2,7,209.23240661621097,298.7499694824219,252.03024920295266,-15.638401691022818,246.88598569234213,-17.360331075492
INDUSTOWER,Yes,2017-02-02,2017-08-01,44.51%,No,2,8,207.9173583984375,300.4618225097656,252.03024920295266,-16.119043977788174,246.88598569234213,-17.831162831238622
INDUSTOWER,Yes,2017-03-01,2017-08-28,40.13%,No,3,8,205.39393615722656,287.8092346191406,248.47626867959664,-13.666332142397547,246.88598569234213,-14.218879731552892
INDUSTOWER,Yes,2017-03-06,2017-09-04,27.55%,No,3,9,220.4279632568359,281.14801025390625,253.15985929048978,-9.954952531280668,227.68875558035714,-19.01463027437746
INDUSTOWER,Yes,2017-04-03,2017-10-03,25.16%,No,4,10,242.9109344482422,304.0343017578125,246.88598569234213,-18.796667262562217,222.15772045359893,-26.93004731072574
INDUSTOWER,Yes,2018-10-03,2019-04-01,28.43%,No,10,4,196.5270233154297,252.39651489257812,218.3474862541951,-13.49029270585394,216.75500189089308,-14.121238170366315
INDUSTOWER,Yes,2021-04-01,2021-09-28,25.33%,No,4,9,241.50828552246097,302.6771545410156,201.11272333318536,-33.55536738867661,200.65229692130254,-33.7074853813877
INDUSTOWER,Yes,2023-05-18,2023-11-15,27.29%,No,5,11,147.5,187.75,219.3171412876674,16.813390832312862,337.6302070617676,79.82967087178034
INDUSTOWER,Yes,2023-07-07,2024-01-03,27.11%,No,7,1,163.39999389648438,207.6999969482422,344.3914623725705,65.81197276492554,344.5277021253431,65.87756725446545
INDUSTOWER,Yes,2023-08-01,2024-01-29,33.71%,No,8,1,173.6999969482422,232.25,344.7010862930961,48.41812111651071,345.03641915027004,48.56250555447579
INDUSTOWER,Yes,2023-08-09,2024-02-05,25.15%,No,8,2,171.39999389648438,214.5,344.35195982689953,60.53704420834477,345.5011487938892,61.072796640507775
INDUSTOWER,Yes,2023-09-01,2024-02-28,34.65%,No,9,2,181.6999969482422,244.6499938964844,337.76176422717526,38.05917541534378,338.21666572207494,38.24511512768735
INDUSTOWER,Yes,2023-09-04,2024-03-04,49.69%,No,9,3,179.10000610351562,268.1000061035156,337.9326917208158,26.047252527975402,337.93907954775057,26.049635156393652
INDUSTOWER,Yes,2023-11-01,2024-04-29,94.91%,No,11,4,180.6000061035156,352.0,344.47181784889915,-2.138688111108196,344.5954542283888,-2.103564139662272
INDUSTOWER,Yes,2023-11-03,2024-05-02,87.39%,No,11,5,188.3500061035156,352.95001220703125,344.4298245614035,-2.413992732951097,344.48552583393297,-2.3982111008210523
INDUSTOWER,Yes,2023-12-01,2024-05-29,81.69%,No,12,5,187.6499938964844,340.95001220703125,345.1066030826209,1.219120318747982,344.8338701801915,1.1391282692789355
INDUSTOWER,Yes,2023-12-04,2024-06-03,94.65%,No,12,6,187.0,364.0,345.07352881338085,-5.199579996323943,344.79666595458986,-5.275641221266524
INFY,Yes,2017-08-21,2018-02-19,31.39%,No,8,2,346.0697326660156,454.6975708007813,471.3306229754192,3.65804729181749,553.9979667663574,21.838778639326193
INFY,Yes,2017-09-01,2018-02-28,29.24%,No,9,2,364.514404296875,471.1096801757813,471.65256379780016,0.11523508109964689,553.9979667663574,17.594265216466933
INFY,Yes,2017-09-04,2018-03-05,30.20%,No,9,3,356.6887512207031,464.4001770019531,472.0013478597005,1.6367717400149502,553.9979667663574,19.2932290299337
INFY,Yes,2017-10-03,2018-04-02,27.61%,No,10,4,358.01611328125,456.8670654296875,555.9690786508413,21.69165184361615,553.9979667663574,21.260210832951472
INFY,Yes,2017-11-01,2018-04-30,29.39%,No,11,4,372.456298828125,481.917236328125,553.2623087565104,14.804424297413664,562.8759169805618,16.79929136158021
INFY,Yes,2017-11-02,2018-05-02,29.71%,No,11,5,370.7889099121094,480.9328918457031,556.1286105685764,15.6353869734903,562.8759169805618,17.038349117770117
INFY,Yes,2017-12-01,2018-05-30,26.38%,No,12,5,385.2122497558594,486.8185729980469,557.2272145341083,14.46301465091059,604.7417044132313,24.223219481738543
INFY,Yes,2017-12-04,2018-06-04,25.78%,No,12,6,395.879150390625,497.9474487304687,557.2272145341083,11.904823682654673,604.7417044132313,21.446892830767116
INFY,Yes,2018-01-01,2018-07-02,32.30%,No,1,7,415.2442321777344,549.3798828125,557.7620512309827,1.5257508839914127,610.0022015238917,11.034681212031517
INFY,Yes,2018-02-06,2018-08-06,25.84%,No,2,8,445.05523681640625,560.0611572265625,609.8169747488839,8.883997199290437,604.1257874731924,7.867824732720105
INFY,Yes,2018-03-01,2018-08-28,25.75%,No,3,8,466.3487243652344,586.425048828125,609.6371841430664,3.9582441714123706,608.5520446777343,3.7732010073284776
INFY,Yes,2018-03-05,2018-09-03,27.12%,No,3,9,464.4001770019531,590.3558349609375,609.8707173665365,3.3056135384670586,614.4264282226562,4.07730250744645
INFY,Yes,2018-04-02,2018-10-01,34.54%,No,4,10,456.8670654296875,614.66162109375,610.2242560135691,-0.7219199845737789,606.4991711425781,-1.3279582897411646
INFY,Yes,2021-01-01,2021-06-30,26.77%,No,1,6,1109.599609375,1406.6270751953125,1536.2334555767952,9.21398305684445,1523.9696007361779,8.342120495908425
INFY,Yes,2021-05-03,2021-11-01,28.22%,No,5,11,1190.2373046875,1526.14453125,1567.5479033499053,2.7129391254964244,1364.6689627511162,-10.580620982642193
INFY,Yes,2021-07-19,2022-01-17,26.92%,No,7,1,1371.835205078125,1741.100341796875,1358.2403475133385,-21.989542193094504,1361.2518413996293,-21.81657721146784
INFY,Yes,2024-04-01,2024-09-30,27.93%,No,4,9,1407.943603515625,1801.179931640625,1855.0119807545732,2.9887102431190566,1855.0119807545732,2.9887102431190566
INFY,Yes,2024-05-02,2024-10-29,34.15%,No,5,10,1331.68310546875,1786.4317626953125,1559.5289431840945,-12.701454611894839,1502.5736508576767,-15.88966999833005
INFY,Yes,2024-06-03,2024-12-02,35.23%,No,6,12,1350.11669921875,1825.7677001953125,1559.5289431840945,-14.582290889620678,1502.4397838245739,-17.70914866859297
IOC,Yes,2016-01-21,2016-07-19,26.42%,No,1,7,35.58744812011719,44.99114990234375,55.93218591478136,24.31819599229147,72.57549929151348,61.31061208491754
IOC,Yes,2016-02-01,2016-08-01,36.22%,No,2,8,36.27018356323242,49.40776824951172,54.39585244028192,10.095748841720852,73.21305965555125,48.18127239793874
IOC,Yes,2016-03-01,2016-08-29,48.12%,No,3,8,35.18708801269531,52.11972427368164,56.11246395111084,7.660707597882231,71.89250776502821,37.93723732596765
IOC,Yes,2016-03-08,2016-09-06,46.14%,No,3,9,36.29009246826172,53.035011291503906,56.11246395111084,5.802681256522962,71.95442654224152,35.6734443719605
IOC,Yes,2016-04-01,2016-09-28,52.81%,No,4,9,35.829750061035156,54.751346588134766,71.7312471943517,31.012754323556063,72.42876969722279,32.28673669355727
IOC,Yes,2016-04-04,2016-10-03,52.60%,No,4,10,36.60459518432617,55.85702133178711,71.7312471943517,28.419392019264162,72.42876969722279,29.668156250224236
IOC,Yes,2016-05-02,2016-11-01,54.85%,No,5,11,38.85619354248047,60.16865158081055,71.83260487401208,19.38543242494982,72.42876969722279,20.37625539928559
IOC,Yes,2016-06-01,2016-11-28,44.86%,No,6,11,38.34115982055664,55.54243087768555,71.99883850761081,29.62853330306202,72.67007793079723,30.837049769805457
IOC,Yes,2016-06-06,2016-12-05,41.20%,No,6,12,38.131492614746094,53.839969635009766,72.94806007102683,35.49052974129449,72.94806007102683,35.49052974129449
IOC,Yes,2016-07-01,2016-12-28,35.33%,No,7,12,43.236358642578125,58.5124626159668,72.5453815834195,23.982786469874913,81.01588655867667,38.45919815476912
IOC,Yes,2016-07-04,2017-01-02,38.25%,No,7,1,43.828880310058594,60.594268798828125,72.12384650820778,19.027505303608237,79.85975326538086,31.794235409480383
IOC,Yes,2016-08-01,2017-01-30,41.50%,No,8,1,49.40776824951172,69.9114761352539,81.01840994698661,15.887139602437697,75.10916137695312,7.43466670857234
IOC,Yes,2016-08-05,2017-02-01,32.33%,No,8,2,52.502593994140625,69.47660827636719,80.51855827780331,15.893046991460713,80.41045136147358,15.737445100390127
IOC,Yes,2016-09-01,2017-02-28,40.58%,No,9,2,52.475242614746094,73.76954650878906,80.56447910618138,9.211026662042384,80.46700302759807,9.078890728996221
IOC,Yes,2016-09-02,2017-03-01,37.83%,No,9,3,53.05815124511719,73.12773895263672,80.56447910618138,10.169520157544158,80.46700302759807,10.036224529948662
IOC,Yes,2016-10-03,2017-04-03,32.31%,No,10,4,55.85702133178711,73.90498352050781,80.67274392617715,9.157380305472035,75.33654310438368,1.937027133601383
IOC,Yes,2016-11-01,2017-05-02,42.78%,No,11,5,60.16865158081055,85.90740203857422,80.69115917499249,-6.07193645693013,75.35159301757812,-12.287426659994113
IOC,Yes,2016-12-01,2017-05-30,47.60%,No,12,5,55.1168098449707,81.35073852539062,75.59305629730224,-7.077602898824743,76.67260058172818,-5.750578333351383
IOC,Yes,2016-12-05,2017-06-05,52.00%,No,12,6,53.839969635009766,81.83550262451172,75.59305629730224,-7.628041775281666,76.67260058172818,-6.308878026292135
IOC,Yes,2021-01-01,2021-06-30,31.04%,No,1,6,42.278953552246094,55.404056549072266,66.06297061317845,19.238508383705465,67.7212486986844,22.231570965751583
IOC,Yes,2023-11-01,2024-04-29,100.94%,No,11,4,82.64236450195312,166.06463623046875,158.49304737764245,-4.559422779403949,134.75194216997195,-18.855726764752152
IOC,Yes,2024-02-01,2024-07-30,27.28%,No,2,7,140.69691467285156,179.0758514404297,134.50657119750977,-24.888492716588352,140.61822170681424,-21.475609036212532
IRB,Yes,2016-11-11,2017-05-10,29.26%,No,11,5,18.150447845458984,23.46039390563965,19.26854519966321,-17.86776779126781,19.93438850887238,-15.029608671317538
IRB,Yes,2016-12-05,2017-06-05,25.80%,No,12,6,16.635326385498047,20.927154541015625,19.580326292249893,-6.435792530351183,19.91704092706953,-4.8268082121071485
IRB,Yes,2017-10-13,2018-04-11,37.18%,No,10,4,18.932767868041992,25.97132682800293,13.33890125155449,-48.63989298701461,14.26534855807269,-45.072700164508205
IRB,Yes,2021-01-01,2021-06-30,36.15%,No,1,6,11.59779167175293,15.789823532104492,21.500881031581333,36.169229427199696,21.47775363922119,36.022759187598105
IRB,Yes,2021-01-04,2021-07-05,34.70%,No,1,7,11.475502967834473,15.457200050354004,21.500881031581333,39.09945502121463,21.47775363922119,38.94983288858517
IRB,Yes,2021-02-01,2021-08-02,52.42%,No,2,8,10.506982803344728,16.014833450317383,22.729215320787933,41.926017471867524,21.400079419535974,33.62661238985202
IRB,Yes,2021-03-01,2021-08-30,55.28%,No,3,8,10.477631568908691,16.26919174194336,21.92692598306908,34.775754879940344,21.921105446354037,34.7399784455153
IRB,Yes,2021-03-05,2021-09-01,43.14%,No,3,9,11.08907413482666,15.872979164123535,22.10054115148691,39.23373125467872,22.088328525937836,39.156791535784116
IRB,Yes,2021-04-01,2021-09-28,54.44%,No,4,9,11.133096694946287,17.193689346313477,21.8586581548055,27.13186631752333,21.85577892866291,27.115120486628076
IRB,Yes,2021-04-05,2021-10-04,86.55%,No,4,10,10.653727531433104,19.874238967895508,21.8586581548055,9.984881383964376,21.85577892866291,9.970394156819527
IRB,Yes,2021-05-03,2021-11-01,126.26%,No,5,11,10.28197193145752,23.264066696166992,21.843530654907227,-6.106138104795815,21.820121586322784,-6.206761391730851
IRB,Yes,2021-06-01,2021-11-29,72.94%,No,6,11,11.353214263916016,19.634557723999023,21.859219784206815,11.330339554777035,21.82912757179954,11.177078081662751
IRB,Yes,2021-06-04,2021-12-01,71.95%,No,6,12,12.25814723968506,21.077556610107425,21.859219784206815,3.70850942810209,21.82912757179954,3.565740448927126
IRB,Yes,2021-07-01,2021-12-28,36.52%,No,7,12,15.217514038085938,20.774282455444336,21.879751477922714,5.321334322132827,22.476504149260343,8.193889235244821
IRB,Yes,2021-07-05,2022-01-03,40.35%,No,7,1,15.457200050354004,21.69388771057129,21.8697096172132,0.8104674873754141,22.52520715965415,3.8320445840501227
IRB,Yes,2021-08-02,2022-01-31,55.28%,No,8,1,16.014833450317383,24.868480682373047,20.675868254441482,-16.85914182486957,21.027139235515985,-15.446626981035601
IRB,Yes,2021-08-05,2022-02-01,58.36%,No,8,2,16.445283889770508,26.04244613647461,23.048150968551635,-11.497749298324228,21.027139235515985,-19.25820207009767
IRB,Yes,2021-09-01,2022-02-28,33.04%,No,9,2,15.872979164123535,21.116683959960938,20.84440550933013,-1.2893996573849895,21.671224250793458,2.626076574731035
IRB,Yes,2021-09-02,2022-03-02,34.81%,No,9,3,16.44039535522461,22.163475036621097,23.122036341074352,4.3249594337955015,21.66117831638881,-2.266326554849065
IRB,Yes,2023-11-01,2024-04-29,106.72%,No,11,4,33.02096176147461,68.26068878173828,65.46850117770109,-4.090476750044437,64.71105185009185,-5.200118831200636
IRB,Yes,2023-12-01,2024-05-29,94.96%,No,12,5,36.97236633300781,72.0826644897461,65.34948417467949,-9.34091485481147,50.99262523651123,-29.25812940257635
IRCTC,Yes,2021-01-01,2021-06-30,40.75%,No,1,6,277.6235046386719,390.7575073242187,802.8144341010552,105.45080236550524,800.9739276931947,104.97979250047061
IRCTC,Yes,2021-01-04,2021-07-05,49.79%,No,1,7,278.785888671875,417.6072387695313,808.937947866079,93.7078366384628,808.937947866079,93.7078366384628
IRCTC,Yes,2021-02-01,2021-08-02,69.11%,No,2,8,280.4862365722656,474.34234619140625,770.8860856395656,62.51681761689021,770.8860856395656,62.51681761689021
IRCTC,Yes,2021-03-01,2021-08-30,39.17%,No,3,8,372.4285583496094,518.3104858398438,802.5486639318332,54.839364793367906,802.5486639318332,54.839364793367906
IRCTC,Yes,2021-03-05,2021-09-01,41.50%,No,3,9,372.8896789550781,527.6288452148438,809.0009198869977,53.32765204631351,809.0009198869977,53.32765204631351
IRCTC,Yes,2021-04-01,2021-09-28,120.97%,No,4,9,336.55841064453125,743.68896484375,812.0517390324519,9.192387869176601,811.1927982159515,9.076890550121867
IRCTC,Yes,2021-04-05,2021-10-04,135.77%,No,4,10,327.1250305175781,771.258056640625,811.1927982159515,5.1778702642369225,811.1927982159515,5.1778702642369225
IRCTC,Yes,2021-05-03,2021-11-01,142.59%,No,5,11,339.2098083496094,822.8849487304688,803.2561594645182,-2.385362534122599,700.9283889770508,-14.820608876316216
IRCTC,Yes,2021-06-01,2021-11-29,105.02%,No,6,11,364.0038146972656,746.2669067382812,820.265079498291,9.91577840205116,693.6319249471029,-7.053104099340378
IRCTC,Yes,2021-06-04,2021-12-01,111.54%,No,6,12,369.21044921875,781.0408325195312,820.265079498291,5.022048188214141,694.1459716796875,-11.125520871877184
IRCTC,Yes,2021-07-01,2021-12-28,112.47%,No,7,12,390.9400329589844,830.6283569335938,628.7312293419471,-24.30655369592537,694.5628019634046,-16.381038985052037
IRCTC,Yes,2021-07-05,2022-01-03,94.79%,No,7,1,417.6072387695313,813.4579467773438,689.8722941080729,-15.192629583235014,694.5628019634046,-14.616016142563131
IRCTC,Yes,2021-08-02,2022-01-31,76.02%,No,8,1,474.34234619140625,834.9571533203125,701.8120707850302,-15.94633712709857,701.2528651975235,-16.01331129281269
IRCTC,Yes,2021-08-05,2022-02-01,73.49%,No,8,2,475.1108703613281,824.2796630859375,701.8120707850302,-14.857529281071091,701.2528651975235,-14.925371011560124
IRCTC,Yes,2021-09-01,2022-02-28,47.91%,No,9,2,527.6288452148438,780.4317016601562,690.9411763035973,-11.466797820512948,616.2682890050552,-21.034949285874475
IRCTC,Yes,2021-09-02,2022-03-02,43.44%,No,9,3,543.709716796875,779.9013671875,690.9411763035973,-11.406595067875463,616.2682890050552,-20.981252895163212
IRCTC,Yes,2023-10-03,2024-04-01,38.40%,No,10,4,685.767333984375,949.1201171875,981.2670384457236,3.387023483759219,992.418880019077,4.561989789014588
IRCTC,Yes,2023-11-01,2024-04-29,60.70%,No,11,4,636.3488159179688,1022.5921630859376,906.3932320731027,-11.363174411798195,772.1252061631944,-24.493338201115687
IRCTC,Yes,2023-11-03,2024-05-02,59.76%,No,11,5,646.8270874023438,1033.4027099609375,906.3932320731027,-12.290414633481632,772.1252061631944,-25.283222240400292
IRCTC,Yes,2023-12-01,2024-05-29,48.71%,No,12,5,686.0979614257812,1020.2930908203124,911.0547502790179,-10.706564763019932,760.3096313476562,-25.48125257455485
IRCTC,Yes,2023-12-04,2024-06-03,46.25%,No,12,6,705.2241821289062,1031.3970947265625,789.5927974816525,-23.444345391433902,758.0011158818784,-26.50734428500258
IREDA,Yes,2023-11-29,2024-05-27,222.17%,No,11,5,60.0,193.3000030517578,205.38303074692234,6.250919557372791,175.2581578304893,-9.333598001256965
IREDA,Yes,2023-12-01,2024-05-29,195.22%,No,12,5,62.75,185.25,205.38303074692234,10.868032791860914,175.27974967956544,-5.382051455025403
IREDA,Yes,2023-12-04,2024-06-03,197.29%,No,12,6,64.55000305175781,191.8999938964844,224.47210532740542,16.97348226519028,175.04357110886346,-8.783962128062242
IREDA,Yes,2024-01-01,2024-07-01,87.40%,No,1,7,104.6500015258789,196.11000061035156,222.1276313380191,13.266855666051242,174.18095216296967,-11.182014369044051
IREDA,Yes,2024-02-01,2024-07-30,42.06%,No,2,7,185.8000030517578,263.94000244140625,206.1490000406901,-21.895507261558635,169.7449997493199,-35.68803584935834
IREDA,Yes,2024-02-09,2024-08-07,38.22%,No,2,8,179.60000610351562,248.25,204.99468803405762,-17.424093440460176,169.21094297013192,-31.83849225775149
IREDA,Yes,2024-03-01,2024-08-28,61.49%,No,3,8,157.25,253.9499969482422,202.50516190067415,-20.257860077097405,167.7195646866508,-33.95567367506844
IREDA,Yes,2024-03-04,2024-09-02,56.27%,No,3,9,152.89999389648438,238.92999267578125,173.63827514648438,-27.326714741039314,164.38595181419737,-31.199114027822056
IREDA,Yes,2024-04-01,2024-09-30,64.65%,No,4,9,142.64999389648438,234.8800048828125,171.30071367536272,-27.0688393587062,171.02499953560206,-27.186224463452856
IREDA,Yes,2024-04-04,2024-10-01,45.82%,No,4,10,158.35000610351562,230.91000366210935,171.2293016300645,-25.84587115566272,171.02499953560206,-25.934348090928545
IREDA,Yes,2024-05-10,2024-11-06,27.44%,No,5,11,164.6999969482422,209.8999938964844,169.97510544797208,-19.02090977106075,151.96084775763043,-27.6032147801908
IREDA,Yes,2024-06-14,2024-12-11,25.86%,No,6,12,179.11000061035156,225.42999267578125,169.97510544797208,-24.5996047684594,151.69787898208156,-32.707322046424835
IRFC,Yes,2022-05-20,2022-11-16,28.90%,No,5,11,19.424333572387695,25.038516998291016,31.068253257057883,24.081842623420638,31.701091713375515,26.609302442070543
IRFC,Yes,2022-06-01,2022-11-28,67.33%,No,6,11,19.198469161987305,32.12398910522461,31.096273549397786,-3.199215242106021,31.70892029888225,-1.2920836356368073
IRFC,Yes,2022-06-06,2022-12-05,67.82%,No,6,12,19.198469161987305,32.21973419189453,31.276320251764037,-2.928062455486759,31.662776134981968,-1.7286239966954058
IRFC,Yes,2022-07-01,2022-12-28,72.65%,No,7,12,18.02397346496582,31.118616104125977,31.66373506459323,1.7517455102862889,29.152418269281803,-6.318397412870421
IRFC,Yes,2022-07-04,2023-01-02,76.55%,No,7,1,17.843280792236328,31.501615524291992,31.67565253762638,0.5524701207789868,29.09419536590576,-7.642211735235563
IRFC,Yes,2022-08-01,2023-01-30,57.83%,No,8,1,18.927431106567383,29.873872756958008,31.72620262819178,6.20050130863043,29.775822982788085,-0.32821246501120416
IRFC,Yes,2022-08-05,2023-02-01,57.10%,No,8,2,19.198469161987305,30.161117553710938,31.751142790823273,5.271771625440662,29.75749201890899,-1.338231363884876
IRFC,Yes,2022-09-01,2023-02-28,31.62%,No,9,2,19.605024337768555,25.804513931274418,31.774868158193733,23.136859864209253,30.091148523183968,16.611956355102112
IRFC,Yes,2022-09-02,2023-03-01,31.81%,No,9,3,19.830888748168945,26.13963508605957,31.774868158193733,21.558193347310606,30.12951273131139,15.263708280991445
IRFC,Yes,2022-10-03,2023-04-03,34.83%,No,10,4,19.742799758911133,26.618385314941406,30.751143816355114,15.525954908669505,31.186340494853695,17.16090260872514
IRFC,Yes,2022-10-31,2023-05-02,52.66%,No,10,5,21.043506622314453,32.12398910522461,32.418380082543216,0.9164209848107782,32.418380082543216,0.9164209848107782
IRFC,Yes,2022-11-01,2023-05-02,53.33%,No,11,5,20.950597763061523,32.12398910522461,32.418380082543216,0.9164209848107782,32.418380082543216,0.9164209848107782
IRFC,Yes,2023-02-02,2023-08-01,28.37%,No,2,8,30.208993911743164,38.77857971191406,72.70919885943013,87.49835450288928,149.958684054288,286.70494166710216
IRFC,Yes,2023-03-01,2023-08-28,78.39%,No,3,8,26.13963508605957,46.63004684448242,71.73433168729146,53.83714266154451,72.92971432209015,56.40068852025972
IRFC,Yes,2023-03-06,2023-09-04,136.52%,No,3,9,27.00138282775879,63.86497116088867,72.62579996077741,13.717737032744376,72.92971432209015,14.193607225415589
IRFC,Yes,2023-04-03,2023-10-03,177.93%,No,4,10,26.618385314941406,73.9815673828125,72.56847381591797,-1.9100616773669803,174.3886748093825,135.7190864949108
IRFC,Yes,2023-05-02,2023-10-30,118.72%,No,5,10,32.12398910522461,70.26316833496094,147.50132647427645,109.9269503064581,147.95439026847717,110.5717601050155
IRFC,Yes,2023-11-01,2024-04-29,122.95%,No,11,4,70.45632934570312,157.08445739746094,147.91278743743896,-5.838687106271419,145.93306627460555,-7.0989780323330915
IRFC,Yes,2023-12-01,2024-05-29,139.12%,No,12,5,73.61198425292969,176.02442932128906,150.1459767411395,-14.701625609542443,146.02514880636463,-17.04268017263
IRFC,Yes,2023-12-04,2024-06-03,147.32%,No,12,6,74.5882797241211,184.4692840576172,146.02514880636463,-20.840399228331645,145.86913363138834,-20.92497437902587
IRFC,Yes,2024-01-01,2024-07-01,71.08%,No,1,7,98.01914978027344,167.68692016601562,146.02514880636463,-12.917985098781184,136.5511822616845,-18.567779689379304
ITC,Yes,2016-01-25,2016-07-25,25.01%,No,1,7,148.7413330078125,185.93869018554688,186.60687351226807,0.3593567998432258,187.5243352254232,0.8527784283593737
ITC,Yes,2016-02-11,2016-08-09,27.44%,No,2,8,143.52529907226562,182.91049194335935,177.57762937192564,-2.915558596324315,205.8528741200765,12.542955810223052
ITC,Yes,2016-03-04,2016-08-31,26.75%,No,3,8,151.52963256835938,192.0689239501953,175.9074691772461,-8.414403767441307,205.985483997273,7.245607337648409
ITC,Yes,2016-03-08,2016-09-06,25.98%,No,3,9,153.95738220214844,193.95236206054688,205.2781735374814,5.83948107494504,205.9393546364524,6.180379784270689
ITC,Yes,2016-11-21,2017-05-22,35.41%,No,11,5,165.59068298339844,224.23426818847656,198.78282976150513,-11.350378616340047,198.87624861554403,-11.308717341819605
ITC,Yes,2016-12-01,2017-05-30,33.38%,No,12,5,172.45948791503906,230.0321807861328,198.90642046247208,-13.531046055073137,198.87624861554403,-13.544162414195126
ITC,Yes,2016-12-05,2017-06-05,38.57%,No,12,6,171.75787353515625,238.0054168701172,198.89269267337423,-16.433543702951646,198.87624861554403,-16.440452813696453
ITC,Yes,2021-04-19,2021-10-18,31.25%,No,4,10,172.3216552734375,226.17372131347656,194.89778528458032,-13.828280247265253,189.7012604830558,-16.125861403619908
ITC,Yes,2022-01-31,2022-08-01,46.22%,No,1,8,189.6913299560547,277.3741149902344,303.6115028118265,9.459205601256576,303.6829525260038,9.484964931459343
ITC,Yes,2022-04-01,2022-09-28,31.30%,No,4,9,223.2474822998047,293.1145324707031,300.4670902598988,2.5084248560519757,418.19379812772155,42.67248866943168
ITC,Yes,2022-05-02,2022-10-31,35.62%,No,5,10,231.92884826660156,314.5377197265625,303.57265380859377,-3.4860893400960005,418.3577433841329,33.00717756453007
ITC,Yes,2022-05-05,2022-11-01,36.50%,No,5,11,230.95933532714844,315.25933837890625,303.57265380859377,-3.707006628386183,418.3577433841329,32.70272834275696
ITC,Yes,2022-06-01,2022-11-28,25.09%,No,6,11,245.2167510986328,306.73516845703125,302.7299380418731,-1.3057617211960604,418.0270471191406,36.28272533010821
ITC,Yes,2022-06-08,2022-12-05,25.70%,No,6,12,241.6537322998047,303.75848388671875,418.2407411087391,37.68857934671363,418.2172585511819,37.68084867948856
ITC,Yes,2023-02-01,2023-07-31,33.72%,No,2,7,325.99346923828125,435.9213562011719,406.05382254464286,-6.851587615896834,408.68576012128665,-6.247823304008158
ITCHOTELS,Yes,2025-01-29,2025-07-28,36.96%,No,1,7,171.85000610351562,235.3699951171875,208.39230698805588,-11.461821255381256,208.39230698805588,-11.461821255381256
ITCHOTELS,Yes,2025-02-01,2025-07-31,34.96%,No,2,7,170.75,230.4499969482422,208.39230698805588,-9.571573118805615,208.39230698805588,-9.571573118805615
ITCHOTELS,Yes,2025-02-03,2025-08-04,33.73%,No,2,8,171.39999389648438,229.22000122070312,208.39230698805588,-9.086333706365101,208.39230698805588,-9.086333706365101
ITCHOTELS,Yes,2025-03-03,2025-09-01,51.33%,No,3,9,161.5,244.38999938964844,208.39230698805588,-14.72960943225785,208.39230698805588,-14.72960943225785
JINDALSTEL,Yes,2016-01-28,2016-07-26,25.45%,No,1,7,63.15742111206055,79.23026275634766,80.42964047801738,1.5137873836896112,77.54394066333771,-2.1283812956619865
JINDALSTEL,Yes,2016-02-01,2016-08-01,39.67%,No,2,8,63.0095100402832,88.00623321533203,80.31598403606009,-8.738300570660245,78.01166568585296,-11.356658686918854
JINDALSTEL,Yes,2016-03-01,2016-08-29,52.73%,No,3,8,55.07168960571289,84.11128997802734,74.16299035814073,-11.827543748865862,77.67721333997002,-7.649480396434432
JINDALSTEL,Yes,2016-03-09,2016-09-06,27.13%,No,3,9,64.14348602294922,81.54751586914062,74.16299035814073,-9.055487996531799,77.55923761640277,-4.890741563652105
JINDALSTEL,Yes,2016-04-01,2016-09-28,28.35%,No,4,9,62.615081787109375,80.36424255371094,74.16299035814073,-7.716432082870236,123.13930324632294,53.22648398511758
JINDALSTEL,Yes,2016-04-05,2016-10-03,30.87%,No,4,10,59.26245880126953,77.55396270751953,121.25303607516818,56.34666732949759,123.13930324632294,58.77886693001118
JINDALSTEL,Yes,2016-08-25,2017-02-21,25.82%,No,8,2,85.73828125,107.87543487548828,122.65776672363282,13.703149252845714,117.34796885955028,8.78099262820619
JINDALSTEL,Yes,2016-09-01,2017-02-28,48.81%,No,9,2,83.12521362304688,123.70176696777344,122.62228152626439,-0.8726515942090588,117.33498537218249,-5.146880074275425
JINDALSTEL,Yes,2016-09-02,2017-03-01,54.81%,No,9,3,80.4135513305664,124.49061584472656,122.57178600414379,-1.541344966094531,117.23696303694216,-5.826666338313942
JINDALSTEL,Yes,2016-10-03,2017-04-03,56.71%,No,10,4,77.55396270751953,121.5324249267578,121.05824010512409,-0.39017144759473316,116.2323250089373,-4.361058310993662
JINDALSTEL,Yes,2016-11-01,2017-05-02,46.10%,No,11,5,76.5678939819336,111.86898803710938,135.3126722717285,20.956374636054047,135.3126722717285,20.956374636054047
JINDALSTEL,Yes,2016-12-01,2017-05-30,81.09%,No,12,5,67.24958038330078,121.77894592285156,139.1001022014212,14.223440798660555,139.1001022014212,14.223440798660555
JINDALSTEL,Yes,2016-12-05,2017-06-05,77.42%,No,12,6,67.69331359863281,120.10263061523438,139.1001022014212,15.817698154379231,139.1001022014212,15.817698154379231
JINDALSTEL,Yes,2017-02-01,2017-07-31,83.93%,No,2,7,82.23776245117188,151.2622528076172,162.62557983398438,7.512334912015113,162.62557983398438,7.512334912015113
JINDALSTEL,Yes,2017-05-02,2017-10-30,45.92%,No,5,10,111.86898803710938,163.24293518066406,227.2041473388672,39.18161119035016,227.1583927154541,39.15358264298152
JINDALSTEL,Yes,2017-05-05,2017-11-01,51.90%,No,5,11,106.59354400634766,161.9117431640625,227.2041473388672,40.32592256674364,227.1583927154541,40.29766357667971
JINDALSTEL,Yes,2017-06-01,2017-11-28,43.64%,No,6,11,118.62353515625,170.39190673828125,227.2041473388672,33.342100389690735,225.6115063753995,32.40740754309095
JINDALSTEL,Yes,2017-06-05,2017-12-04,38.96%,No,6,12,120.10263061523438,166.89138793945312,227.2041473388672,36.138928523558725,223.89735980366552,34.15752758008922
JINDALSTEL,Yes,2017-07-03,2018-01-01,60.22%,No,7,1,126.90646362304688,203.32644653320312,227.7431438670439,12.008618529539657,222.61277567545574,9.48540117190469
JINDALSTEL,Yes,2017-08-01,2018-01-29,71.59%,No,8,1,152.8892822265625,262.3423767089844,229.9636336817886,-12.342170347535362,220.9906411678233,-15.762507018464818
JINDALSTEL,Yes,2017-11-01,2018-04-30,53.53%,No,11,4,161.9117431640625,248.58680725097656,225.23408192601698,-9.394193353705353,160.43869703643176,-35.45968959066653
JINDALSTEL,Yes,2021-01-01,2021-06-30,47.12%,No,1,6,266.3852844238281,391.9112548828125,386.70923111286567,-1.3273473790647627,393.8607933407738,0.4974438558913645
JINDALSTEL,Yes,2021-10-01,2022-03-30,29.70%,No,10,3,396.10205078125,513.7407836914062,431.51839816185736,-16.004644392596678,559.855876159668,8.976334745493395
JINDALSTEL,Yes,2022-07-01,2022-12-28,74.47%,No,7,12,329.0372619628906,574.0650024414062,577.2279264488999,0.5509696626762188,588.0685567652926,2.4393673650773757
JINDALSTEL,Yes,2022-10-31,2023-05-02,28.90%,No,10,5,456.5614013671875,588.5109252929688,643.2575424656724,9.30256598812503,656.6400561523437,11.57652779775658
JIOFIN,Yes,2023-08-24,2024-02-20,31.97%,No,8,2,213.11767578125,281.26141357421875,352.9486260986328,25.487752341647596,346.6857795715332,23.261052828368292
JIOFIN,Yes,2023-09-01,2024-02-28,25.76%,No,9,2,244.768310546875,307.8199768066406,347.7624751499721,12.975927929596862,343.43040974934894,11.568590613297742
JIOFIN,Yes,2023-09-04,2024-03-04,27.28%,No,9,3,253.05538940429688,322.0977478027344,347.7624751499721,7.967993418866072,342.022132396698,6.185819283084872
JIOFIN,Yes,2023-10-03,2024-04-01,54.26%,No,10,4,231.0397186279297,356.3942565917969,347.6430342390731,-2.4554891642788688,342.2654070937843,-3.9643875389931824
JIOFIN,Yes,2023-11-01,2024-04-29,74.82%,No,11,4,217.3111267089844,379.9075927734375,343.5083465576172,-9.58107890134416,351.33774358575994,-7.520210106649682
JIOFIN,Yes,2023-11-03,2024-05-02,73.32%,No,11,5,218.70895385742188,379.0588989257813,352.9053528983638,-6.8995995349362085,349.46021270751953,-7.808466257392131
JIOFIN,Yes,2023-12-01,2024-05-29,54.86%,No,12,5,225.14891052246097,348.6563415527344,344.0655175033881,-1.3167189298497006,340.9183842052113,-2.2193651528213274
JIOFIN,Yes,2023-12-04,2024-06-03,54.76%,No,12,6,229.74176025390625,355.54559326171875,325.17085301598837,-8.543135063797962,325.17085301598837,-8.543135063797962
JIOFIN,Yes,2024-01-01,2024-07-01,50.42%,No,1,7,234.1848297119141,352.2507019042969,334.33103942871094,-5.087189998120866,334.2090816054233,-5.121812448162361
JIOFIN,Yes,2024-02-01,2024-07-30,30.49%,No,2,7,252.00701904296875,328.83721923828125,320.5163789636949,-2.530382751034318,320.36612237668504,-2.576076054048463
JIOFIN,Yes,2025-02-03,2025-08-04,42.71%,No,2,8,233.6057281494141,333.380126953125,310.6931818181818,-6.805128230733769,310.6931818181818,-6.805128230733769
JIOFIN,Yes,2025-03-03,2025-09-01,56.55%,No,3,9,200.607177734375,314.04998779296875,309.0033325195312,-1.6069592324787576,309.0033325195312,-1.6069592324787576
JIOFIN,Yes,2025-04-01,2025-09-29,27.88%,No,4,9,230.06124877929688,294.20001220703125,307.34444512261285,4.467856006182537,307.34444512261285,4.467856006182537
JIOFIN,Yes,2025-04-04,2025-10-01,35.17%,No,4,10,221.973876953125,300.04998779296875,305.80714634486606,1.9187331398492449,305.80714634486606,1.9187331398492449
JSWENERGY,Yes,2016-02-11,2016-08-09,35.75%,No,2,8,56.662109375,76.92092895507812,56.995485793712525,-25.903799436694364,59.23909340375735,-22.987028096926622
JSWENERGY,Yes,2016-03-01,2016-08-29,26.22%,No,3,8,57.159942626953125,72.14525604248047,59.29339802021883,-17.813864316586837,59.27758585322987,-17.83578144302915
JSWENERGY,Yes,2017-03-22,2017-09-18,28.27%,No,3,9,55.917205810546875,71.72500610351562,75.33731636634239,5.036333155013435,75.26865476720474,4.940604199565789
JSWENERGY,Yes,2017-04-17,2017-10-16,25.26%,No,4,10,58.79188919067383,73.64079284667969,75.6667126246861,2.7510836041979903,76.95395343708542,4.499083269382688
JSWENERGY,Yes,2017-05-02,2017-10-30,40.85%,No,5,10,57.72547912597656,81.30391693115234,75.31125872475761,-7.370688193865595,77.00111129436087,-5.292248884435747
JSWENERGY,Yes,2017-05-05,2017-11-01,33.61%,No,5,11,59.76557159423828,79.85539245605469,75.31125872475761,-5.690453194876937,77.00111129436087,-3.574312358760947
JSWENERGY,Yes,2017-06-01,2017-11-28,30.67%,No,6,11,58.46732711791992,76.39765167236328,75.25922255082564,-1.4901362759419285,63.5469705918256,-16.820780219330217
JSWENERGY,Yes,2017-06-05,2017-12-04,32.11%,No,6,12,59.3482780456543,78.4068832397461,75.24035413875136,-4.038585606460578,63.61500292691318,-18.865537949778627
JSWENERGY,Yes,2017-07-03,2018-01-01,40.08%,No,7,1,60.74429702758789,85.08876037597656,64.38527368244372,-24.331635109092662,63.59023243188858,-25.266002053730407
JSWENERGY,Yes,2017-08-03,2018-01-30,30.20%,No,8,1,62.66008758544922,81.58426666259766,64.09753709090383,-21.433948342040594,64.1483849190377,-21.37162281015323
JSWENERGY,Yes,2017-08-10,2018-02-06,27.50%,No,8,2,60.650856018066406,77.33216857910156,63.55391631587859,-17.816973862732777,63.56687021255493,-17.800222881977472
JSWENERGY,Yes,2021-01-01,2021-06-30,151.12%,No,1,6,64.78883361816406,162.69952392578125,306.8362654016373,88.59075798009528,307.0637299673898,88.73056451441325
JSWENERGY,Yes,2021-01-04,2021-07-05,149.12%,No,1,7,65.85572052001953,164.05735778808594,306.9635595204879,87.10746269423339,307.0637299673898,87.16852088037784
JSWENERGY,Yes,2021-04-01,2021-09-28,307.79%,No,4,9,87.96927642822266,358.7330627441406,300.20008711381394,-16.31658235864203,300.0166531415053,-16.367716193618225
JSWENERGY,Yes,2021-07-01,2021-12-28,79.15%,No,7,12,169.10079956054688,302.9377746582031,296.93816460503473,-1.9804760432856554,297.3720078901811,-1.8372640303117405
JSWENERGY,Yes,2021-09-01,2022-02-28,33.25%,No,9,2,249.68527221679688,332.71807861328125,313.1914174933183,-5.868830813566592,297.4469401041667,-10.600908329393867
JSWENERGY,Yes,2021-09-02,2022-03-02,33.44%,No,9,3,248.56056213378903,331.691162109375,313.1914174933183,-5.577400524755747,297.4469401041667,-10.324128562073746
JSWENERGY,Yes,2023-10-05,2024-04-02,31.12%,No,10,4,410.5197448730469,538.2921752929688,699.6587845651727,29.977513454357613,699.2461077372233,29.90084935874358
JSWENERGY,Yes,2023-11-01,2024-04-29,60.05%,No,11,4,374.2331848144531,598.9517211914062,715.8325472745029,19.51423160628086,699.2461077372233,16.744986782292937
JSWENERGY,Yes,2023-11-03,2024-05-02,62.07%,No,11,5,390.9617309570313,633.64990234375,709.3700588650173,11.949841109608462,699.2461077372233,10.352121124116872
JSWENERGY,Yes,2023-12-01,2024-05-29,42.30%,No,12,5,421.5397338867187,599.8452758789062,699.2461077372233,16.571078552327144,699.2461077372233,16.571078552327144
JSWENERGY,Yes,2023-12-04,2024-06-03,55.68%,No,12,6,421.4404602050781,656.1072387695312,699.2461077372233,6.574972263466411,699.2461077372233,6.574972263466411
JSWENERGY,Yes,2024-02-01,2024-07-30,45.96%,No,2,7,488.1064758300781,712.4346313476562,697.588872572955,-2.0838064464410886,517.5135291604435,-27.35985781860379
JSWSTEEL,Yes,2015-11-30,2016-05-30,51.51%,No,11,5,81.31413269042969,123.20145416259766,159.04594989155615,29.09421481474722,158.49183420034555,28.644450893552513
JSWSTEEL,Yes,2015-12-01,2016-05-30,45.37%,No,12,5,84.74898529052734,123.20145416259766,159.04594989155615,29.09421481474722,158.49183420034555,28.644450893552513
JSWSTEEL,Yes,2015-12-04,2016-06-01,41.63%,No,12,6,87.16910552978516,123.4573974609375,159.04594989155615,28.826585658327225,158.49183420034555,28.37775415644341
JSWSTEEL,Yes,2016-01-01,2016-06-29,40.66%,No,1,6,92.22486877441406,129.7254638671875,157.82883433806592,21.66372709960055,157.14714496891673,21.138240931482397
JSWSTEEL,Yes,2016-01-04,2016-07-04,41.78%,No,1,7,93.81433868408205,133.01141357421875,158.20979200090682,18.944523443191343,159.21197277566662,19.697978163977844
JSWSTEEL,Yes,2016-02-01,2016-08-01,61.66%,No,2,8,94.33966064453124,152.5126953125,159.0383932424146,4.278789983052481,174.56715053982205,14.460734027506536
JSWSTEEL,Yes,2016-03-01,2016-08-29,55.87%,No,3,8,102.68211364746094,160.04966735839844,174.49933290481567,9.028238411805113,172.86792081945083,8.008922275576207
JSWSTEEL,Yes,2016-03-08,2016-09-06,57.82%,No,3,9,106.52556610107422,168.11917114257812,174.61966932142104,3.8666013725049777,174.26827955979567,3.6575890634165846
JSWSTEEL,Yes,2016-04-01,2016-09-28,41.36%,No,4,9,113.38630676269533,160.28433227539062,175.0645462839227,9.221246892140172,175.72265984030332,9.631838212600542
JSWSTEEL,Yes,2016-04-04,2016-10-03,41.02%,No,4,10,113.1258773803711,159.53065490722656,176.94948309821052,10.91879689274372,175.72265984030332,10.149776506899602
JSWSTEEL,Yes,2016-05-04,2016-11-01,26.46%,No,5,11,118.68899536132812,150.09815979003906,174.56715053982205,16.301992498782667,175.72265984030332,17.07182825299686
JSWSTEEL,Yes,2016-06-01,2016-11-28,25.93%,No,6,11,123.4573974609375,155.4733123779297,176.6675231933594,13.63205716226725,176.11399160531852,13.276027191866074
JSWSTEEL,Yes,2017-05-02,2017-10-30,36.27%,No,5,10,176.7347412109375,240.84127807617188,282.02202906753075,17.09870970637121,280.11595916748047,16.307288104860092
JSWSTEEL,Yes,2017-06-05,2017-12-04,33.69%,No,6,12,171.9508056640625,229.88772583007812,286.40031403186276,24.58269052761695,294.49339438384436,28.103139617606036
JSWSTEEL,Yes,2017-07-03,2018-01-01,29.63%,No,7,1,187.1688690185547,242.62123107910156,291.7877822149368,20.264735661078852,278.64453240160674,14.84754700249647
JSWSTEEL,Yes,2017-08-01,2018-01-29,31.50%,No,8,1,203.69046020507812,267.86004638671875,290.03621758355035,8.279014170263789,281.89924649325286,5.241244558833995
JSWSTEEL,Yes,2017-08-07,2018-02-05,27.16%,No,8,2,209.0760040283203,265.8519592285156,290.03621758355035,9.096889270711342,282.0037186234086,6.075471266702068
JSWSTEEL,Yes,2017-09-28,2018-03-27,25.09%,No,9,3,218.06700134277344,272.7891540527344,293.6904386194741,7.662065832243161,291.6554520924886,6.916073370023746
JSWSTEEL,Yes,2017-10-31,2018-04-30,25.75%,No,10,4,235.9122009277344,296.6587829589844,308.5567662438681,4.010662743981089,264.812130519322,-10.735111943092356
JSWSTEEL,Yes,2022-07-01,2022-12-28,35.65%,No,7,12,553.3087768554688,750.58837890625,710.6114120483398,-5.326083907156169,769.9712122136897,2.582351905805437
JUBLFOOD,Yes,2016-02-23,2016-08-22,27.00%,No,2,8,95.00919342041016,120.6605453491211,96.88609793526786,-19.703580275610292,98.06655870165143,-18.72524824257662
JUBLFOOD,Yes,2017-01-06,2017-07-05,25.02%,No,1,7,82.14281463623047,102.69197082519533,136.1683609906365,32.59883893203829,132.83381069407744,29.35170065066748
JUBLFOOD,Yes,2017-02-01,2017-07-31,49.18%,No,2,7,86.47976684570312,129.00741577148438,168.0408069065639,30.256703385347095,133.684751419794,3.6256331625111846
JUBLFOOD,Yes,2017-03-01,2017-08-28,38.17%,No,3,8,98.12985229492188,135.5886688232422,164.0555646342616,20.995040410146505,245.34372401881862,80.94707039174247
JUBLFOOD,Yes,2017-03-06,2017-09-04,29.96%,No,3,9,104.13600158691406,135.3336944580078,246.3153281211853,82.00591442333939,245.34372401881862,81.28798227328777
JUBLFOOD,Yes,2017-04-03,2017-10-03,28.65%,No,4,10,107.95409393310548,138.87908935546875,245.13979170057507,76.51310419607242,246.30295246403392,77.35063903940774
JUBLFOOD,Yes,2017-05-02,2017-10-30,55.43%,No,5,10,102.22694396972656,158.89620971679688,243.91543528238932,53.50613819997564,240.8295057142103,51.56403424817017
JUBLFOOD,Yes,2017-05-05,2017-11-01,58.55%,No,5,11,100.61158752441406,159.51895141601562,243.91543528238932,52.90686975886197,240.8295057142103,50.9723475338938
JUBLFOOD,Yes,2017-06-01,2017-11-28,97.08%,No,6,11,89.30907440185547,176.01025390625,197.64415079752604,12.291270770394492,241.91371501575816,37.4429668993097
JUBLFOOD,Yes,2017-06-05,2017-12-04,85.40%,No,6,12,91.63909149169922,169.89529418945312,197.64415079752604,16.332916541602202,242.0316609700521,42.45930831972219
JUBLFOOD,Yes,2017-07-03,2018-01-01,78.11%,No,7,1,97.82635498046876,174.24002075195312,247.05933065975412,41.79252825702199,246.38748705828633,41.40694313222209
JUBLFOOD,Yes,2017-08-01,2018-01-29,67.83%,No,8,1,126.67741394042967,212.60205078125,243.02631521224976,14.310428483262289,242.67323541641235,14.144353041120533
JUBLFOOD,Yes,2017-08-07,2018-02-05,55.22%,No,8,2,123.79916381835938,192.1632080078125,243.02631521224976,26.46870216819517,242.74441504845254,26.322003865892807
JUBLFOOD,Yes,2017-09-01,2018-02-28,44.96%,No,9,2,137.6090087890625,199.48451232910156,244.4066623785557,22.5191166597151,244.48117206280048,22.55646777202695
JUBLFOOD,Yes,2017-09-04,2018-03-05,44.76%,No,9,3,135.3336944580078,195.91458129882812,244.4770278930664,24.78756112602261,244.57092331395006,24.83548783993087
JUBLFOOD,Yes,2017-10-03,2018-04-02,66.39%,No,10,4,138.87908935546875,231.0744781494141,241.60245695568267,4.556097622975535,241.29180399576822,4.421659167286985
JUBLFOOD,Yes,2017-11-01,2018-04-30,56.18%,No,11,4,159.51895141601562,249.1349945068359,241.30840425713117,-3.14150577890413,241.18441980535334,-3.191271750972107
JUBLFOOD,Yes,2017-11-02,2018-05-02,57.61%,No,11,5,158.66078186035156,250.07159423828125,241.18441980535334,-3.553852031854423,241.18441980535334,-3.553852031854423
JUBLFOOD,Yes,2017-12-01,2018-05-30,42.99%,No,12,5,171.89602661132812,245.7906188964844,241.08080251593339,-1.9161904558019662,261.4485321044922,6.370427511963819
JUBLFOOD,Yes,2017-12-04,2018-06-04,47.85%,No,12,6,169.89529418945312,251.1847381591797,240.96689585092906,-4.067859529656383,261.49686167191487,4.105394136725071
JUBLFOOD,Yes,2019-07-01,2019-12-30,31.18%,No,7,12,244.97122192382812,321.3622131347656,331.27780596415204,3.0854880953997648,327.268974720348,1.8380386194021332
JUBLFOOD,Yes,2021-04-01,2021-09-28,35.83%,No,4,9,584.2545776367188,793.61474609375,525.1534144624751,-33.827664235407426,567.5175690827547,-28.48953829598907
KALYANKJIL,Yes,2021-04-30,2021-10-27,27.30%,No,4,10,59.41685104370117,75.63497161865234,59.382683478461374,-21.4877956484656,63.043420676029086,-16.64778960466755
KALYANKJIL,Yes,2021-05-03,2021-11-01,30.69%,No,5,11,58.17693710327149,76.03174591064453,59.382683478461374,-21.897514298500766,63.043420676029086,-17.08276599340469
KALYANKJIL,Yes,2022-02-24,2022-08-23,38.25%,No,2,8,55.49871063232422,76.7260971069336,105.2900785446167,37.228508310377535,101.18707656860352,31.880911950439128
KALYANKJIL,Yes,2022-03-02,2022-08-29,30.91%,No,3,8,58.57370376586914,76.67650604248047,103.08399073282878,34.44012521347541,103.7117554699933,35.25884370961649
KALYANKJIL,Yes,2022-03-04,2022-09-01,35.27%,No,3,9,61.450313568115234,83.12406921386719,103.11515156139026,24.0496916676308,105.04005820410592,26.365394761716733
KALYANKJIL,Yes,2022-04-01,2022-09-28,53.15%,No,4,9,61.40071868896485,94.0353546142578,103.18985480592961,9.735168468523852,102.07539091914533,8.550014340742958
KALYANKJIL,Yes,2022-05-02,2022-10-31,69.14%,No,5,10,60.11119842529297,101.6732406616211,104.19733018141527,2.482550475788021,104.57269578569391,2.8517386730324628
KALYANKJIL,Yes,2022-06-01,2022-11-28,64.63%,No,6,11,60.16080093383789,99.04460906982422,105.66685165184131,6.686121177325827,110.85487804262657,11.92419161801767
KALYANKJIL,Yes,2022-06-06,2022-12-05,90.28%,No,6,12,60.21039962768555,114.5683822631836,107.08304653892034,-6.533509137859804,111.54454551156111,-2.6393291865431086
KALYANKJIL,Yes,2022-07-01,2022-12-28,113.60%,No,7,12,60.90475082397461,130.09214782714844,106.95193687645164,-17.78755392788415,111.31979830511685,-14.430040425632868
KALYANKJIL,Yes,2022-07-04,2023-01-02,104.41%,No,7,1,60.70636367797851,124.0909423828125,106.95193687645164,-13.811649083531124,110.9557233827304,-10.585155328711103
KALYANKJIL,Yes,2022-08-01,2023-01-30,60.06%,No,8,1,65.07086944580078,104.153076171875,109.15155999556832,4.799170612536441,110.03258482942876,5.645064815801793
KALYANKJIL,Yes,2022-08-05,2023-02-01,57.87%,No,8,2,70.62570190429688,111.4933853149414,109.03835016886393,-2.2019558731153483,109.94388130589536,-1.389772141790366
KALYANKJIL,Yes,2022-09-01,2023-02-28,35.62%,No,9,2,83.12406921386719,112.7332992553711,108.08705785539415,-4.121445420888431,109.09838806955437,-3.2243456102377275
KALYANKJIL,Yes,2022-09-02,2023-03-01,36.08%,No,9,3,84.11601257324219,114.4691925048828,107.99716863497882,-5.653943850113128,109.30330075715717,-4.512910098064392
KALYANKJIL,Yes,2023-01-09,2023-07-10,30.83%,No,1,7,124.1901397705078,162.4788055419922,364.5652387065272,124.37710413393357,387.8473243713379,138.7064104007706
KALYANKJIL,Yes,2023-02-01,2023-07-31,55.43%,No,2,7,111.4933853149414,173.29087829589844,364.5652387065272,110.37762765794466,397.2801714085821,129.256251289936
KALYANKJIL,Yes,2023-10-03,2024-04-01,85.46%,No,10,4,228.46783447265625,423.7076110839844,711.9520233898628,68.02908533279678,401.9345305686773,-5.138704131276831
KALYANKJIL,Yes,2023-11-01,2024-04-29,38.44%,No,11,4,295.8193359375,409.5309448242187,718.8564522879465,75.53165673390036,518.1310199938322,26.518160969796178
KALYANKJIL,Yes,2023-11-03,2024-05-02,35.17%,No,11,5,303.0817565917969,409.68017578125,718.8564522879465,75.46771720577031,517.8140704815204,26.394710091612733
KALYANKJIL,Yes,2023-12-11,2024-06-10,28.59%,No,12,6,316.61175537109375,407.1433410644531,722.5257141113282,77.46224516955766,533.4810442243304,31.030276174866206
KEI,Yes,2016-02-22,2016-08-22,27.57%,No,2,8,90.03400421142578,114.85417938232422,114.9273670144277,0.06372221933679727,114.99508058702624,0.12267834349587695
KEI,Yes,2016-03-28,2016-09-26,27.15%,No,3,9,90.71533966064452,115.34396362304688,115.55803512573242,0.18559402326865082,117.52319481793572,1.8893326763165006
KEI,Yes,2016-08-08,2017-02-06,46.61%,No,8,2,111.44749450683594,163.38766479492188,210.30756179146144,28.716915108268225,218.44796986050076,33.699181106902124
KEI,Yes,2016-09-01,2017-02-28,57.08%,No,9,2,111.1407470703125,174.57992553710938,218.55428689985132,25.18867001887602,222.21275838216147,27.284255448331646
KEI,Yes,2016-09-02,2017-03-01,59.10%,No,9,3,112.21598052978516,178.5387725830078,219.395383199056,22.88388680226463,222.21275838216147,24.46190548265832
KEI,Yes,2016-10-03,2017-04-03,60.92%,No,10,4,115.19733428955078,185.38121032714844,218.52010236467635,17.87607923103242,219.90223435621996,18.621641302347264
KEI,Yes,2016-11-01,2017-05-02,74.98%,No,11,5,119.74268341064452,209.52523803710935,210.5261397943264,0.4776998544871208,360.1203076171875,71.87442953932167
KEI,Yes,2016-12-01,2017-05-30,68.42%,No,12,5,122.7240219116211,206.69053649902344,214.98925083705356,4.0150432035234145,219.76409801136364,6.325186306922173
KEI,Yes,2016-12-05,2017-06-05,81.30%,No,12,6,117.59220886230467,213.19085693359375,373.36226545061385,75.13052427333291,220.3246893789254,3.346218758130771
KEI,Yes,2017-01-02,2017-07-03,89.31%,No,1,7,122.08866119384766,231.1278076171875,361.32259989893714,56.33021557379575,377.47382825486204,63.31822299810182
KEI,Yes,2017-02-01,2017-07-31,65.66%,No,2,7,136.79989624023438,226.6235809326172,362.34973331373567,59.89056912019868,377.88663467095824,66.74638760708518
KEI,Yes,2017-03-01,2017-08-28,34.67%,No,3,8,178.5387725830078,240.44151306152344,368.46462877061634,53.2450133419077,368.6087162183679,53.30493953598163
KEI,Yes,2017-04-03,2017-10-03,90.20%,No,4,10,185.38121032714844,352.6017761230469,366.72635281470514,4.00581552565102,400.2407107469512,13.510690487072264
KEI,Yes,2017-05-02,2017-10-30,55.75%,No,5,10,209.52523803710935,326.3379821777344,370.54074938543914,13.545088105506053,370.95950904259314,13.673408950771906
KEI,Yes,2017-05-05,2017-11-01,55.05%,No,5,11,208.2545166015625,322.9079895019531,370.54074938543914,14.751186539841843,370.95950904259314,14.880870434563642
KEI,Yes,2017-06-01,2017-11-28,79.64%,No,6,11,214.55929565429688,385.4315490722656,427.5093635110294,10.917065440036016,370.7735730187368,-3.80300369515952
KEI,Yes,2017-06-05,2017-12-04,80.93%,No,6,12,213.19085693359375,385.7256164550781,427.5093635110294,10.832505095190491,370.4628642453986,-3.9568935944540926
KEI,Yes,2017-07-03,2018-01-01,58.58%,No,7,1,231.1278076171875,366.5176696777344,406.82290739171646,10.996806170196653,370.8302523705267,1.1766370490634777
KEI,Yes,2017-08-01,2018-01-29,67.91%,No,8,1,226.91758728027344,381.0216369628906,417.18019502059275,9.489896255215493,351.3099245343889,-7.797906876190197
KEI,Yes,2017-11-01,2018-04-30,32.49%,No,11,4,322.9079895019531,427.8162841796875,350.54370659722224,-18.062093576131836,350.4946934626653,-18.07355016073823
KEI,Yes,2018-12-31,2019-07-01,34.37%,No,12,7,352.8741455078125,474.1500549316406,458.5411454385786,-3.2919767340978985,458.5411454385786,-3.2919767340978985
KEI,Yes,2019-04-01,2019-09-30,29.37%,No,4,9,413.6840515136719,535.1867065429688,526.5081045113358,-1.6216026903381604,348.74768123986587,-34.83625864091491
KEI,Yes,2021-01-01,2021-06-30,45.94%,No,1,6,472.2643737792969,689.2215576171875,720.6972305297852,4.566843936428371,1156.145751953125,67.74660327663169
KEI,Yes,2021-07-01,2021-12-28,53.92%,No,7,12,748.7562866210938,1152.4794921875,1197.1170803770726,3.8731785244045294,1208.7910679408483,4.886123886375134
KOTAKBANK,Yes,2016-02-25,2016-08-23,28.34%,No,2,8,602.9244995117188,773.8143920898438,787.4577799479167,1.763134415376563,774.6269979671556,0.10501302193633862
KOTAKBANK,Yes,2016-03-08,2016-09-06,25.83%,No,3,9,646.341796875,813.2831420898438,788.4081420898438,-3.058590386624791,967.548692890242,18.968246458913626
KOTAKBANK,Yes,2016-11-16,2017-05-15,26.31%,No,11,5,766.059814453125,967.62841796875,994.7327403192935,2.801108550267779,985.0383966619319,1.79924218531417
KOTAKBANK,Yes,2016-12-01,2017-05-30,29.13%,No,12,5,740.6090698242188,956.3445434570312,1002.0888880287729,4.783249393192877,1000.7353845355154,4.641720537037672
KOTAKBANK,Yes,2016-12-05,2017-06-05,32.50%,No,12,6,725.5473022460938,961.3651733398438,1002.0888880287729,4.2360297437707635,1000.7353845355154,4.095240007384194
KOTAKBANK,Yes,2017-01-02,2017-07-03,32.74%,No,1,7,710.6347045898438,943.3208618164062,993.6311744483742,5.333319199057378,1009.6874368106618,7.035418984211135
KOTAKBANK,Yes,2017-02-01,2017-07-31,31.56%,No,2,7,772.5219116210938,1016.332763671875,997.6119839537378,-1.8419931332826025,1022.8976313273112,0.6459368319208925
KOTAKBANK,Yes,2018-10-05,2019-04-03,26.80%,No,10,4,1047.2578125,1327.933349609375,1496.9484741210938,12.727681292245299,1497.570207266972,12.774500897013944
KOTAKBANK,Yes,2021-04-30,2021-10-27,25.19%,No,4,10,1741.5245361328125,2180.22802734375,1755.2735567959871,-19.49128555445185,1846.3871397680166,-15.312200530807033
KOTAKBANK,Yes,2024-11-01,2025-04-30,26.58%,No,11,4,1742.39111328125,2205.55712890625,2097.81840632512,-4.88487562480679,2097.81840632512,-4.88487562480679
KPITTECH,Yes,2021-01-01,2021-06-30,80.47%,No,1,6,140.427734375,253.4335479736328,320.1460105202415,26.32345365482135,320.1460105202415,26.32345365482135
KPITTECH,Yes,2021-01-04,2021-07-05,77.83%,No,1,7,141.94033813476562,252.40882873535156,320.1460105202415,26.836296544885023,320.1460105202415,26.836296544885023
KPITTECH,Yes,2021-02-01,2021-08-02,114.65%,No,2,8,134.57252502441406,288.85760498046875,319.79941530580874,10.711786635298084,319.79941530580874,10.711786635298084
KPITTECH,Yes,2021-03-01,2021-08-30,136.56%,No,3,8,139.06153869628906,328.9633483886719,325.8031708473383,-0.9606473051823959,537.2250133167614,63.30847066951279
KPITTECH,Yes,2021-03-05,2021-09-01,140.13%,No,3,9,134.6701202392578,323.376953125,325.7577797494284,0.7362388078126525,537.5597468784878,66.23316587150116
KPITTECH,Yes,2021-04-01,2021-09-28,94.97%,No,4,9,171.46041870117188,334.3047790527344,494.7954118058488,48.007280424728265,538.2779673258464,61.01414070450263
KPITTECH,Yes,2021-04-05,2021-10-04,94.95%,No,4,10,171.5092315673828,334.35382080078125,494.8995956793064,48.01673104677439,538.2779673258464,60.99052376212254
KPITTECH,Yes,2021-05-03,2021-11-01,53.56%,No,5,11,197.56495666503903,303.3832702636719,502.72284626510907,65.70552681701605,547.9088998647836,80.59957603746355
KPITTECH,Yes,2021-06-01,2021-11-29,88.63%,No,6,11,229.57351684570312,433.0476379394531,490.7687479654948,13.329043959388137,546.5549331292873,26.21127221243596
KPITTECH,Yes,2021-06-04,2021-12-01,112.52%,No,6,12,233.6233673095703,496.50775146484375,490.77506977803,-1.1546006421653343,546.5549331292873,10.079838938423348
KPITTECH,Yes,2021-07-01,2021-12-28,122.32%,No,7,12,256.2147521972656,569.62158203125,546.5981658935547,-4.041879181542711,546.5981658935547,-4.041879181542711
KPITTECH,Yes,2021-07-05,2022-01-03,136.14%,No,7,1,252.40882873535156,596.0347900390625,546.2980722280649,-8.344599785481977,546.2980722280649,-8.344599785481977
KPITTECH,Yes,2021-08-02,2022-01-31,119.27%,No,8,1,288.85760498046875,633.3756713867188,543.6949361165365,-14.159169561065458,556.2321751371343,-12.17973782931791
KPITTECH,Yes,2021-08-05,2022-02-01,104.44%,No,8,2,298.6163635253906,610.4910278320312,543.6949361165365,-10.941371563264454,694.2111018254207,13.713563373845997
KPITTECH,Yes,2021-09-01,2022-02-28,72.65%,No,9,2,323.376953125,558.324951171875,544.2292854555192,-2.524634746623854,550.6360217285156,-1.3771423661473454
KPITTECH,Yes,2021-09-02,2022-03-02,71.28%,No,9,3,323.4259338378906,553.9546508789062,543.905106608073,-1.8141456624452275,550.5682946029974,-0.6113056854989907
KPITTECH,Yes,2021-10-01,2022-03-30,77.14%,No,10,3,331.3155822753906,586.9041748046875,518.7852120235049,-11.60648802742825,696.5409613715278,18.680525931396847
KPITTECH,Yes,2021-10-04,2022-04-04,83.01%,No,10,4,334.35382080078125,611.898681640625,518.7852120235049,-15.217138459501816,696.5409613715278,13.83272791239877
KPITTECH,Yes,2021-11-01,2022-05-02,73.98%,No,11,5,303.3832702636719,527.8306884765625,678.8228288922991,28.60616930999857,699.4214719136556,32.50867885918921
KPITTECH,Yes,2022-05-02,2022-10-31,32.41%,No,5,10,527.8306884765625,698.9041137695312,678.0872892491958,-2.9784950625143902,1132.1072228473165,61.98319634167115
KPITTECH,Yes,2022-10-31,2023-05-02,32.11%,No,10,5,698.9041137695312,923.2948608398438,1132.6910774075254,22.679235577810054,1492.807412283761,61.68262985086689
KPITTECH,Yes,2022-12-01,2023-05-30,42.15%,No,12,5,702.1067504882812,998.023193359375,1099.3978191873302,10.15754207943057,1470.2344756544683,47.31466016392028
KPITTECH,Yes,2022-12-05,2023-06-05,55.61%,No,12,6,707.7235107421875,1101.2806396484375,1099.6349246002908,-0.1494364823004675,1468.4501708984376,33.34023300066474
KPITTECH,Yes,2023-02-01,2023-07-31,46.06%,No,2,7,731.7677001953125,1068.852294921875,1477.5439086914062,38.236491207552994,1484.2769687147027,38.86642483404988
LICHSGFIN,Yes,2016-02-11,2016-08-09,29.43%,No,2,8,344.7567138671875,446.2103576660156,482.3394898445375,8.096883355084335,476.2861783677253,6.740278477403962
LICHSGFIN,Yes,2016-03-01,2016-08-29,31.56%,No,3,8,372.3983154296875,489.9103088378906,482.78531701224193,-1.4543461725779532,476.67747751871747,-2.701072233111929
LICHSGFIN,Yes,2016-03-08,2016-09-06,33.58%,No,3,9,380.53814697265625,508.3328247070313,486.7008490668403,-4.255474875669933,476.67747751871747,-6.227287644971155
LICHSGFIN,Yes,2016-04-05,2016-10-03,28.18%,No,4,10,396.4786987304687,508.2042236328125,476.01432162198154,-6.334048501353817,476.01432162198154,-6.334048501353817
LICHSGFIN,Yes,2016-05-02,2016-11-01,29.31%,No,5,11,390.3314208984375,504.7339782714844,476.01432162198154,-5.69005810701637,476.01432162198154,-5.69005810701637
LICHSGFIN,Yes,2016-11-03,2017-05-02,28.21%,No,11,5,471.4877624511719,604.4725952148438,575.6417627579127,-4.769584706595984,482.7911406872319,-20.130185469262404
LICHSGFIN,Yes,2016-12-02,2017-05-31,32.08%,No,12,5,476.2433471679687,629.0215454101562,491.5893274943034,-21.848570834921016,494.2529539450621,-21.425115315758813
LICHSGFIN,Yes,2016-12-05,2017-06-05,30.72%,No,12,6,484.0835876464844,632.7918701171875,491.5893274943034,-22.314215667267444,494.2529539450621,-21.893283196964784
LICHSGFIN,Yes,2017-01-02,2017-07-03,41.80%,No,1,7,454.2219543457031,644.102294921875,495.393118465648,-23.08781968775074,486.6895459233498,-24.439091467236313
LICHSGFIN,Yes,2018-09-27,2019-03-26,25.92%,No,9,3,368.41986083984375,463.9166564941406,474.07030868530273,2.188680240087554,383.03397847838323,-17.434743263368677
LICHSGFIN,Yes,2018-10-01,2019-04-01,29.16%,No,10,4,365.1811828613281,471.6631774902344,384.69641955145477,-18.4383182934776,383.03397847838323,-18.7907819057353
LICHSGFIN,Yes,2022-06-13,2022-12-12,27.13%,No,6,12,299.6329040527344,380.93121337890625,377.0405372170841,-1.0213592441825388,374.7432403564453,-1.624433179831304
LICHSGFIN,Yes,2022-07-01,2022-12-28,25.61%,No,7,12,315.0966491699219,395.8035278320313,371.67122632403704,-6.09704052921817,446.23373794555664,12.74122299761982
LICHSGFIN,Yes,2022-07-04,2023-01-02,28.47%,No,7,1,313.97882080078125,403.3585205078125,373.6231324569039,-7.371949900419344,363.8921800885882,-9.784432065433437
LICHSGFIN,Yes,2023-05-02,2023-10-30,29.53%,No,5,10,337.5021057128906,437.1556091308594,627.0502308812635,43.43867899303575,626.9477126662796,43.415227797890914
LICHSGFIN,Yes,2023-06-02,2023-11-29,28.82%,No,6,11,360.3570556640625,464.211181640625,620.914547827936,33.7569133155058,619.2755837912088,33.403848998757816
LICHSGFIN,Yes,2023-08-01,2024-01-29,46.47%,No,8,1,397.2289733886719,581.8397216796875,614.6190388997396,5.633736577046158,619.0813351894947,6.400665358888869
LICHSGFIN,Yes,2023-08-07,2024-02-05,48.22%,No,8,2,418.9910583496094,621.0170288085938,615.1742786754261,-0.9408357359180384,619.3368672688802,-0.2705499948909524
LICHSGFIN,Yes,2023-09-01,2024-02-28,47.31%,No,9,2,420.0883483886719,618.8351440429688,614.1413715907505,-0.7584851147193944,623.5053426106771,0.7546757181883728
LICHSGFIN,Yes,2023-11-01,2024-04-29,45.81%,No,11,4,443.50738525390625,646.6663818359375,617.7427925899111,-4.472721956553547,622.7669400301846,-3.6957915978097464
LICI,Yes,2023-06-12,2023-12-11,29.75%,No,6,12,581.0137939453125,753.8425903320312,978.7969818115234,29.84102972749399,978.9624156605114,29.862975137730775
LICI,Yes,2023-07-03,2024-01-01,37.17%,No,7,1,612.1542358398438,839.6943359375,1008.5700747172037,20.11157293220964,969.838623046875,15.499007381545788
LICI,Yes,2023-08-01,2024-01-29,41.46%,No,8,1,632.8875122070312,895.2828369140625,995.8609651264392,11.234229459715543,1005.9253781876474,12.358389629690333
LICI,Yes,2023-08-07,2024-02-05,52.37%,No,8,2,641.0033569335938,976.6854858398438,995.8609651264392,1.9633218231052736,1005.9253781876474,2.9937879462456163
LICI,Yes,2023-09-01,2024-02-28,56.54%,No,9,2,631.4208374023438,988.3995361328124,964.6777709960937,-2.4000178338338616,971.4761828406382,-1.7121976157929073
LICI,Yes,2023-09-04,2024-03-04,58.05%,No,9,3,643.985595703125,1017.7977294921876,964.8502936112253,-5.202157004946307,968.6112015335648,-4.832642727859453
LICI,Yes,2023-10-03,2024-04-01,50.98%,No,10,4,631.0296630859375,952.7191162109376,974.8782891167534,2.3258872976061538,968.9270172119141,1.7012255475083722
LICI,Yes,2023-11-01,2024-04-29,64.00%,No,11,4,586.68603515625,962.142333984375,1005.5322126116072,4.509715152803662,969.5021379258898,0.7649392071791211
LICI,Yes,2023-11-03,2024-05-02,64.95%,No,11,5,594.557373046875,980.7432250976562,1005.5322126116072,2.527571629310271,786.9651157924108,-19.758291910295917
LICI,Yes,2023-12-01,2024-05-29,49.37%,No,12,5,656.0127563476562,979.9088134765624,974.6967399351058,-0.5318937302915916,786.6666349085366,-19.720424585470656
LICI,Yes,2023-12-04,2024-06-03,49.06%,No,12,6,703.0453491210938,1047.981201171875,918.0138793945313,-12.401684460752874,786.6666349085366,-24.935043297640348
LICI,Yes,2024-01-12,2024-07-10,27.04%,No,1,7,810.8978271484375,1030.1656494140625,918.0572335379464,-10.882562036492002,925.1509998668324,-10.1939576035136
LICI,Yes,2024-02-01,2024-07-30,27.98%,No,2,7,916.2080078125,1172.5523681640625,786.425302216501,-32.93047512685036,920.0595577179439,-21.53360628501925
LODHA,Yes,2021-04-19,2021-10-18,154.51%,No,4,10,231.1429443359375,588.2780151367188,535.6055492054332,-8.953668941553792,536.3095006808429,-8.834005881351539
LODHA,Yes,2021-05-03,2021-11-01,91.90%,No,5,11,297.74090576171875,571.3615112304688,537.1558388157895,-5.986695243264611,537.1317710876465,-5.990907590031051
LODHA,Yes,2021-06-01,2021-11-29,124.46%,No,6,11,311.1549072265625,698.4218139648438,536.2066356952374,-23.22596102042307,502.9411241935961,-27.988915274786574
LODHA,Yes,2021-06-04,2021-12-01,137.44%,No,6,12,311.8504638671875,740.4523315429688,551.7400987413195,-25.486074492926118,523.8683909290241,-29.250220626981193
LODHA,Yes,2021-07-01,2021-12-28,78.21%,No,7,12,338.6039123535156,603.430908203125,541.4873193811487,-10.265233016722608,513.3680620335821,-14.925129777944065
LODHA,Yes,2021-07-05,2022-01-03,85.04%,No,7,1,333.33770751953125,616.820068359375,541.4873193811487,-12.213083335403981,513.3680620335821,-16.771828874011142
LODHA,Yes,2021-08-02,2022-01-31,40.84%,No,8,1,456.49798583984375,642.9524536132812,541.4873193811487,-15.781125596755416,513.2555553729718,-20.17208232295178
LODHA,Yes,2021-08-05,2022-02-01,49.45%,No,8,2,431.2349853515625,644.4677734375,541.4873193811487,-15.979147181723006,513.1414582457724,-20.377483654652217
LODHA,Yes,2022-12-15,2023-06-13,29.79%,No,12,6,520.2890014648438,675.270263671875,704.3291461016681,4.303296619605527,1123.7698186238606,66.41778545277673
LODHA,Yes,2023-01-02,2023-07-03,25.50%,No,1,7,547.017578125,686.498291015625,718.4129638671875,4.648907836951353,1158.3896859975962,68.73890309090817
LODHA,Yes,2023-02-01,2023-07-31,46.29%,No,2,7,515.7680053710938,754.51220703125,1147.2805428340516,52.05592860428489,1158.3896859975962,53.5282895627981
LODHA,Yes,2023-02-02,2023-08-01,49.92%,No,2,8,504.2418823242187,755.9529418945312,1147.2805428340516,51.76613242072911,1158.3896859975962,53.23568727631355
LODHA,Yes,2023-03-01,2023-08-28,52.70%,No,3,8,419.6840515136719,640.841064453125,1112.2464076450892,73.56041448346443,1167.6521826171875,82.20620484325978
LODHA,Yes,2023-03-06,2023-09-04,41.62%,No,3,9,492.3680114746094,697.2791748046875,1113.8479597761825,59.74203733937395,1192.364033203125,71.00238703344526
LODHA,Yes,2023-05-02,2023-10-30,66.29%,No,5,10,454.8336791992187,756.3250732421875,1139.3191650390625,50.63881991311877,1148.0541519657259,51.79374485686268
LODHA,Yes,2023-09-01,2024-02-28,69.40%,No,9,2,676.4129638671875,1145.85498046875,1203.1136300223213,4.997024102487016,1201.9572209284856,4.896103033630412
LODHA,Yes,2023-09-04,2024-03-04,69.09%,No,9,3,697.2791748046875,1179.0372314453125,1203.5513827237216,2.0791668511060237,1202.3153457641602,1.9743324212342626
LODHA,Yes,2023-10-03,2024-04-01,48.59%,No,10,4,784.3831176757812,1165.505615234375,1195.1800648082387,2.5460580529160657,1185.5862361027644,1.7229106926568765
LODHA,Yes,2023-11-01,2024-04-29,52.58%,No,11,4,799.9046020507812,1220.52734375,1195.7700966282894,-2.0284057746420836,1185.9145936129387,-2.8358848586477077
LODHA,Yes,2023-11-03,2024-05-02,46.37%,No,11,5,845.1756591796875,1237.0439453125,1195.8924717047275,-3.326597552472305,1185.9145936129387,-4.1331879836043415
LODHA,Yes,2023-12-01,2024-05-29,40.83%,No,12,5,914.773681640625,1288.2847900390625,1193.3619013247283,-7.368160320472001,1185.889932485727,-7.948153882204159
LT,Yes,2016-01-06,2016-07-04,26.78%,No,1,7,705.2844848632812,894.1719970703125,850.469974224384,-4.887429151115766,855.8913461538461,-4.281128355829756
LT,Yes,2016-02-01,2016-08-01,33.12%,No,2,8,639.822509765625,851.7470703125,851.9756845327524,0.0268406230230486,856.835039138794,0.5973567745207747
LT,Yes,2016-03-01,2016-08-29,31.45%,No,3,8,640.9059448242188,842.4783935546875,854.768356634646,1.4587867385065154,857.0084790996476,1.7246834644213258
LT,Yes,2016-03-08,2016-09-06,29.27%,No,3,9,677.1154174804688,875.3232421875,855.4302686055502,-2.272643136064314,1004.4189218374399,14.74834363215581
LT,Yes,2016-11-11,2017-05-10,25.23%,No,11,5,801.6677856445312,1003.960693359375,1017.5061070033482,1.3491976063971816,1017.5061070033482,1.3491976063971816
LT,Yes,2016-12-01,2017-05-30,27.31%,No,12,5,801.4080200195312,1020.296630859375,1017.9766387939453,-0.22738407589130288,1017.9766387939453,-0.22738407589130288
LT,Yes,2016-12-05,2017-06-05,33.09%,No,12,6,782.8209228515625,1041.8563232421875,1017.5016072591146,-2.3376271218744082,1017.5016072591146,-2.3376271218744082
LT,Yes,2021-04-12,2021-10-11,29.08%,No,4,10,1276.469970703125,1647.680419921875,1724.1993334221117,4.644038526831854,1790.0004855685763,8.637601316731642
LT,Yes,2021-05-03,2021-11-01,35.25%,No,5,11,1273.955322265625,1722.9676513671875,1790.4557495117188,3.916968382486981,1842.7500146484374,6.952095890262462
LT,Yes,2021-06-16,2021-12-13,26.27%,No,6,12,1414.7784423828125,1786.4508056640625,1789.9161250673492,0.19397788018005627,1810.9974740835337,1.37404670431698
LT,Yes,2021-07-01,2021-12-28,28.73%,No,7,12,1416.10693359375,1822.9188232421875,1840.6666975350215,0.9735965236931498,1813.2150712446733,-0.5323194798249683
LT,Yes,2021-07-05,2022-01-03,28.96%,No,7,1,1430.957763671875,1845.3275146484375,1787.577419704861,-3.1295309090201626,1812.2135070800782,-1.7944786118180216
LT,Yes,2022-05-04,2022-10-31,25.40%,No,5,10,1568.0748291015625,1966.39892578125,2094.70421875,6.524886241878638,2098.390143500434,6.712331663156497
LT,Yes,2022-06-01,2022-11-28,26.87%,No,6,11,1581.558349609375,2006.5899658203125,2095.370212928922,4.424433921272755,2142.635845184326,6.779954135193577
LT,Yes,2023-08-01,2024-01-29,40.63%,No,8,1,2591.912109375,3645.083740234375,3555.3745171440974,-2.461101842464377,3596.8536861359125,-1.323153527753009
LT,Yes,2023-08-07,2024-02-05,26.78%,No,8,2,2591.1748046875,3285.04833984375,3554.4215512483015,8.199977094320749,3597.260171213458,9.504025483672422
LT,Yes,2023-09-01,2024-02-28,28.43%,No,9,2,2656.251708984375,3411.318603515625,3554.8283335367837,4.206869738677031,3563.306664360894,4.4554050357135715
LT,Yes,2023-09-04,2024-03-04,34.43%,No,9,3,2665.09912109375,3582.6123046875,3553.854343580163,-0.8027092708220199,3562.908851841518,-0.5499744647279333
LT,Yes,2023-10-04,2024-04-01,26.76%,No,10,4,2976.376220703125,3772.878173828125,3597.894932009139,-4.637924516959429,3562.9609031677246,-5.563849692167751
LT,Yes,2023-11-01,2024-04-29,25.52%,No,11,4,2846.173583984375,3572.634521484375,3598.867192195012,0.7342668429385808,3596.516518869708,0.6684702071179183
LTF,Yes,2016-01-13,2016-07-11,26.64%,No,1,7,52.1483154296875,66.04046630859375,74.02782270643446,12.094639611594218,73.17392365137736,10.801645932435441
LTF,Yes,2016-02-01,2016-08-01,52.29%,No,2,8,48.93919372558594,74.52774810791016,80.64137449718658,8.203154589381102,80.94847869873047,8.615221516586834
LTF,Yes,2016-03-01,2016-08-29,82.71%,No,3,8,44.2099494934082,80.77730560302734,81.15697860717773,0.47002434819534433,74.58283219247494,-7.668581372340613
LTF,Yes,2016-03-08,2016-09-06,79.26%,No,3,9,46.32122039794922,83.03531646728516,80.93155749090786,-2.5335713355246217,75.13695784746591,-9.51204735027547
LTF,Yes,2016-04-01,2016-09-28,42.32%,No,4,9,55.441898345947266,78.90271759033203,105.90853465687145,34.226726139846484,107.83403848718714,36.66707786551584
LTF,Yes,2016-04-04,2016-10-03,44.16%,No,4,10,54.85073471069336,79.07315063476562,72.56403803825378,-8.23176077373856,107.83403848718714,36.37250776216875
LTF,Yes,2016-05-02,2016-11-01,44.28%,No,5,11,63.63361740112305,91.81175994873048,105.69053504580543,15.116554899748284,107.92412912620688,17.54935226867872
LTF,Yes,2016-07-13,2017-01-09,27.22%,No,7,1,64.09809112548828,81.5441665649414,105.74962794527094,29.68386630213753,105.74962794527094,29.68386630213753
LTF,Yes,2016-08-22,2017-02-20,25.61%,No,8,2,80.18083953857422,100.71599578857422,108.58163514008393,7.809722070386396,150.9274417453342,49.85448990859924
LTF,Yes,2016-09-09,2017-03-08,26.86%,No,9,3,80.73468780517578,102.420166015625,104.74273265491833,2.267684900002019,152.15470083136307,48.55931868744548
LTF,Yes,2016-10-03,2017-04-03,33.08%,No,10,4,79.07315063476562,105.2320327758789,107.24964114597866,1.9172948738877003,146.66878814697264,39.37656080382379
LTF,Yes,2016-11-02,2017-05-02,28.52%,No,11,5,88.87207794189453,114.22148895263672,147.6594352722168,29.27465455597897,147.2924633026123,28.953373531743097
LTF,Yes,2016-12-01,2017-05-30,44.85%,No,12,5,74.47189331054688,107.8734893798828,148.13109370640345,37.31927516013795,148.01245904737902,37.20929942865248
LTF,Yes,2016-12-05,2017-06-05,54.65%,No,12,6,72.81034851074219,112.6025390625,149.24938252766927,32.54530827659974,149.2431685227614,32.53978974659181
LTF,Yes,2017-02-01,2017-07-31,69.90%,No,2,7,87.76436614990234,149.11422729492188,148.42774401212992,-0.4603741006109433,147.91928916141904,-0.8013575600264164
LTF,Yes,2017-05-02,2017-10-30,50.67%,No,5,10,114.22148895263672,172.09451293945312,144.0341841045179,-16.305185072813746,147.08307994495738,-14.533544717544455
LTF,Yes,2017-06-01,2017-11-28,41.03%,No,6,11,108.5551528930664,153.09178161621094,146.92606925964355,-4.027461364336552,145.74813313386878,-4.796892690655407
LTF,Yes,2017-06-05,2017-12-04,25.09%,No,6,12,112.6025390625,140.85130310058594,146.86150693893433,4.267055899409273,145.75435265074384,3.481011138857902
LTF,Yes,2022-07-01,2022-12-28,25.18%,No,7,12,65.66961669921875,82.2065200805664,84.44038673069166,2.7173837889451495,87.8599191393171,6.877068939556237
LTF,Yes,2023-08-01,2024-01-29,26.40%,No,8,1,128.71383666992188,162.6880645751953,165.02497680664064,1.4364374163202314,166.38997943584735,2.275468007022109
LTF,Yes,2023-09-01,2024-02-28,30.57%,No,9,2,122.74406433105467,160.26133728027344,163.47153453337842,2.0031015013251876,137.67474445543792,-14.093600620176344
LTF,Yes,2023-11-01,2024-04-29,28.02%,No,11,4,127.98580932617188,163.85289001464844,137.77289152145386,-15.916715592177244,137.69462460887675,-15.964482166553875
LTF,Yes,2025-01-01,2025-06-30,51.94%,No,1,6,135.5863800048828,206.0099945068359,202.75960021972656,-1.5777847550020145,202.75960021972656,-1.5777847550020145
LTIM,Yes,2016-11-15,2017-05-15,27.86%,No,11,5,526.0020141601562,672.5294189453125,686.9276532112284,2.140907722445182,695.1162246704101,3.358485902448575
LTIM,Yes,2017-05-15,2017-11-13,30.32%,No,5,11,672.5294189453125,876.4466552734375,1238.8609403722426,41.350409967134574,1537.5388053731715,75.42868081269404
LTIM,Yes,2017-06-01,2017-11-28,28.91%,No,6,11,698.0416870117188,899.8180541992188,1510.5353170255335,67.87119462387477,1479.6283325195313,64.43639084751496
LTIM,Yes,2017-06-05,2017-12-04,31.35%,No,6,12,689.8900756835938,906.1675415039062,1510.5353170255335,66.69492647227223,1476.7498921239098,62.96654034562371
LTIM,Yes,2017-07-03,2018-01-01,48.20%,No,7,1,696.0589599609375,1031.5799560546875,1505.167172080592,45.908919928723215,1508.2019201208043,46.20310440006741
LTIM,Yes,2017-08-01,2018-01-29,68.80%,No,8,1,682.9282836914062,1152.8048095703125,1523.6021301269532,32.16479645802734,1529.7741719230276,32.700189938765405
LTIM,Yes,2017-08-07,2018-02-05,65.28%,No,8,2,686.8939208984375,1135.28759765625,1525.2492789335029,34.349153649023485,1529.7741719230276,34.74772164173882
LTIM,Yes,2017-09-01,2018-02-28,91.43%,No,9,2,677.5188598632812,1296.9951171875,1504.2896379743304,15.982675496600415,1563.396610884233,20.539899508212315
LTIM,Yes,2017-09-04,2018-03-05,85.06%,No,9,3,679.081787109375,1256.692138671875,1504.2896379743304,19.702319421216945,1563.396610884233,24.405696731460118
LTIM,Yes,2017-10-03,2018-04-02,75.67%,No,10,4,725.4282836914062,1274.3443603515625,1541.2291009364983,20.942905927822242,1543.5175926079185,21.1224878165661
LTIM,Yes,2017-11-01,2018-04-30,92.86%,No,11,4,732.6616821289062,1413.0411376953125,1499.8257464784565,6.141690179288818,1500.7569986979167,6.207594291675746
LTIM,Yes,2017-12-01,2018-05-30,65.34%,No,12,5,916.4795532226562,1515.3076171875,1547.1974818638394,2.104514246125735,1546.4679484817218,2.0563700030794547
LTIM,Yes,2017-12-04,2018-06-04,64.30%,No,12,6,906.1675415039062,1488.8291015625,1547.1788659997887,3.9191714063119596,1546.4679484817218,3.8714212973625277
LTIM,Yes,2018-01-01,2018-07-02,44.03%,No,1,7,1031.5799560546875,1485.7669677734375,1545.9749755859375,4.052318372828506,1547.182063349971,4.133561783821986
LTIM,Yes,2018-02-01,2018-07-31,44.01%,No,2,7,1171.3126220703125,1686.787109375,1545.9876964480377,-8.347195217725625,1547.0209003523285,-8.285942443232134
LTIM,Yes,2018-02-02,2018-08-01,44.93%,No,2,8,1124.929931640625,1630.36279296875,1545.9876964480377,-5.175234425404946,1547.0209003523285,-5.111861787808783
LTIM,Yes,2018-03-01,2018-08-28,32.85%,No,3,8,1266.5087890625,1682.5323486328125,1547.1399720657703,-8.046940474996452,1586.384932808254,-5.714446792222788
LTIM,Yes,2018-03-05,2018-09-03,28.08%,No,3,9,1256.692138671875,1609.5504150390625,1547.1399720657703,-3.877507805294658,1503.4979709201389,-6.588948263316737
LTIM,Yes,2018-04-02,2018-10-01,37.71%,No,4,10,1274.3443603515625,1754.92431640625,1562.108514959162,-10.987129168164811,1561.8358923870585,-11.002663887785186
LTIM,Yes,2021-04-01,2021-09-28,41.50%,No,4,9,3875.721435546875,5484.08984375,5617.911704799107,2.4401836013248066,4194.343333174543,-23.517968292319832
LTIM,Yes,2021-07-01,2021-12-28,81.85%,No,7,12,3808.642333984375,6925.8759765625,4192.696704101562,-39.46330084035794,4548.188694411057,-34.33049177024901
LTIM,Yes,2024-05-02,2024-10-29,26.25%,No,5,10,4576.10693359375,5777.10693359375,5718.759314903846,-1.0099798975610812,5190.110202955163,-10.16073853895994
LUPIN,Yes,2018-03-16,2018-09-12,26.70%,No,3,9,727.7821044921875,922.1057739257812,824.3428388323102,-10.602138914850759,816.0380282931858,-11.502774262113306
LUPIN,Yes,2022-06-03,2022-11-30,26.13%,No,6,11,598.3998413085938,754.7835083007812,746.0463101473722,-1.1575767166771853,733.8491232353344,-2.7735615358867185
LUPIN,Yes,2022-06-06,2022-12-05,27.99%,No,6,12,592.8187255859375,758.724365234375,745.589963426777,-1.731116385532275,732.940985662287,-3.3982537998662257
LUPIN,Yes,2023-01-24,2023-07-24,25.10%,No,1,7,740.9410400390625,926.9456176757812,1112.9303414481026,20.064254064726956,1596.9696480887276,72.28299240390835
LUPIN,Yes,2023-02-01,2023-07-31,34.22%,No,2,7,726.5074462890625,975.0839233398438,1142.9556509164663,17.21613120249493,1586.0076148623511,62.65344724687698
LUPIN,Yes,2023-02-02,2023-08-01,33.76%,No,2,8,731.03955078125,977.8049926757812,1151.8232660060976,17.79682806222048,1596.9696480887276,63.321895475148985
LUPIN,Yes,2023-03-01,2023-08-28,68.25%,No,3,8,651.6300659179688,1096.3448486328125,1598.759256614829,45.82631173107148,1588.5280967455233,44.89310536976424
LUPIN,Yes,2023-04-03,2023-10-03,80.92%,No,4,10,642.171875,1161.848388671875,1601.5497436523438,37.84498556503551,1608.6331391670335,38.45465164399671
LUPIN,Yes,2023-05-02,2023-10-30,61.58%,No,5,10,698.3298950195312,1128.3544921875,1592.7737276151584,41.158983160274886,1608.6331391670335,42.56451764980655
LUPIN,Yes,2023-05-05,2023-11-01,61.52%,No,5,11,693.9456176757812,1120.8343505859375,1589.3878424228767,41.80399107075849,1578.909619140625,40.869131849431625
LUPIN,Yes,2023-07-03,2024-01-01,47.77%,No,7,1,879.1192626953125,1299.0399169921875,1592.4280497233074,22.5849974964922,1600.896540262613,23.236901293175645
LUPIN,Yes,2023-08-01,2024-01-29,50.10%,No,8,1,977.8049926757812,1467.697021484375,1584.9591682530656,7.989533606200004,1591.3803015420604,8.427030800443855
LUPIN,Yes,2023-08-07,2024-02-05,45.51%,No,8,2,1069.7772216796875,1556.601806640625,1581.479550643706,1.5982086039570294,1584.2241461338142,1.7745282946062015
LUPIN,Yes,2023-09-01,2024-02-28,47.77%,No,9,2,1082.3436279296875,1599.3472900390625,1579.65576171875,-1.23122278963136,1583.3745317302767,-0.9987048096599285
LUPIN,Yes,2023-09-04,2024-03-04,52.16%,No,9,3,1085.856201171875,1652.2845458984375,1579.196475622789,-4.423455418564515,1582.616734391552,-4.2164536174974225
LUPIN,Yes,2023-10-03,2024-04-01,38.29%,No,10,4,1161.848388671875,1606.66943359375,1578.3265020197089,-1.7640798400355768,2083.7046649639424,29.690938372006887
LUPIN,Yes,2023-11-01,2024-04-29,44.56%,No,11,4,1120.8343505859375,1620.225341796875,2171.040407986111,33.99620114436469,2084.7560272216797,28.67074557108379
LUPIN,Yes,2023-11-03,2024-05-02,38.86%,No,11,5,1174.0684814453125,1630.318115234375,2171.040407986111,33.16667389627831,2084.0808876439146,27.832774976208036
LUPIN,Yes,2023-12-04,2024-06-03,25.66%,No,12,6,1247.2900390625,1567.2882080078125,2171.0977409518496,38.525749754191175,2081.738982669891,32.8242611686589
LUPIN,Yes,2024-04-01,2024-09-30,35.53%,No,4,9,1606.66943359375,2177.556640625,2005.4966831752233,-7.901514671985396,1933.8378062855113,-11.192307460233813
LUPIN,Yes,2024-07-01,2024-12-30,43.65%,No,7,12,1599.050537109375,2297.0634765625,1933.8378062855113,-15.812609184860104,1934.878882514106,-15.767287136113215
M&M,Yes,2016-01-11,2016-07-11,26.61%,No,1,7,530.7117919921875,671.926025390625,600.4813783707157,-10.632814375418022,632.8055996365017,-5.8221328354383335
M&M,Yes,2016-02-08,2016-08-08,25.67%,No,2,8,548.5833129882812,689.4099731445312,599.4797450474331,-13.044520909221713,647.578897576583,-6.067663247914541
M&M,Yes,2017-10-30,2018-04-30,27.05%,No,10,4,638.783203125,811.5648193359375,847.9538167317709,4.483806657071292,635.1004028320312,-21.743724259548138
M&M,Yes,2017-11-01,2018-04-30,29.31%,No,11,4,627.6314697265625,811.5648193359375,847.9538167317709,4.483806657071292,635.1004028320312,-21.743724259548138
M&M,Yes,2017-11-02,2018-05-02,29.28%,No,11,5,620.4757690429688,802.1323852539062,847.9538167317709,5.712452497895388,635.1004028320312,-20.823493165533126
M&M,Yes,2017-12-01,2018-05-30,27.42%,No,12,5,654.883544921875,834.4722900390625,841.9539568219866,0.8965746223369345,620.8930676778158,-25.594525415726967
M&M,Yes,2017-12-04,2018-06-04,30.55%,No,12,6,650.9803466796875,849.8523559570312,841.838545365767,-0.9429650379964855,620.4933447265626,-26.988100888675437
M&M,Yes,2018-03-01,2018-08-28,34.93%,No,3,8,680.7646484375,918.5867309570312,621.2338681428329,-32.370689973324644,597.8912481492565,-34.9118348872357
M&M,Yes,2018-03-05,2018-09-03,29.19%,No,3,9,687.3163452148438,887.9515380859375,619.8147112528483,-30.197236598191296,629.1636362544825,-29.14437226938043
M&M,Yes,2021-05-14,2021-11-10,25.42%,No,5,11,707.3885498046875,887.2180786132812,812.7864685058594,-8.38932522923318,823.7663135797205,-7.151766466789722
M&M,Yes,2022-01-31,2022-08-01,41.16%,No,1,8,854.5616455078125,1206.3182373046875,1236.0786664913862,2.46704627903109,1215.0308999454273,0.7222524182513228
M&M,Yes,2022-04-01,2022-09-28,51.85%,No,4,9,797.4011840820312,1210.85009765625,1225.159893533458,1.1817974747581363,1229.0717738560268,1.5048663938704776
M&M,Yes,2022-04-04,2022-10-03,51.63%,No,4,10,804.299072265625,1219.5728759765625,1217.8445502387153,-0.1417156589730835,1229.1501665257697,0.7852987499035888
M&M,Yes,2022-05-02,2022-10-31,47.87%,No,5,10,888.8580322265625,1314.353271484375,1214.7071258544922,-7.5813822502489465,1230.5256436434659,-6.377861238648401
M&M,Yes,2022-06-03,2022-11-30,28.22%,No,6,11,992.3740844726562,1272.4451904296875,1218.982147961128,-4.20159884847423,1537.6847744645743,20.844873007482466
M&M,Yes,2022-06-13,2022-12-12,27.15%,No,6,12,968.8826904296876,1231.901611328125,1218.6808200412327,-1.0732018827898824,1531.9016167939599,24.35259461527954
M&M,Yes,2023-09-08,2024-03-06,25.72%,No,9,3,1543.753173828125,1940.733642578125,2816.504541015625,45.125764773887326,2826.657532707093,45.648917022538036
M&M,Yes,2024-02-01,2024-07-30,78.27%,No,2,7,1626.0841064453125,2898.810791015625,2720.8726806640625,-6.1383140597879535,2992.7796797318892,3.2416358117440764
M&MFIN,Yes,2015-11-30,2016-05-30,39.85%,No,11,5,125.78713989257812,175.90882873535156,191.07881690715922,8.623778738604619,182.68201342496005,3.8503949678378535
M&MFIN,Yes,2015-12-01,2016-05-30,40.00%,No,12,5,125.65300750732422,175.90882873535156,191.07881690715922,8.623778738604619,182.68201342496005,3.8503949678378535
M&MFIN,Yes,2015-12-04,2016-06-01,34.46%,No,12,6,129.48992919921875,174.111083984375,191.07881690715922,9.745349080881567,177.27167245616084,1.8152712621497888
M&MFIN,Yes,2016-01-01,2016-06-29,30.51%,No,1,6,132.0121307373047,172.28652954101562,154.39972788492838,-10.382008218366833,183.99687301280886,6.797016286177731
M&MFIN,Yes,2016-01-04,2016-07-04,44.66%,No,1,7,130.26805114746094,188.4392547607422,154.39972788492838,-18.063925650222487,183.99687301280886,-2.357460898247414
M&MFIN,Yes,2016-02-01,2016-08-01,67.40%,No,2,8,110.49308013916016,184.9659881591797,182.83811097986558,-1.1504153820338494,181.59880981445312,-1.8204310847834422
M&MFIN,Yes,2016-03-01,2016-08-29,63.62%,No,3,8,115.349609375,188.7380218505859,154.39972788492838,-18.19362819900771,158.8159733262173,-15.853747025099347
M&MFIN,Yes,2016-03-08,2016-09-06,58.09%,No,3,9,122.88932800292967,194.27395629882812,154.86846351623535,-20.283466468341267,194.2245890299479,-0.025411161547707457
M&MFIN,Yes,2016-04-01,2016-09-28,48.38%,No,4,9,130.26805114746094,193.29702758789065,154.86846351623535,-19.880576825829426,152.36862766996344,-21.173838226414208
M&MFIN,Yes,2016-04-04,2016-10-03,60.65%,No,4,10,130.26805114746094,209.28074645996097,154.86846351623535,-25.999660200053626,152.36862766996344,-27.19414936762269
M&MFIN,Yes,2017-02-01,2017-07-31,41.01%,No,2,7,155.33233642578125,219.0271148681641,240.65798169513081,9.875885385234923,240.65798169513081,9.875885385234923
M&MFIN,Yes,2017-05-02,2017-10-30,28.32%,No,5,10,180.94969177246097,232.1905517578125,260.00014186549834,11.977055008117974,257.17030645299843,10.75829938215625
M&MFIN,Yes,2017-05-05,2017-11-01,33.24%,No,5,11,178.75157165527344,238.1714782714844,260.00014186549834,9.165103963091711,257.17030645299843,7.976953545990022
M&MFIN,Yes,2017-06-09,2017-12-06,25.06%,No,6,12,193.81263732910156,242.37725830078125,260.273991394043,7.383833458109565,257.17030645299843,6.103315243321861
M&MFIN,Yes,2017-07-03,2018-01-01,35.36%,No,7,1,189.9320373535156,257.0973815917969,263.62208283253204,2.537832629931129,257.0212654700646,-0.029605949800434093
M&MFIN,Yes,2017-10-25,2018-04-23,25.51%,No,10,4,222.7412567138672,279.5736083984375,256.88284500785494,-8.116203643315488,256.88284500785494,-8.116203643315488
M&MFIN,Yes,2022-07-01,2022-12-28,31.95%,No,7,12,164.8585662841797,217.5332946777344,281.60405339421453,29.45331141671808,268.7682488624086,23.552695352027115
M&MFIN,Yes,2022-08-08,2023-02-06,33.53%,No,8,2,184.0702362060547,245.78680419921875,269.04599685668944,9.46315760654844,268.7284065621798,9.33394387778691
M&MFIN,Yes,2022-10-31,2023-05-02,31.83%,No,10,5,189.60829162597656,249.96380615234375,265.40629221598306,6.177888831724574,265.43553924560547,6.189589337518835
MANKIND,Yes,2023-05-10,2023-11-06,27.43%,No,5,11,1382.3050537109375,1761.4556884765625,2129.41909595246,20.88973397872639,2141.1292054082305,21.554531255909016
MANKIND,Yes,2023-06-01,2023-11-28,35.90%,No,6,11,1394.8502197265625,1895.602783203125,2116.416985927484,11.648759153604669,2171.5792096247437,14.558768792018926
MANKIND,Yes,2023-06-05,2023-12-04,35.11%,No,6,12,1423.3389892578125,1923.0919189453125,2139.1857373046873,11.236790931859767,2171.5792096247437,12.921238357431708
MANKIND,Yes,2023-09-20,2024-03-18,25.53%,No,9,3,1707.2769775390625,2143.105224609375,2117.1751166449653,-1.209931629425054,2138.5991067325367,-0.21026115867267423
MANKIND,Yes,2023-10-03,2024-04-01,28.55%,No,10,4,1797.69140625,2310.989013671875,2137.1132202148438,-7.523869322977187,2139.5753122965493,-7.417330864025638
MANKIND,Yes,2023-11-01,2024-04-29,36.33%,No,11,4,1742.9129638671875,2376.063232421875,2137.1132202148438,-10.056551060868617,2139.5753122965493,-9.95293041440981
MANKIND,Yes,2023-11-03,2024-05-02,31.47%,No,11,5,1774.4005126953125,2332.88037109375,2137.1132202148438,-8.391649795018104,2139.5753122965493,-8.286111075064314
MANKIND,Yes,2024-07-01,2024-12-30,32.23%,No,7,12,2159.99853515625,2856.27392578125,2578.5624667080965,-9.72285804125715,2437.929045500579,-14.646525198602761
MANKIND,Yes,2024-07-05,2025-01-01,34.76%,No,7,1,2137.007568359375,2879.914794921875,2578.5624667080965,-10.46393208386408,2437.929045500579,-15.347181458307208
MANKIND,Yes,2024-08-06,2025-02-03,27.11%,No,8,2,2030.3995361328125,2580.78271484375,2452.5433848987927,-4.969009177230224,2452.5433848987927,-4.969009177230224
MARICO,Yes,2016-01-15,2016-07-13,25.10%,No,1,7,193.2897186279297,241.797607421875,246.76928262149588,2.0561308495276274,244.64901501199475,1.1792538480931996
MARICO,Yes,2016-02-01,2016-08-01,28.18%,No,2,8,194.06256103515625,248.7420654296875,220.21717882156372,-11.467656891426342,221.76691436767578,-10.844627753417464
MARICO,Yes,2016-03-08,2016-09-06,25.84%,No,3,9,206.04025268554688,259.2889709472656,220.21717882156372,-15.06882147087095,221.76691436767578,-14.47113482787554
MARICO,Yes,2016-11-11,2017-05-10,29.46%,No,11,5,214.32351684570312,277.4574890136719,275.2794405850497,-0.7850025733184796,275.1920026506696,-0.8165165665759413
MARICO,Yes,2016-12-05,2017-06-05,28.03%,No,12,6,222.0065460205078,284.2333984375,275.1255027369449,-3.2043720937171423,275.82302474975586,-2.9589674309838347
MARICO,Yes,2017-02-01,2017-07-31,30.43%,No,2,7,225.80636596679688,294.529052734375,275.127274689851,-6.587390230063912,275.31997755097177,-6.5219627758512475
MARICO,Yes,2021-01-01,2021-06-30,32.19%,No,1,6,378.0006713867187,499.6754455566406,488.74700842963324,-2.1871070960537313,499.6252995705118,-0.010035711495281208
MARICO,Yes,2021-03-01,2021-08-30,32.16%,No,3,8,373.9981994628906,494.2626037597656,477.5822580698374,-3.3747942011076457,477.6891635194117,-3.3531649196768663
MARICO,Yes,2021-04-01,2021-09-28,35.29%,No,4,9,383.37005615234375,518.6439208984375,477.4035687113917,-7.951573425483496,500.01277512770434,-3.5922807575684597
MARICO,Yes,2021-04-05,2021-10-04,37.67%,No,4,10,378.8515319824219,521.56201171875,477.4335243918679,-8.460832333524746,500.09206347195607,-4.116470863367155
MARICO,Yes,2021-05-03,2021-11-01,29.11%,No,5,11,419.0476684570313,541.0484008789062,481.2396971236828,-11.054224290852204,500.24439097259005,-7.541656132802927
MARICO,Yes,2024-05-03,2024-10-30,25.97%,No,5,10,509.0946044921875,641.3173828125,709.8052158355713,10.679241645176935,709.9563515873278,10.702808096953706
MARUTI,Yes,2016-02-02,2016-08-01,25.58%,No,2,8,3537.93408203125,4443.01806640625,5209.085759943182,17.242056685053463,5144.40814052484,15.786343058602764
MARUTI,Yes,2016-03-01,2016-08-29,41.01%,No,3,8,3190.481689453125,4498.849609375,5184.727346319902,15.245624915214423,5144.40814052484,14.3494134545992
MARUTI,Yes,2016-03-08,2016-09-06,54.70%,No,3,9,3161.49267578125,4890.80810546875,5201.333426339285,6.349161818950034,5165.870855034722,5.624075687173359
MARUTI,Yes,2016-04-01,2016-09-28,49.34%,No,4,9,3399.38232421875,5076.6142578125,5493.1212158203125,8.204423989213714,5522.267657844388,8.778555497811622
MARUTI,Yes,2016-04-04,2016-10-03,55.31%,No,4,10,3362.90673828125,5222.97900390625,5493.1212158203125,5.172186442105625,5522.267657844388,5.730228930928133
MARUTI,Yes,2016-05-02,2016-11-01,54.51%,No,5,11,3497.66943359375,5404.1884765625,5649.76220703125,4.5441370435872495,5549.09814453125,2.6814325332510283
MARUTI,Yes,2016-06-03,2016-11-30,25.72%,No,6,11,3851.102783203125,4841.43896484375,5555.875512695313,14.756698432830914,5533.354014756945,14.291516529229348
MARUTI,Yes,2016-06-06,2016-12-05,26.49%,No,6,12,3781.7578125,4783.4716796875,5581.003234863281,16.672651341543705,5539.766476894947,15.81058377368412
MARUTI,Yes,2016-07-01,2016-12-28,26.46%,No,7,12,3803.123291015625,4809.48876953125,5559.075647865854,15.585583296988581,5543.650381412146,15.26485759841893
MARUTI,Yes,2016-07-04,2017-01-02,31.87%,No,7,1,3810.791748046875,5025.31396484375,6940.241588961693,38.105631558833025,5628.663177490234,12.006199351272654
MARUTI,Yes,2016-08-05,2017-02-01,25.91%,No,8,2,4511.859375,5681.0126953125,5499.754947916666,-3.1905886699635864,5565.454968510842,-2.0341043577847726
MARUTI,Yes,2016-11-11,2017-05-10,31.23%,No,11,5,4720.310546875,6194.53076171875,6904.397279575893,11.459568854577476,8103.401446368243,30.81542021626596
MARUTI,Yes,2016-12-01,2017-05-30,36.09%,No,12,5,4828.65966796875,6571.2451171875,6935.946744791667,5.549962314604078,8170.364347759046,24.33510243574616
MARUTI,Yes,2016-12-05,2017-06-05,36.95%,No,12,6,4783.4716796875,6551.203125,6935.946744791667,5.872869646240236,8170.720133463542,24.720909694943124
MARUTI,Yes,2017-01-02,2017-07-03,34.54%,No,1,7,5025.31396484375,6761.09765625,6913.527325665509,2.2545106899114558,8282.045583089193,22.495576963501183
MARUTI,Yes,2017-02-01,2017-07-31,25.42%,No,2,7,5681.0126953125,7125.21630859375,8309.826822916666,16.625607743222517,8119.592333984375,13.955731058877527
MARUTI,Yes,2022-05-02,2022-10-31,25.61%,No,5,10,7364.0869140625,9250.337890625,8364.681267233456,-9.574316461338519,8305.27001953125,-10.216576759337128
MARUTI,Yes,2023-10-09,2024-04-08,25.58%,No,10,4,10040.26953125,12608.2568359375,12137.389040798611,-3.7345986940618756,12137.533720128677,-3.7334511973702376
MAXHEALTH,Yes,2021-01-01,2021-06-30,78.60%,No,1,6,141.85423278808594,253.34666442871097,340.7357373918806,34.493871533785274,360.169032796224,42.16450554357769
MAXHEALTH,Yes,2021-01-04,2021-07-05,99.33%,No,1,7,141.10760498046875,281.26953125,340.93166120662244,21.211728725637585,360.2864542379008,28.09295505159725
MAXHEALTH,Yes,2021-02-01,2021-08-02,76.05%,No,2,8,166.4920654296875,293.1156311035156,367.16017368861606,25.261205724969045,366.51682350852275,25.04171890412935
MAXHEALTH,Yes,2021-03-01,2021-08-30,95.40%,No,3,8,183.91275024414065,359.3640441894531,366.7056083679199,2.0429323125594605,366.5679821336126,2.0046351494089985
MAXHEALTH,Yes,2021-03-05,2021-09-01,89.06%,No,3,9,197.94886779785156,374.2463073730469,366.7294784857302,-2.0085245302965435,366.5679821336126,-2.0516769539640562
MAXHEALTH,Yes,2021-04-01,2021-09-28,69.43%,No,4,9,217.2111663818359,368.0246276855469,366.68462356866576,-0.364107186333754,366.4587057013261,-0.42549380297417416
MAXHEALTH,Yes,2021-04-05,2021-10-04,54.38%,No,4,10,227.61380004882812,351.4002685546875,366.5848586470992,4.321166331165904,366.4587057013261,4.285266260203524
MAXHEALTH,Yes,2021-05-03,2021-11-01,48.53%,No,5,11,229.7540740966797,341.24652099609375,366.25004280938043,7.327114058277212,362.1643283125283,6.12982287859691
MAXHEALTH,Yes,2021-06-01,2021-11-29,62.04%,No,6,11,229.30612182617188,371.55853271484375,366.4951363699777,-1.362745274040586,362.2761710030692,-2.498223266184122
MAXHEALTH,Yes,2021-06-04,2021-12-01,52.92%,No,6,12,244.73587036132812,374.2463073730469,366.4951363699777,-2.071141611917863,362.2761710030692,-3.1984647902072476
MAXHEALTH,Yes,2021-07-01,2021-12-28,57.34%,No,7,12,262.6044921875,413.1690979003906,366.49100394870925,-11.297576268139691,362.2272263823963,-12.329545403290478
MAXHEALTH,Yes,2021-07-05,2022-01-03,53.81%,No,7,1,281.26953125,432.6304626464844,365.73356179630053,-15.462827199213514,362.2272263823963,-16.273296113597237
MAXHEALTH,Yes,2021-08-03,2022-01-31,28.55%,No,8,1,284.55462646484375,365.7848205566406,360.53179227388824,-1.4360979427080864,362.13278249966896,-0.9984115938474696
MAXHEALTH,Yes,2021-08-05,2022-02-01,30.75%,No,8,2,277.13836669921875,362.3504333496094,362.1290298988079,-0.061102024566324235,362.1290298988079,-0.061102024566324235
MAXHEALTH,Yes,2022-11-21,2023-05-22,27.65%,No,11,5,430.8883972167969,550.0459594726562,575.0143248542906,4.539323478636626,575.0143248542906,4.539323478636626
MAXHEALTH,Yes,2022-12-09,2023-06-07,29.39%,No,12,6,430.7391052246094,557.3128662109375,576.2970963817531,3.4063864880575516,576.2970963817531,3.4063864880575516
MAXHEALTH,Yes,2023-02-01,2023-07-31,34.84%,No,2,7,439.2005920410156,592.2040405273438,575.3958324675864,-2.8382460958540654,580.4954659598214,-1.9771183183917649
MAXHEALTH,Yes,2023-09-01,2024-02-28,48.35%,No,9,2,572.344482421875,849.0991821289062,920.9775139303769,8.46524567615923,936.2844499860491,10.267972186540963
MAXHEALTH,Yes,2023-09-04,2024-03-04,30.26%,No,9,3,572.1453247070312,745.2490234375,920.9775139303769,23.57983505732353,936.2844499860491,25.633770798838256
MAXHEALTH,Yes,2023-10-03,2024-04-01,38.00%,No,10,4,590.49560546875,814.8978881835938,914.49900778746,12.222527637895462,1000.6720923447027,22.797237157553496
MAXHEALTH,Yes,2023-11-01,2024-04-29,45.39%,No,11,4,574.7909545898438,835.6879272460938,914.49900778746,9.430683149998154,1000.6720923447027,19.74231764269874
MAZDOCK,Yes,2021-01-22,2021-07-22,32.30%,No,1,7,95.25260162353516,126.02237701416016,117.78944822458121,-6.5329102534337045,117.78330760891154,-6.537782892575382
MAZDOCK,Yes,2021-04-12,2021-10-11,30.96%,No,4,10,93.80632019042967,122.84442138671876,121.78502169522372,-0.8623913723847629,122.13641135475852,-0.5763469142252708
MAZDOCK,Yes,2021-05-03,2021-11-01,28.68%,No,5,11,94.8079833984375,121.99982452392578,121.76268627769069,-0.1943758912444869,124.28627950494939,1.8741461227062712
MAZDOCK,Yes,2021-10-14,2022-04-12,25.89%,No,10,4,125.61288452148438,158.1378631591797,130.21846410390492,-17.655100744071287,130.21846410390492,-17.655100744071287
MAZDOCK,Yes,2022-02-14,2022-08-16,25.35%,No,2,8,122.83580017089844,153.97763061523438,370.44970703125,140.58670441354232,357.5528475203604,132.21090368238495
MAZDOCK,Yes,2022-03-02,2022-08-29,59.62%,No,3,8,118.8679428100586,189.73660278320312,379.50624593098956,100.0174138063498,372.44718299721774,96.29695985586049
MAZDOCK,Yes,2022-03-04,2022-09-01,66.56%,No,3,9,116.22267150878906,193.5842437744141,379.50624593098956,96.04190843818492,372.44718299721774,92.39540147246417
MAZDOCK,Yes,2022-04-01,2022-09-28,71.16%,No,4,9,120.93603515625,206.9931182861328,368.30174235554483,77.92946229566446,363.5578673790241,75.63765906288108
MAZDOCK,Yes,2022-05-02,2022-10-31,117.71%,No,5,10,141.11207580566406,307.21881103515625,394.56114155537375,28.430007337741625,356.6659190898039,16.095078256451295
MAZDOCK,Yes,2022-06-01,2022-11-28,215.44%,No,6,11,136.4708709716797,430.4770812988281,347.57944440841675,-19.257154559841847,356.2773172567179,-17.2366351811892
MAZDOCK,Yes,2022-06-06,2022-12-05,233.49%,No,6,12,133.48895263671875,445.172119140625,347.57944440841675,-21.922458872897156,356.2773172567179,-19.968636413150172
MAZDOCK,Yes,2022-07-01,2022-12-28,227.10%,No,7,12,119.348876953125,390.395263671875,356.4368849012587,-8.698460747504905,357.7110488566947,-8.372082823896967
MAZDOCK,Yes,2022-07-04,2023-01-02,213.37%,No,7,1,122.7877197265625,384.7808837890625,356.1184130036429,-7.449037099548951,356.7861797626202,-7.275492418118428
MAZDOCK,Yes,2022-08-01,2023-01-30,174.59%,No,8,1,135.7013702392578,372.6244812011719,353.3322617380243,-5.1773891508572545,354.70387403270865,-4.809294094337369
MAZDOCK,Yes,2022-08-05,2023-02-01,172.41%,No,8,2,133.48895263671875,363.6414184570313,353.1948063151042,-2.8727784052359024,354.16485556069904,-2.60601857086091
MAZDOCK,Yes,2022-09-01,2023-02-28,81.47%,No,9,2,193.5842437744141,351.28985595703125,351.8128983633859,0.14889197552536926,1045.8153426373592,197.70724229659518
MAZDOCK,Yes,2022-09-02,2023-03-01,88.83%,No,9,3,191.1794586181641,361.0051574707031,351.6457663796165,-2.592592071720249,1045.6590605705014,189.65211131515773
MAZDOCK,Yes,2022-12-19,2023-06-19,44.74%,No,12,6,410.8755798339844,594.6857299804688,1034.1332982900192,73.89576479731289,1081.878730983909,81.92444789610828
MAZDOCK,Yes,2023-02-01,2023-07-31,154.68%,No,2,7,363.6414184570313,926.1299438476562,1050.363826976103,13.414303678845583,970.5610711960566,4.797504674539387
MAZDOCK,Yes,2023-11-20,2024-05-21,47.14%,No,11,5,976.8713989257812,1437.3580322265625,2155.655338541667,49.97344365219947,2100.123015280331,46.109943952315184
MAZDOCK,Yes,2023-12-01,2024-05-29,66.75%,No,12,5,993.7518310546876,1657.125,2152.991612830529,29.923307706451176,2159.4586404779907,30.313563580175952
MAZDOCK,Yes,2024-11-01,2025-04-30,49.03%,No,11,4,2045.3221435546875,3048.1552734375,2766.2484329578488,-9.248440948407989,2766.2484329578488,-9.248440948407989
MAZDOCK,Yes,2025-01-01,2025-06-30,44.75%,No,1,6,2234.34765625,3234.27880859375,2771.9428955078124,-14.294868823846363,2771.9428955078124,-14.294868823846363
MFSL,Yes,2016-01-27,2016-07-25,67.77%,No,1,7,347.530029296875,583.0548706054688,552.3055237887198,-5.273834139283925,558.1448481311537,-4.2723290259881415
MFSL,Yes,2016-02-01,2016-08-01,49.89%,No,2,8,370.01080322265625,554.592529296875,552.2646844046457,-0.419739677196992,558.1941858927408,0.649423929390486
MFSL,Yes,2016-03-01,2016-08-29,68.11%,No,3,8,324.1520080566406,544.9223022460938,558.4430698939732,2.481228533342959,558.4430698939732,2.481228533342959
MFSL,Yes,2016-03-08,2016-09-06,89.56%,No,3,9,313.28546142578125,593.87158203125,558.368118064991,-5.978306596996046,558.368118064991,-5.978306596996046
MFSL,Yes,2016-04-01,2016-09-28,60.45%,No,4,9,343.84136962890625,551.7000122070312,558.4261559119591,1.2191668580938473,558.4261559119591,1.2191668580938473
MFSL,Yes,2016-04-04,2016-10-03,65.86%,No,4,10,336.7631530761719,558.5499877929688,558.5419380434098,-0.001441186954592411,558.5419380434098,-0.001441186954592411
MFSL,Yes,2016-05-02,2016-11-01,50.21%,No,5,11,371.60589599609375,558.2000122070312,559.3478300675102,0.20562841909313312,596.9716664632161,6.9458354368155835
MFSL,Yes,2016-06-01,2016-11-28,48.82%,No,6,11,361.9855346679687,538.7000122070312,562.2121631519215,4.364609320976608,562.5846956214126,4.433763295554202
MFSL,Yes,2016-06-06,2016-12-05,36.94%,No,6,12,397.9747314453125,545.0,607.0187530517578,11.379587715918865,562.6781272888184,3.2436930805171302
MFSL,Yes,2016-11-15,2017-05-15,37.29%,No,11,5,492.8999938964844,676.7000122070312,601.7370390715422,-11.077725991314848,588.7067798679158,-13.0032851709473
MFSL,Yes,2019-07-01,2019-12-30,33.55%,No,7,12,404.4500122070313,540.1500244140625,505.75967702557966,-6.366814002422454,594.4254253840043,10.048208556283596
MFSL,Yes,2021-01-01,2021-06-30,53.47%,No,1,6,690.9500122070312,1060.4000244140625,981.2395331804142,-7.465153660043472,981.2395331804142,-7.465153660043472
MFSL,Yes,2023-05-02,2023-10-30,42.27%,No,5,10,648.8499755859375,923.1500244140624,972.8337864231419,5.381981335115551,970.494776483792,5.128608657057667
MFSL,Yes,2024-02-02,2024-07-31,25.29%,No,2,7,887.5499877929688,1112.0,1131.6953201293945,1.7711618821397959,1152.2418092821465,3.6188677412002255
MFSL,Yes,2024-12-02,2025-06-02,36.57%,No,12,6,1114.6500244140625,1522.300048828125,1589.4080029296874,4.408326344942477,1589.4080029296874,4.408326344942477
MOTHERSON,Yes,2016-01-25,2016-07-25,25.29%,No,1,7,27.75003433227539,34.76730728149414,35.66690541930118,2.587482920444275,35.85421932765416,3.1262474178969715
MOTHERSON,Yes,2016-02-01,2016-08-01,28.71%,No,2,8,28.82145881652832,37.09746170043945,35.24277346741919,-4.999501712534396,36.084377789106526,-2.7308712372656117
MOTHERSON,Yes,2016-03-01,2016-08-29,41.74%,No,3,8,24.975032806396484,35.398841857910156,35.25613096893811,-0.4031512938894562,34.552734823787915,-2.390211062606195
MOTHERSON,Yes,2016-03-08,2016-09-06,33.50%,No,3,9,26.410747528076172,35.257293701171875,35.55848429279943,0.8542646357951785,36.232033823050706,2.7646481608610616
MOTHERSON,Yes,2016-04-04,2016-10-03,26.28%,No,4,10,28.397472381591797,35.861610412597656,35.90423592100752,0.1188611105843955,34.839220180067905,-2.8509322943584285
MOTHERSON,Yes,2016-05-02,2016-11-01,26.27%,No,5,11,28.348472595214844,35.79628372192383,36.21074565764396,1.157835095228871,35.112843696107255,-1.9092485441386549
MOTHERSON,Yes,2016-11-03,2017-05-02,28.02%,No,11,5,34.195648193359375,43.77762222290039,59.340054750442505,35.54883005820561,52.63954006541859,20.243031467987016
MOTHERSON,Yes,2016-12-01,2017-05-30,43.70%,No,12,5,33.89622116088867,48.71015548706055,59.115771532058716,21.362313342979032,51.30559238634611,5.328328093666264
MOTHERSON,Yes,2016-12-05,2017-06-05,45.18%,No,12,6,34.10309600830078,49.51047134399414,59.56861073630197,20.31517600069855,51.998825366680435,5.025914630053596
MOTHERSON,Yes,2017-02-01,2017-07-31,44.83%,No,2,7,36.651031494140625,53.081932067871094,59.5956653726512,12.271093102737064,54.365448204246725,2.4179906163447757
MOTHERSON,Yes,2017-05-02,2017-10-30,37.52%,No,5,10,43.77762222290039,60.2047004699707,50.75819567976327,-15.69064328277694,50.251954345703126,-16.531510075748777
MOTHERSON,Yes,2017-06-22,2017-12-19,26.34%,No,6,12,51.25263977050781,64.75016021728516,50.491466625316725,-22.02109391562872,51.13707160949707,-21.02402304813765
MOTHERSON,Yes,2017-07-04,2018-01-01,25.31%,No,7,1,49.91334915161133,62.54755783081055,51.33294241768973,-17.929741467214512,51.13707160949707,-18.24289647275843
MOTHERSON,Yes,2021-01-01,2021-06-30,47.53%,No,1,6,43.340118408203125,63.9405517578125,60.24113899364806,-5.785706664178784,60.60224084596376,-5.220960439148618
MOTHERSON,Yes,2021-08-02,2022-01-31,25.93%,No,8,1,61.933326721191406,77.99223327636719,54.38564669896686,-30.267868460375887,54.38564669896686,-30.267868460375887
MOTHERSON,Yes,2021-08-05,2022-02-01,25.70%,No,8,2,62.56718826293945,78.64397430419922,54.38564669896686,-30.845754960704063,54.38564669896686,-30.845754960704063
MOTHERSON,Yes,2023-09-07,2024-03-05,26.33%,No,9,3,65.50409698486328,82.75416564941406,125.59007058492521,51.76283828053367,125.59007058492521,51.76283828053367
MOTHERSON,Yes,2023-10-03,2024-04-01,25.48%,No,10,4,63.16231155395508,79.25798797607422,126.70470676422119,59.863642769319114,126.70470676422119,59.863642769319114
MOTHERSON,Yes,2023-11-01,2024-04-29,42.33%,No,11,4,60.62262725830078,86.2833480834961,127.65607155693903,47.9498355040728,85.1453331657078,-1.318927629798329
MOTHERSON,Yes,2024-04-01,2024-09-30,76.72%,No,4,9,79.25798797607422,140.06533813476562,99.06763523646764,-29.270412968875664,98.91119578733283,-29.382103306555273
MOTILALOFS,Yes,2016-01-18,2016-07-18,45.74%,No,1,7,270.2799987792969,393.8997497558594,488.6356506347656,24.050764423593552,506.64156850179035,28.621957443691905
MOTILALOFS,Yes,2016-02-01,2016-08-01,69.30%,No,2,8,276.0111389160156,467.2789611816406,495.11139417674445,5.956277792760459,483.1458912725034,3.3956012166135086
MOTILALOFS,Yes,2016-03-01,2016-08-29,79.97%,No,3,8,266.5911560058594,479.7906188964844,514.8382084684552,7.304767578111475,486.22809339549445,1.3417257956848414
MOTILALOFS,Yes,2016-03-08,2016-09-06,80.62%,No,3,9,274.88897705078125,496.5050659179687,520.1822404127854,4.768767958296843,486.77105712890625,-1.9605054323193292
MOTILALOFS,Yes,2016-04-01,2016-09-28,77.54%,No,4,9,266.8992614746094,473.8487548828125,489.77205269291716,3.3604177801506827,491.72508555445177,3.7725815436742596
MOTILALOFS,Yes,2016-04-04,2016-10-03,81.27%,No,4,10,267.2374267578125,484.4281311035156,491.2143890380859,1.4008802335882866,495.77496977775326,2.3423162169359997
MOTILALOFS,Yes,2016-05-02,2016-11-01,95.63%,No,5,11,286.3188781738281,560.1260986328125,490.0489997016059,-12.510950498870654,495.52363506116365,-11.533557127463656
MOTILALOFS,Yes,2016-06-01,2016-11-28,44.74%,No,6,11,333.85345458984375,483.2204284667969,508.95399962080285,5.32543113619092,514.6455201369065,6.503262241999545
MOTILALOFS,Yes,2016-06-06,2016-12-05,53.75%,No,6,12,328.7329406738281,505.4419860839844,509.13401285807294,0.7304551018195573,515.4118639357547,1.9725068605823584
MOTILALOFS,Yes,2016-07-01,2016-12-28,37.49%,No,7,12,359.9879150390625,494.9591674804687,1063.314512740734,114.82873388393048,1061.6195746527778,114.48629390113676
MOTILALOFS,Yes,2016-07-04,2017-01-02,39.77%,No,7,1,361.8718566894531,505.7800903320313,1063.314512740734,110.23257598825136,1061.6195746527778,109.89746234492002
MOTILALOFS,Yes,2016-08-16,2017-02-13,26.45%,No,8,2,468.7282409667969,592.6868896484375,1062.6277757727582,79.28990742533117,1206.4482819313228,103.55575650525162
MOTILALOFS,Yes,2016-09-01,2017-02-28,33.13%,No,9,2,479.935546875,638.91796875,1074.177889195884,68.12453894471629,1121.00776890346,75.4540995453041
MOTILALOFS,Yes,2016-09-02,2017-03-01,35.96%,No,9,3,473.2690734863281,643.4637451171875,1074.177889195884,66.93681615275077,1121.00776890346,74.21459676788817
MOTILALOFS,Yes,2016-10-03,2017-04-03,50.54%,No,10,4,484.4281311035156,729.2525634765625,1075.6660750951523,47.50254287309382,1093.5662779727224,49.957138684486594
MOTILALOFS,Yes,2016-11-01,2017-05-02,46.14%,No,11,5,560.1260986328125,818.5714721679688,1075.9521348741318,31.44266218128712,1082.9101336443866,32.292679437792124
MOTILALOFS,Yes,2016-12-01,2017-05-30,85.02%,No,12,5,517.0357666015625,956.6361694335938,1073.7064697265625,12.237703740836386,1105.216648267663,15.531555630187071
MOTILALOFS,Yes,2016-12-05,2017-06-05,115.92%,No,12,6,505.4419860839844,1091.3642578125,1080.48896484375,-0.9964860852735071,1081.185703125,-0.9326450462929483
MOTILALOFS,Yes,2017-02-01,2017-07-31,86.82%,No,2,7,553.1213989257812,1033.326904296875,1126.3823024204798,9.005417137273145,1092.669578758446,5.742875194172036
MOTILALOFS,Yes,2017-05-02,2017-10-30,64.85%,No,5,10,818.5714721679688,1349.4273681640625,924.9563313802083,-31.45564161495851,885.7443481445313,-34.3614655341092
MOTILALOFS,Yes,2021-01-01,2021-06-30,26.58%,No,1,6,604.896240234375,765.66162109375,896.7762472970145,17.124356581431734,889.6490968403064,16.193507984563713
MPHASIS,Yes,2016-01-13,2016-07-11,27.68%,No,1,7,344.3907165527344,439.7131042480469,411.5381495157878,-6.407576772232219,418.18025896626136,-4.897021506468136
MPHASIS,Yes,2016-02-08,2016-08-08,26.07%,No,2,8,340.8545837402344,429.71966552734375,411.28905868530273,-4.288983800502434,418.37347900390625,-2.6403693928025547
MPHASIS,Yes,2016-03-01,2016-08-29,25.22%,No,3,8,338.6636657714844,424.0695495605469,411.46316922095514,-2.972715289898892,418.3829020182292,-1.340970496044962
MPHASIS,Yes,2016-03-08,2016-09-06,26.20%,No,3,9,341.2005310058594,430.603759765625,415.5117874145508,-3.504839892547312,418.2326958396218,-2.872957712384284
MPHASIS,Yes,2017-04-24,2017-10-23,31.50%,No,4,10,422.0462036132813,554.9902954101562,583.809451081032,5.192731460210021,586.7201215636055,5.717185762680746
MPHASIS,Yes,2017-05-02,2017-10-30,28.89%,No,5,10,449.0573425292969,578.8026123046875,590.0084447320902,1.936036947515336,590.4699853967737,2.015777545583087
MPHASIS,Yes,2017-05-05,2017-11-01,26.42%,No,5,11,447.8605041503906,566.198486328125,590.8785735485601,4.35891084423218,591.8280651164505,4.526606730183408
MPHASIS,Yes,2017-06-22,2017-12-19,26.18%,No,6,12,476.108642578125,600.7673950195312,703.9892510308159,17.1816674584893,703.9892510308159,17.1816674584893
MPHASIS,Yes,2017-07-03,2018-01-01,28.47%,No,7,1,471.8394775390625,606.1867065429688,703.9892510308159,16.1340628938577,803.5170090134079,32.55272679861245
MPHASIS,Yes,2017-08-01,2018-01-29,48.42%,No,8,1,486.7147521972656,722.3742065429688,726.9782867431641,0.6373539030731504,806.5569122314453,11.653614556829986
MPHASIS,Yes,2017-08-07,2018-02-05,42.91%,No,8,2,492.0109558105469,703.1190185546875,885.9468790690104,26.002405807503102,806.5569122314453,14.711292248840305
MPHASIS,Yes,2017-09-01,2018-02-28,42.09%,No,9,2,496.8143615722656,705.9108276367188,885.9468790690104,25.504078473342695,806.5569122314453,14.257620177278508
MPHASIS,Yes,2017-09-04,2018-03-05,41.60%,No,9,3,497.7586975097656,704.8023681640625,885.9468790690104,25.701461727038556,806.5569122314453,14.43731585812387
MPHASIS,Yes,2017-10-03,2018-04-02,36.68%,No,10,4,508.7205200195313,695.3184814453125,823.097831957268,18.377096815598662,824.0096861641362,18.5082387643892
MPHASIS,Yes,2017-11-01,2018-04-30,50.29%,No,11,4,566.198486328125,850.96044921875,805.9230050751657,-5.292542583492834,807.3753673206676,-5.1218692875911005
MPHASIS,Yes,2017-11-02,2018-05-02,44.13%,No,11,5,571.7410278320312,824.0279541015625,805.9230050751657,-2.1971280144417644,807.6821567468476,-1.9836459762504965
MPHASIS,Yes,2017-12-01,2018-05-30,47.06%,No,12,5,591.201416015625,869.3945922851562,842.0342540740967,-3.1470564061302033,805.2415424053486,-7.379048644779912
MPHASIS,Yes,2017-12-04,2018-06-04,39.96%,No,12,6,600.685302734375,840.696533203125,842.1263332366943,0.17007326390673655,805.3120588822799,-4.208947333947873
MPHASIS,Yes,2018-02-01,2018-07-31,33.20%,No,2,7,722.2921142578125,962.0929565429688,807.1221443338598,-16.1076755790788,805.4458862304688,-16.281905947567743
MPHASIS,Yes,2021-01-01,2021-06-30,39.50%,No,1,6,1369.9637451171875,1911.0899658203125,2901.405521787446,51.81941058133558,2901.0216182585687,51.79932238372357
MPHASIS,Yes,2021-04-01,2021-09-28,84.50%,No,4,9,1565.084228515625,2887.60595703125,2817.5301106770835,-2.426780086927496,2900.158624822443,0.43470847400863605
MPHASIS,Yes,2021-06-01,2021-11-29,56.66%,No,6,11,1746.146240234375,2735.4775390625,2843.2816642992425,3.940961813698131,1975.4430985884233,-27.784342207925967
MPHASIS,Yes,2021-07-01,2021-12-28,56.73%,No,7,12,1944.75927734375,3047.927001953125,2074.0067911783854,-31.95352809140925,1975.3135327148439,-35.19157343830563
MRF,Yes,2016-03-28,2016-09-26,26.78%,No,3,9,35595.76171875,45127.39453125,49954.416015625,10.696432919548156,49954.416015625,10.696432919548156
MRF,Yes,2016-04-01,2016-09-28,33.92%,No,4,9,36673.9140625,49113.35546875,49970.907398897056,1.7460666695695464,49970.907398897056,1.7460666695695464
MRF,Yes,2016-04-04,2016-10-03,41.24%,No,4,10,36269.92578125,51227.35546875,49965.96234375,-2.4623428507245206,49965.96234375,-2.4623428507245206
MRF,Yes,2016-05-02,2016-11-01,46.94%,No,5,11,33653.7265625,49451.0546875,50188.3343931686,1.4909281719626684,63011.797642299105,27.422555576407
MRF,Yes,2016-06-01,2016-11-28,43.09%,No,6,11,32821.8515625,46964.86328125,51405.2392578125,9.454676680247577,63561.047672193876,35.33744853372042
MRF,Yes,2016-06-06,2016-12-05,52.16%,No,6,12,32743.556640625,49823.04296875,51405.2392578125,3.1756315848770713,63561.047672193876,27.573596241523475
MRF,Yes,2016-07-01,2016-12-28,44.47%,No,7,12,33131.65234375,47865.08984375,63886.60971966912,33.472244444164836,64471.56414930556,34.69433434631682
MRF,Yes,2016-07-04,2017-01-02,40.05%,No,7,1,34598.3671875,48455.875,50480.35924899193,4.177995442228485,62588.45021609042,29.165865266266316
MRF,Yes,2016-08-01,2017-01-30,54.08%,No,8,1,33271.92578125,51264.9375,62332.56981169872,21.589087691170437,67399.17172181372,31.472259615675373
MRF,Yes,2016-08-05,2017-02-01,41.87%,No,8,2,36591.375,51911.75,62332.56981169872,20.07410617384064,67399.17172181372,29.834135281152573
MRF,Yes,2016-09-01,2017-02-28,39.24%,No,9,2,36752.94140625,51174.3203125,62769.748008578434,22.6586843269633,67768.30873325893,32.4263973012762
MRF,Yes,2016-09-02,2017-03-01,35.96%,No,9,3,38352.77734375,52146.125,62769.748008578434,20.372794735137912,67768.30873325893,29.958474830601382
MRF,Yes,2016-10-20,2017-04-18,25.79%,No,10,4,49129.84765625,61798.2109375,62818.13901654412,1.650416838240883,68929.0634375,11.538930321481029
MRF,Yes,2016-11-01,2017-05-02,36.50%,No,11,5,49451.0546875,67501.0,68866.1796875,2.0224584635783174,69204.9365625,2.524313065732369
MRF,Yes,2016-12-01,2017-05-30,33.79%,No,12,5,48257.35546875,64564.49609375,68887.75111607143,6.696025345019205,69204.9365625,7.187294487688586
MRF,Yes,2016-12-05,2017-06-05,35.41%,No,12,6,49823.04296875,67463.203125,68887.75111607143,2.111592579486545,69204.9365625,2.581753247430032
MRF,Yes,2017-01-02,2017-07-03,44.37%,No,1,7,48455.875,69956.265625,68537.9373046875,-2.027450018437863,69127.91527777778,-1.1840974354785994
MRF,Yes,2017-02-01,2017-07-31,31.70%,No,2,7,51911.75,68369.421875,69125.57690429688,1.1059842376309037,69445.09848484848,1.5733299775667884
MRF,Yes,2017-02-02,2017-08-01,34.62%,No,2,8,50930.28515625,68561.4609375,63566.3984375,-7.285525179449507,69445.09848484848,1.2888254352601913
MRF,Yes,2022-03-02,2022-08-29,27.70%,No,3,8,65790.265625,84016.8984375,85583.10243055556,1.864153547896865,86782.17235331633,3.2913306337693635
MRF,Yes,2022-05-02,2022-10-31,25.25%,No,5,10,72122.203125,90335.046875,88925.79183467742,-1.5600313378622752,88758.92768895348,-1.7447482904696492
MUTHOOTFIN,Yes,2015-11-30,2016-05-30,30.79%,No,11,5,151.65318298339844,198.34751892089844,232.43219159100508,17.184320154616962,300.2102991739909,51.35571183711939
MUTHOOTFIN,Yes,2015-12-01,2016-05-30,27.20%,No,12,5,155.92864990234375,198.34751892089844,232.43219159100508,17.184320154616962,300.2102991739909,51.35571183711939
MUTHOOTFIN,Yes,2015-12-04,2016-06-01,26.36%,No,12,6,163.97659301757812,207.20724487304688,293.39733969198693,41.596081677427634,295.1923620050604,42.46237489713297
MUTHOOTFIN,Yes,2016-01-01,2016-06-29,62.83%,No,1,6,149.85079956054688,244.0026397705078,298.53911357023276,22.350772045342715,293.5853261796255,20.320553275879213
MUTHOOTFIN,Yes,2016-01-04,2016-07-04,63.22%,No,1,7,149.5154571533203,244.04507446289065,298.53911357023276,22.3294976255005,293.5853261796255,20.299631871598336
MUTHOOTFIN,Yes,2016-02-01,2016-08-01,81.55%,No,2,8,165.98855590820312,301.357666015625,298.45110162698995,-0.9644899454737433,293.7905630258413,-2.511003980695594
MUTHOOTFIN,Yes,2016-03-01,2016-08-29,96.28%,No,3,8,146.6232147216797,287.7925720214844,298.1585167418135,3.601880565407817,294.49752859341896,2.3297879180266152
MUTHOOTFIN,Yes,2016-03-08,2016-09-06,105.42%,No,3,9,147.83880615234375,303.689208984375,295.00122701710666,-2.860813525881766,297.0304361979167,-2.1926273932245355
MUTHOOTFIN,Yes,2016-04-01,2016-09-28,102.11%,No,4,9,152.81959533691406,308.8608703613281,294.2817779541016,-4.7202782243574095,298.91884531873336,-3.218933182103597
MUTHOOTFIN,Yes,2016-04-04,2016-10-03,95.16%,No,4,10,152.52284240722656,297.66961669921875,294.2738777322972,-1.14077446149057,299.0176988389757,0.4528786493917324
MUTHOOTFIN,Yes,2016-05-02,2016-11-01,81.10%,No,5,11,169.35208129882812,306.69891357421875,294.6187264578683,-3.9387772768967175,392.2243368459302,27.885792706277385
MUTHOOTFIN,Yes,2016-06-02,2016-11-29,27.48%,No,6,11,205.29966735839844,261.72210693359375,294.6681174001386,12.588164925213668,391.97747525301844,49.76857700158823
MUTHOOTFIN,Yes,2017-02-01,2017-07-31,48.84%,No,2,7,274.43939208984375,408.4733581542969,392.2006934670841,-3.983776264073006,344.5123567127046,-15.658549123155202
MUTHOOTFIN,Yes,2017-05-02,2017-10-30,26.19%,No,5,10,339.123779296875,427.9429016113281,343.7731338892228,-19.668457498694796,355.2271502685547,-16.9919283785238
MUTHOOTFIN,Yes,2018-06-21,2018-12-18,27.38%,No,6,12,335.1637268066406,426.9410705566406,546.5703735351562,28.020097205111792,553.7672093168218,29.70577147680516
MUTHOOTFIN,Yes,2018-07-02,2018-12-31,33.66%,No,7,12,340.67919921875,455.3567504882813,553.3316849109739,21.51608256990449,546.4124400745739,19.996560825913544
MUTHOOTFIN,Yes,2018-07-05,2019-01-01,25.23%,No,7,1,361.1526184082031,452.2680969238281,553.3316849109739,22.345946723756434,547.1060038975307,20.969400145346842
MUTHOOTFIN,Yes,2018-08-01,2019-01-28,27.04%,No,8,1,353.607421875,449.2235412597656,543.4975019182477,20.985979584709195,553.8981965717517,23.301239961388717
MUTHOOTFIN,Yes,2018-08-17,2019-02-14,30.00%,No,8,2,357.84332275390625,465.1963806152344,556.5881472856571,19.645846459414564,545.9573778836233,17.360624595053896
MUTHOOTFIN,Yes,2018-09-03,2019-03-05,40.87%,No,9,3,356.78436279296875,502.61322021484375,544.0342273712158,8.24112965804332,547.2063874545163,8.872263093400337
MUTHOOTFIN,Yes,2018-10-01,2019-04-01,44.17%,No,10,4,375.8899230957031,541.927490234375,560.3548776726974,3.4003418852866916,562.7230308532714,3.837328977332871
MUTHOOTFIN,Yes,2018-11-01,2019-04-30,42.52%,No,11,4,377.0812377929687,537.4074096679688,568.6199437191611,5.807983568830343,563.3646007337069,4.830076883713883
NATIONALUM,Yes,2016-01-14,2016-07-12,40.92%,No,1,7,20.33354377746582,28.653274536132812,26.834855501041854,-6.346286993473874,40.78312142690023,42.33319607317915
NATIONALUM,Yes,2016-02-01,2016-08-01,45.49%,No,2,8,19.143957138061523,27.85338592529297,26.779984446934293,-3.8537558099316986,40.84576004626704,46.64558253643417
NATIONALUM,Yes,2016-03-01,2016-08-29,46.49%,No,3,8,18.17569351196289,26.62497901916504,40.82197632660737,53.322097633290646,40.9398714485815,53.76489656240629
NATIONALUM,Yes,2016-03-08,2016-09-06,27.29%,No,3,9,21.523120880126953,27.39630126953125,40.80209360367213,48.932854848731374,41.51907547660496,51.54993029216075
NATIONALUM,Yes,2016-04-08,2016-10-05,26.03%,No,4,10,22.168439865112305,27.938013076782227,39.76161894687387,42.320854520315194,40.06453979992476,43.40511506603966
NATIONALUM,Yes,2016-05-04,2016-11-01,28.62%,No,5,11,24.88235664367676,32.00382995605469,39.83632770114475,24.47362629986808,41.361886932736354,29.24042837851427
NATIONALUM,Yes,2016-06-01,2016-11-28,39.22%,No,6,11,23.968189239501953,33.3687858581543,41.0386598049066,22.98517536525239,40.66506864022517,21.865592632247033
NATIONALUM,Yes,2016-06-06,2016-12-05,37.17%,No,6,12,23.796783447265625,32.64274597167969,39.65452732183994,21.48036613170829,41.007467352825664,25.625054302732597
NATIONALUM,Yes,2016-07-01,2016-12-28,43.69%,No,7,12,24.253870010375977,34.84992218017578,41.36856594601193,18.704901928143318,41.905590959028764,20.24586666901244
NATIONALUM,Yes,2016-07-04,2017-01-02,58.78%,No,7,1,24.453840255737305,38.828609466552734,41.83208565962942,7.735214405923816,40.306786630667894,3.806927892662426
NATIONALUM,Yes,2016-08-01,2017-01-30,61.51%,No,8,1,27.85338592529297,44.98543167114258,40.3065360048984,-10.400913123271453,40.3065360048984,-10.400913123271453
NATIONALUM,Yes,2016-08-05,2017-02-01,59.09%,No,8,2,28.167625427246097,44.811180114746094,40.3065360048984,-10.05250051061553,40.3065360048984,-10.05250051061553
NATIONALUM,Yes,2016-09-01,2017-02-28,50.58%,No,9,2,26.596406936645508,40.04834747314453,40.34988056529652,0.7529226826504958,42.24541371663411,5.486034710827657
NATIONALUM,Yes,2016-09-02,2017-03-01,55.09%,No,9,3,26.7963809967041,41.55852127075195,40.34988056529652,-2.9082861191840506,40.34988056529652,-2.9082861191840506
NATIONALUM,Yes,2016-10-03,2017-04-03,68.15%,No,10,4,26.892515182495117,45.21876525878906,40.34988056529652,-10.767398591331915,40.42400888296274,-10.603465946904375
NATIONALUM,Yes,2016-11-01,2017-05-02,28.84%,No,11,5,32.00382995605469,41.23419189453125,40.26488717397054,-2.350730488522713,42.28620172583538,2.551304592060303
NATIONALUM,Yes,2016-12-02,2017-05-31,29.42%,No,12,5,31.51011848449707,40.78139877319336,42.30138407813178,3.72715343431905,42.34976906000182,3.845798167765125
NATIONALUM,Yes,2017-05-02,2017-10-30,34.19%,No,5,10,41.23419189453125,55.331092834472656,46.10253071140598,-16.67879965912592,46.11364865770527,-16.658706171486802
NATIONALUM,Yes,2021-01-01,2021-06-30,83.23%,No,1,6,34.06913375854492,62.42497634887695,81.14465793810393,29.98748687481682,81.01760365412785,29.7839557060327
NATIONALUM,Yes,2021-04-01,2021-09-28,53.18%,No,4,9,46.80876541137695,71.70038604736328,81.07212448120117,13.070694525476029,81.07212448120117,13.070694525476029
NATIONALUM,Yes,2021-10-01,2022-03-30,28.00%,No,10,3,76.93693542480469,98.4815673828125,65.53527708311339,-33.45427086028392,65.61522185496794,-33.373093464372054
NATIONALUM,Yes,2023-11-01,2024-04-29,110.27%,No,11,4,83.16093444824219,174.86099243164062,179.16482883029514,2.4612901590027483,174.73665556360464,-0.07110612052861927
NATIONALUM,Yes,2023-12-04,2024-06-03,104.91%,No,12,6,88.82207489013672,182.00387573242188,171.6326544019911,-5.6983519107463,175.00127148628235,-3.8475028171568186
NATIONALUM,Yes,2024-02-01,2024-07-30,31.79%,No,2,7,134.72189331054688,177.5511474609375,184.30521046031606,3.804009771812093,184.25072070135587,3.77332015941622
NAUKRI,Yes,2016-05-02,2016-11-01,29.47%,No,5,11,145.01837158203125,187.7624664306641,163.90868355246153,-12.704233882127427,160.8458751096564,-14.335448310137805
NAUKRI,Yes,2016-12-09,2017-06-07,27.11%,No,12,6,166.00048828125,210.99969482421875,195.04844480572325,-7.559845066024522,233.92788845885033,10.866458197360322
NAUKRI,Yes,2017-02-09,2017-08-08,25.52%,No,2,8,161.15628051757812,202.2838134765625,241.60232950846355,19.43730215292618,239.92735290527344,18.609269215241724
NAUKRI,Yes,2017-03-20,2017-09-18,38.15%,No,3,9,161.2681884765625,222.79212951660156,239.84888634314905,7.65590636597263,241.08551560439074,8.210966037032302
NAUKRI,Yes,2017-04-03,2017-10-03,31.73%,No,4,10,159.20091247558594,209.71926879882812,235.15760882147427,12.129710430684227,233.57762030106556,11.376327811405547
NAUKRI,Yes,2017-05-02,2017-10-30,34.55%,No,5,10,164.170166015625,220.89682006835935,237.62233979823225,7.571643505188066,236.75253823362752,7.177884299267602
NAUKRI,Yes,2017-06-01,2017-11-28,39.90%,No,6,11,176.37013244628906,246.7388610839844,237.31354451179504,-3.8199562609560687,239.068582646987,-3.1086624957657563
NAUKRI,Yes,2017-06-05,2017-12-04,35.20%,No,6,12,183.62989807128903,248.2679443359375,239.068582646987,-3.705416627006266,239.068582646987,-3.705416627006266
NAUKRI,Yes,2017-07-03,2018-01-01,33.84%,No,7,1,200.9543609619141,268.95452880859375,238.9664161682129,-11.149882016570324,238.9664161682129,-11.149882016570324
NAUKRI,Yes,2017-08-01,2018-01-29,41.38%,No,8,1,191.4368133544922,270.658935546875,238.9664161682129,-11.70939334207694,239.82698495047433,-11.391440128922305
NAUKRI,Yes,2017-08-14,2018-02-12,28.96%,No,8,2,188.3751220703125,242.9226837158203,238.91425176252397,-1.6500854889227,241.19373085715554,-0.7117296879065276
NAUKRI,Yes,2017-09-01,2018-02-28,35.26%,No,9,2,184.8566131591797,250.0410919189453,238.80786461923637,-4.4925524894725575,232.6143293592665,-6.969559453582924
NAUKRI,Yes,2017-09-04,2018-03-05,33.48%,No,9,3,185.32318115234375,247.3692169189453,238.80786461923637,-3.4609610712048355,232.6143293592665,-5.96472258895233
NAUKRI,Yes,2018-10-01,2019-04-01,29.28%,No,10,4,278.0095520019531,359.39739990234375,435.05531506660657,21.05132513057155,506.3223984329789,40.88092973698695
NAUKRI,Yes,2018-11-01,2019-04-30,29.98%,No,11,4,291.16949462890625,378.4754333496094,503.95397454339104,33.1536818871605,506.2130382191051,33.7505670418245
NAUKRI,Yes,2018-11-02,2019-05-02,33.21%,No,11,5,287.12786865234375,382.4690856933594,506.6694971033045,32.47332034294701,506.2130382191051,32.35397504125501
NAUKRI,Yes,2018-12-31,2019-07-01,55.90%,No,12,7,281.794921875,439.3114013671875,506.3223984329789,15.25364396581684,506.5260267991286,15.299995680230804
NAUKRI,Yes,2019-01-01,2019-07-01,56.08%,No,1,7,281.47216796875,439.3114013671875,506.3223984329789,15.25364396581684,506.5260267991286,15.299995680230804
NAUKRI,Yes,2019-02-01,2019-07-31,29.85%,No,2,7,338.46099853515625,439.4876098632813,506.2130382191051,15.182550510714323,502.94474650065104,14.438890929623794
NAUKRI,Yes,2021-04-01,2021-09-28,58.72%,No,4,9,837.1945190429688,1328.7882080078125,909.5907329212536,-31.54735062821195,848.1706782322304,-36.16961129540339
NAUKRI,Yes,2023-12-01,2024-05-29,29.48%,No,12,5,907.7589111328124,1175.40771484375,1493.794140625,27.087318022544533,1491.1253777270047,26.8602680496464
NAUKRI,Yes,2024-03-01,2024-08-28,44.49%,No,3,8,1048.9677734375,1515.6903076171875,1506.9266687341637,-0.5781945585441561,1505.7357508341472,-0.6567671992763363
NAUKRI,Yes,2024-07-01,2024-12-30,26.00%,No,7,12,1377.121826171875,1735.189697265625,1400.4311987304689,-19.292328617596148,1348.4965209960938,-22.28535455684738
NESTLEIND,Yes,2016-01-25,2016-07-25,31.13%,No,1,7,242.07290649414065,317.4369201660156,281.1498286549638,-11.431276327931265,299.82299058702256,-5.54879677190076
NESTLEIND,Yes,2016-02-01,2016-08-01,28.21%,No,2,8,241.52330017089844,309.66192626953125,282.19933319091797,-8.868572707485423,304.2748277452257,-1.7396709337836342
NESTLEIND,Yes,2016-03-01,2016-08-29,34.53%,No,3,8,223.939697265625,301.260009765625,282.19933319091797,-6.32698531396049,302.410855663066,0.3820108411788009
NESTLEIND,Yes,2016-03-09,2016-09-06,26.86%,No,3,9,230.9230804443359,292.9492492675781,282.19933319091797,-3.6695489418514424,299.5441002478966,2.251192312937039
NESTLEIND,Yes,2017-10-19,2018-04-17,25.43%,No,10,4,325.43408203125,408.19329833984375,441.8730041503906,8.2509208131356,443.6415142680323,8.684173912790689
NESTLEIND,Yes,2017-11-01,2018-04-30,28.95%,No,11,4,330.0115966796875,425.5357971191406,437.6818917410714,2.8543061956618767,439.73047016942223,3.3357177342961384
NESTLEIND,Yes,2017-11-02,2018-05-02,26.78%,No,11,5,328.6654052734375,416.69134521484375,437.6818917410714,5.037432806626942,439.73047016942223,5.529062510933516
NESTLEIND,Yes,2017-12-04,2018-06-04,28.52%,No,12,6,347.4936828613281,446.5840148925781,442.5770489728009,-0.8972479502521025,497.60392867687136,11.424482758650829
NESTLEIND,Yes,2018-02-01,2018-07-31,44.69%,No,2,7,331.0820007324219,479.03717041015625,497.20368555972453,3.792297606887987,494.3757116144354,3.2019521973933913
NESTLEIND,Yes,2019-04-01,2019-09-30,30.05%,No,4,9,499.8039855957031,650.0044555664062,667.6054966517858,2.707833913237128,763.3881448599009,17.443524936255
NESTLEIND,Yes,2019-04-04,2019-10-01,27.56%,No,4,10,501.9423828125,640.2656860351562,667.6054966517858,4.270072754629601,763.2199845224056,19.2036370477143
NESTLEIND,Yes,2019-05-02,2019-10-29,41.54%,No,5,10,486.0091552734375,687.9152221679688,764.2716636657715,11.099687728549599,762.5271616133433,10.846095135129385
NESTLEIND,Yes,2019-05-06,2019-11-04,45.42%,No,5,11,476.6963806152344,693.2314453125,783.9072056361607,13.080156841815683,762.5271616133433,9.996043423795594
NESTLEIND,Yes,2019-06-03,2019-12-02,26.74%,No,6,12,537.5230712890625,681.26513671875,783.3122492251189,14.979059841205036,765.7085863196331,12.395093341719662
NESTLEIND,Yes,2019-07-01,2019-12-30,27.81%,No,7,12,545.9078979492188,697.731689453125,763.6385773303462,9.4458785337496,764.5504134114583,9.576564310946681
NHPC,Yes,2015-12-04,2016-06-01,29.93%,No,12,6,11.516090393066406,14.962970733642578,17.094484728436136,14.245259398931292,16.758963211722996,12.00291379333068
NHPC,Yes,2016-01-04,2016-07-04,25.53%,No,1,7,12.762675285339355,16.020641326904297,16.8826785863832,5.380791204851701,17.161886287185382,7.123590978624141
NHPC,Yes,2016-02-01,2016-08-01,26.17%,No,2,8,12.376827239990234,15.61623477935791,16.9713649343937,8.677700957897034,17.161886287185382,9.897722016004579
NHPC,Yes,2016-03-01,2016-08-29,33.25%,No,3,8,12.723188400268556,16.953882217407227,17.1965213677822,1.4311716175888383,20.393021392822266,20.285260516225236
NHPC,Yes,2016-03-08,2016-09-06,32.54%,No,3,9,13.003161430358888,17.233854293823242,20.56048247688695,19.30286821709987,20.393021392822266,18.331169830832884
NHPC,Yes,2016-04-28,2016-10-25,25.43%,No,4,10,13.127593040466309,16.46637725830078,21.081690004136828,28.028707671624886,20.393021392822266,23.846436122080494
NHPC,Yes,2016-05-02,2016-11-01,28.89%,No,5,11,13.09648609161377,16.879627227783203,20.424163737195602,20.99890276947723,20.393021392822266,20.814406133662445
NHPC,Yes,2016-08-01,2017-01-30,25.86%,No,8,1,15.61623477935791,19.653820037841797,20.77073574066162,5.6829445912768906,20.31544527193395,3.3663950968221354
NHPC,Yes,2016-08-05,2017-02-01,27.05%,No,8,2,15.522913932800291,19.721240997314453,20.77073574066162,5.321646561137219,20.31544527193395,3.0130166489036485
NHPC,Yes,2016-09-12,2017-03-14,26.52%,No,9,3,16.30743980407715,20.631452560424805,21.251150804407455,3.003657847976027,19.32281150817871,-6.342941915569855
NHPC,Yes,2016-10-03,2017-04-03,33.34%,No,10,4,16.30743980407715,21.743932723999023,21.27238953113556,-2.1686196275939396,19.328668837851666,-11.10776011315379
NHPC,Yes,2016-11-01,2017-05-02,27.22%,No,11,5,16.879627227783203,21.47423934936523,19.31080695121519,-10.07454728874478,19.333108763261276,-9.970693495913027
NHPC,Yes,2021-06-07,2021-12-06,28.36%,No,6,12,22.436752319335938,28.80040740966797,26.12194927318676,-9.300070302415513,25.501239153055046,-11.45528328708791
NHPC,Yes,2022-04-01,2022-09-28,33.14%,No,4,9,25.10932159423828,33.42937469482422,38.42511316247889,14.944157685450648,37.7982780456543,13.06905495754459
NHPC,Yes,2022-05-02,2022-10-31,29.19%,No,5,10,30.15823745727539,38.96282577514648,38.74480079202091,-0.5595717938523848,38.1008422088623,-2.2123230262062097
NHPC,Yes,2022-06-01,2022-11-28,30.15%,No,6,11,30.74427032470703,40.01464080810547,36.22711397806803,-9.465352564829782,38.07963233770326,-4.835751193373825
NHPC,Yes,2022-07-01,2022-12-28,30.38%,No,7,12,27.81410026550293,36.26469421386719,38.1363530312815,5.161104644579118,37.08489578845454,2.261708232669216
NHPC,Yes,2022-07-04,2023-01-02,28.45%,No,7,1,28.44521141052246,36.539085388183594,38.1363530312815,4.371394702765192,37.181454467773435,1.7580327278733068
NHPC,Yes,2023-02-01,2023-07-31,25.76%,No,2,7,38.7799072265625,48.77030563354492,48.960563818613686,0.3901107089595551,49.33596853562343,1.1598510502042791
NHPC,Yes,2023-09-01,2024-02-28,77.91%,No,9,2,48.017860412597656,85.4296646118164,92.20871778215681,7.935244977425258,80.9544692266555,-5.238455992418708
NHPC,Yes,2023-11-01,2024-04-29,91.58%,No,11,4,47.30118179321289,90.62043762207033,93.59048881530762,3.2774628672880626,77.04654092991606,-14.978846988980314
NHPC,Yes,2023-12-01,2024-05-29,82.91%,No,12,5,53.89468002319336,98.576416015625,77.09203037462737,-21.794650799225867,81.15118393531212,-17.676877274124948
NMDC,Yes,2016-01-07,2016-07-05,27.09%,No,1,7,10.792560577392578,13.716717720031738,20.433787199167107,48.96994759413789,17.13183542200037,24.89748474579479
NMDC,Yes,2016-02-01,2016-08-01,49.74%,No,2,8,9.848749160766602,14.747453689575195,20.560271703279934,39.41574007324229,16.934812770170325,14.83211357457151
NMDC,Yes,2016-03-01,2016-08-29,33.77%,No,3,8,11.644182205200195,15.576366424560549,20.574568571867765,32.088370362333904,18.422523758628152,18.272280302675927
NMDC,Yes,2016-03-11,2016-09-07,25.48%,No,3,9,13.149164199829102,16.49898338317871,20.574568571867765,24.702038265244,18.422523758628152,11.658538776459148
NMDC,Yes,2016-04-28,2016-10-25,28.91%,No,4,10,13.738341331481934,17.709917068481445,17.741271018981934,0.17704176919207198,18.350616878933376,3.6177459667058085
NMDC,Yes,2016-05-02,2016-11-01,41.82%,No,5,11,14.062701225280762,19.94438362121582,18.399313046382023,-7.746895588140562,18.350616878933376,-7.991055389583843
NMDC,Yes,2016-06-01,2016-11-28,41.69%,No,6,11,12.484156608581545,17.68829345703125,18.36214043112362,3.80956464641031,18.35888574637619,3.7911644273312985
NMDC,Yes,2016-06-06,2016-12-05,35.98%,No,6,12,13.003128051757812,17.681087493896484,18.36214043112362,3.8518724454151125,18.35888574637619,3.8334647272894276
NMDC,Yes,2016-07-01,2016-12-28,28.56%,No,7,12,13.579767227172852,17.457639694213867,20.139432430267334,15.361714315494298,18.354649634588334,5.138208578515745
NMDC,Yes,2016-07-04,2017-01-02,35.59%,No,7,1,13.630221366882324,18.48116874694824,20.139432430267334,8.972720859945188,20.15081158090145,9.034292456362735
NMDC,Yes,2016-08-01,2017-01-30,42.42%,No,8,1,14.747453689575195,21.003950119018555,18.34709072113037,-12.649332067697417,18.718893391745432,-10.879176127942051
NMDC,Yes,2016-08-05,2017-02-01,45.51%,No,8,2,14.776287078857422,21.501296997070312,18.34709072113037,-14.669841900094315,18.718893391745432,-12.940631468436534
NMDC,Yes,2016-09-01,2017-02-28,41.15%,No,9,2,15.345708847045898,21.65987205505371,18.351563802579555,-15.27390486917607,19.57366081763958,-9.631687722399874
NMDC,Yes,2016-09-02,2017-03-01,39.64%,No,9,3,15.51149845123291,21.65987205505371,19.207521226671005,-11.322092864396767,19.57366081763958,-9.631687722399874
NMDC,Yes,2016-10-03,2017-04-03,28.37%,No,10,4,15.619614601135254,20.050945281982425,19.327294622148788,-3.6090600700202535,18.70726964245104,-6.701308195872442
NMDC,Yes,2018-12-27,2019-06-25,28.31%,No,12,6,14.644243240356444,18.790607452392575,19.207214307785033,2.217101583586182,13.344138884544373,-28.985058528029185
NMDC,Yes,2018-12-31,2019-07-01,26.64%,No,12,7,15.36614227294922,19.459585189819336,18.178341123792862,-6.584128353860195,13.344138884544373,-31.426396018319952
NMDC,Yes,2021-01-01,2021-06-30,71.19%,No,1,6,21.0699462890625,36.06964492797851,28.628331343332928,-20.630404317824325,28.457033762856135,-21.10531218237034
NMDC,Yes,2021-10-01,2022-03-30,26.57%,No,10,3,28.144512176513672,35.62300491333008,28.110177825478946,-21.089818520727437,34.72555380601149,-2.5193020900456466
NMDC,Yes,2021-11-01,2022-05-02,25.74%,No,11,5,28.53636360168457,35.880332946777344,27.90231408570942,-22.23507477732166,34.20138577052525,-4.679296534796766
NMDC,Yes,2023-05-02,2023-10-30,45.27%,No,5,10,33.037315368652344,47.99392318725586,74.64141845703125,55.5226443268786,70.34336706308218,46.56723683251825
NMDC,Yes,2023-11-01,2024-04-29,70.06%,No,11,4,47.30126190185547,80.43978118896484,71.44688341094226,-11.179664644906161,71.44688341094226,-11.179664644906161
NMDC,Yes,2023-12-01,2024-05-29,45.36%,No,12,5,56.044219970703125,81.46539306640625,73.06167093912761,-10.315695795426132,70.2495105049827,-13.767665187941786
NTPC,Yes,2016-02-03,2016-08-01,25.50%,No,2,8,73.95242309570312,92.80801391601562,93.98660608927409,1.2699250027319884,95.71376440660009,3.1309262723949205
NTPC,Yes,2016-03-01,2016-08-29,29.87%,No,3,8,71.52738952636719,92.89535522460938,95.82296464249895,3.1515132385370355,94.63029466108843,1.8676277541370996
NTPC,Yes,2016-03-08,2016-09-06,28.22%,No,3,9,74.26388549804688,95.22430419921876,95.84248753597862,0.64918650963997,94.62765315793595,-0.626574325011142
NTPC,Yes,2021-01-05,2021-07-05,25.28%,No,1,7,79.49878692626953,99.59644317626952,118.81183319091797,19.293249238469624,117.41589539139359,17.8916552106048
NTPC,Yes,2021-04-01,2021-09-28,25.71%,No,4,9,90.61094665527344,113.90443420410156,118.42064531114366,3.9649124624504504,117.81388054519404,3.432216110294064
NTPC,Yes,2021-04-05,2021-10-04,40.75%,No,4,10,89.2673110961914,125.6445083618164,118.36731459877707,-5.79189162974264,117.76465861002605,-6.271543304621709
NTPC,Yes,2021-05-03,2021-11-01,32.43%,No,5,11,87.54579162597656,115.9330596923828,118.36269573832668,2.095723215095578,119.03645651681083,2.6768868454456354
NTPC,Yes,2021-08-10,2022-02-07,25.04%,No,8,2,96.0274429321289,120.06942749023438,140.12853336334229,16.70625594907528,151.29747905428448,26.00832886172459
NTPC,Yes,2021-12-03,2022-06-01,27.07%,No,12,6,109.63141632080078,139.30361938476562,153.86953680855888,10.456237596785797,151.84712829589844,9.004438625881523
NTPC,Yes,2022-06-20,2022-12-19,27.57%,No,6,12,121.93509674072266,155.55752563476562,160.79308686433015,3.3656753077039343,155.81059036254882,0.16268240752129828
NTPC,Yes,2023-02-01,2023-07-31,31.80%,No,2,7,153.927734375,202.8726043701172,223.7650617811415,10.298313799387364,349.44559151785717,72.24878272885718
NTPC,Yes,2023-05-02,2023-10-30,35.47%,No,5,10,163.1528778076172,221.0207061767578,347.84159389761993,57.379640991391604,353.9973644500083,60.164796581051796
NTPC,Yes,2023-06-01,2023-11-28,51.19%,No,6,11,162.0379180908203,244.9853973388672,350.1770384253525,42.93792292484389,347.2362461090088,41.73752798364011
NTPC,Yes,2023-07-03,2024-01-01,65.81%,No,7,1,177.69351196289062,294.6388244628906,349.35690802496833,18.57124011468128,349.59813868745846,18.65311346009999
NTPC,Yes,2023-08-01,2024-01-29,47.58%,No,8,1,209.1905975341797,308.7168273925781,346.2735804966518,12.165437634636875,352.74349915747547,14.261183018997231
NTPC,Yes,2023-09-01,2024-02-28,47.29%,No,9,2,217.3464508056641,320.13555908203125,346.45256661080026,8.220582432089515,352.74349915747547,10.185666399866811
NTPC,Yes,2023-09-04,2024-03-04,52.99%,No,9,3,222.1512451171875,339.8738708496094,346.6965975374789,2.007429012066808,352.74349915747547,3.786589500303414
NTPC,Yes,2023-10-03,2024-04-01,44.71%,No,10,4,227.2386779785156,328.828125,346.56320511667354,5.393419470026642,352.65043244538487,7.244607633664202
NTPC,Yes,2023-11-01,2024-04-29,59.11%,No,11,4,219.13650512695312,348.6625061035156,353.3559373643663,1.3461244552223874,353.2374479232296,1.31214046237472
NTPC,Yes,2023-11-03,2024-05-02,59.02%,No,11,5,222.91720581054688,354.4734802246094,353.43463063794513,-0.29306835196979547,353.2898951212565,-0.33389947891247007
NTPC,Yes,2023-12-01,2024-05-29,36.89%,No,12,5,255.8292694091797,350.1993103027344,394.69132636575137,12.70476975655814,353.4277648925781,0.921890619102839
NYKAA,Yes,2023-05-22,2023-11-20,36.03%,No,5,11,126.8499984741211,172.5500030517578,175.79127697234458,1.8784548613508378,174.41597260369196,1.0814080086538331
NYKAA,Yes,2023-06-01,2023-11-28,34.21%,No,6,11,126.1500015258789,169.3000030517578,174.593871331984,3.12691564370956,174.5077144077846,3.076025553546325
NYKAA,Yes,2023-06-05,2023-12-04,26.13%,No,6,12,137.60000610351562,173.5500030517578,174.59431062895675,0.6017329638925398,174.3817392985026,0.4792487652660735
NYKAA,Yes,2023-07-10,2024-01-08,26.86%,No,7,1,139.4499969482422,176.89999389648438,175.15048850454934,-0.9889799051993071,174.53661049018473,-1.335999710481966
NYKAA,Yes,2023-10-27,2024-04-24,25.86%,No,10,4,140.0,176.1999969482422,174.37040835010762,-1.0383590407620695,167.79787768739644,-4.768512716441096
NYKAA,Yes,2023-11-01,2024-04-29,26.55%,No,11,4,139.5500030517578,176.60000610351562,174.26489355209026,-1.322260742197609,167.79787768739644,-4.9842175039109256
NYKAA,Yes,2023-11-03,2024-05-02,25.94%,No,11,5,140.35000610351562,176.75,168.18666553497314,-4.844885128728065,167.79787768739644,-5.064849964697914
NYKAA,Yes,2024-02-09,2024-08-07,28.05%,No,2,8,150.14999389648438,192.2599945068359,169.4406115473533,-11.869022995666027,169.4406115473533,-11.869022995666027
NYKAA,Yes,2024-03-01,2024-08-28,38.09%,No,3,8,157.25,217.1499938964844,167.93644341362847,-22.6633902215609,170.09072737260297,-21.671318372826953
NYKAA,Yes,2024-03-04,2024-09-02,31.92%,No,3,9,158.75,209.42999267578125,167.93644341362847,-19.812610759333303,170.5057629084183,-18.585795315201864
NYKAA,Yes,2024-12-23,2025-06-23,27.17%,No,12,6,160.0500030517578,203.52999877929688,216.19646857766543,6.223392067183066,216.19646857766543,6.223392067183066
NYKAA,Yes,2025-01-01,2025-06-30,26.54%,No,1,6,164.67999267578125,208.38999938964844,216.19646857766543,3.7460862857532926,216.19646857766543,3.7460862857532926
NYKAA,Yes,2025-01-02,2025-07-01,25.24%,No,1,7,165.32000732421875,207.0500030517578,216.19646857766543,4.41751528186223,216.19646857766543,4.41751528186223
NYKAA,Yes,2025-04-01,2025-09-29,28.65%,No,4,9,179.8300018310547,231.3500061035156,256.999998304579,11.087093807806736,256.999998304579,11.087093807806736
NYKAA,Yes,2025-04-04,2025-10-01,36.47%,No,4,10,176.77999877929688,241.2599945068359,256.999998304579,6.52408362601413,256.999998304579,6.52408362601413
NYKAA,Yes,2025-05-02,2025-10-29,32.58%,No,5,10,194.6499938964844,258.05999755859375,269.5399983723958,4.4485782075524805,269.5399983723958,4.4485782075524805
OBEROIRLTY,Yes,2016-01-20,2016-07-18,27.82%,No,1,7,228.02017211914065,291.45123291015625,295.5115697951544,1.3931445217971694,290.01367590562353,-0.49324100988650377
OBEROIRLTY,Yes,2016-02-08,2016-08-08,29.78%,No,2,8,228.64422607421875,296.72747802734375,287.70413990509815,-3.0409513073184598,363.8961798485289,22.636495368654565
OBEROIRLTY,Yes,2016-03-01,2016-08-29,34.27%,No,3,8,221.2515563964844,297.0663757324219,290.2120500837054,-2.3073380929824348,363.2136661924165,22.26683861372982
OBEROIRLTY,Yes,2016-03-08,2016-09-06,26.63%,No,3,9,232.29258728027344,294.1619873046875,289.61504720052085,-1.5457266065642314,361.82047890717126,23.00041967434914
OBEROIRLTY,Yes,2016-04-07,2016-10-04,28.97%,No,4,10,229.0561981201172,295.4204406738281,363.2028673957376,22.944392936150155,361.82047890717126,22.47645358658679
OBEROIRLTY,Yes,2016-05-02,2016-11-01,30.50%,No,5,11,264.73126220703125,345.4720764160156,363.95774536132814,5.350843152675578,375.91979420979817,8.813365789111582
OBEROIRLTY,Yes,2016-09-20,2017-03-20,26.76%,No,9,3,278.9625549316406,353.60430908203125,372.883785166639,5.452274078519545,365.3961892378958,3.3347670978548463
OBEROIRLTY,Yes,2016-10-03,2017-04-03,26.30%,No,10,4,283.46429443359375,358.00927734375,373.1190677989613,4.220502487342892,365.7475331624349,2.1614679586235503
OBEROIRLTY,Yes,2016-11-09,2017-05-08,31.53%,No,11,5,291.6932373046875,383.6642456054687,365.34095546177457,-4.775865969678188,366.99019713320973,-4.346000093374688
OBEROIRLTY,Yes,2016-12-01,2017-05-30,29.35%,No,12,5,277.55877685546875,359.02569580078125,365.56825439453127,1.8223092860128867,366.6316947189032,2.1185110166438927
OBEROIRLTY,Yes,2016-12-05,2017-06-05,36.54%,No,12,6,274.3156433105469,374.56402587890625,365.3977842939661,-2.4471761705977455,460.58178771972655,22.9647686103815
OBEROIRLTY,Yes,2017-06-01,2017-11-28,30.61%,No,6,11,364.88275146484375,476.5735778808594,468.14521942138674,-1.7685324681553525,469.28078951154436,-1.530254447118798
OBEROIRLTY,Yes,2017-06-19,2017-12-18,25.14%,No,6,12,365.1248779296875,456.9231567382813,463.97547685339094,1.5434367926222439,468.9744379679362,2.6374853302866565
OBEROIRLTY,Yes,2017-07-03,2018-01-01,31.12%,No,7,1,356.2666015625,467.1373901367187,468.76142492959667,0.3476567766075558,469.15285655430387,0.4314504597877083
OBEROIRLTY,Yes,2017-08-01,2018-01-29,37.67%,No,8,1,374.56402587890625,515.6799926757812,469.2459440685454,-9.004430900314164,450.57051748599645,-12.625945569837238
OBEROIRLTY,Yes,2017-08-08,2018-02-05,25.24%,No,8,2,364.2535400390625,456.1935119628906,469.05891604539823,2.820163756198741,450.2092759874132,-1.3117757746550787
OBEROIRLTY,Yes,2017-09-01,2018-02-28,33.76%,No,9,2,377.565185546875,505.0279541015625,493.0526435852051,-2.3712173591779324,469.676787109375,-6.999843613622674
OBEROIRLTY,Yes,2018-12-31,2019-07-01,40.25%,No,12,7,430.5417785644531,603.842529296875,507.2149904852044,-16.002108848508144,499.21244851136817,-17.327378531508863
OBEROIRLTY,Yes,2021-04-01,2021-09-28,53.17%,No,4,9,567.4312744140625,869.110595703125,885.5024007161459,1.8860436282864121,875.8783370037468,0.7786973641883342
OBEROIRLTY,Yes,2021-07-01,2021-12-28,36.08%,No,7,12,622.9147338867188,847.6915283203125,906.8901062011719,6.983504718769624,905.553535970052,6.825832949444736
OBEROIRLTY,Yes,2023-02-01,2023-07-31,36.25%,No,2,7,811.7337646484375,1106.0174560546875,1124.2565956115723,1.6490824314786334,1100.8056169476426,-0.47122575493846014
OBEROIRLTY,Yes,2023-11-01,2024-04-29,27.42%,No,11,4,1150.621337890625,1466.0797119140625,1748.0839821555398,19.235261763038956,1748.2342718716325,19.245512891601155
OBEROIRLTY,Yes,2024-05-02,2024-10-29,30.21%,No,5,10,1515.68212890625,1973.5057373046875,1605.1212820870535,-18.66650034272282,1606.6419034390835,-18.58944856003549
OFSS,Yes,2016-11-09,2017-05-08,25.69%,No,11,5,2093.166259765625,2630.825927734375,2541.230129665799,-3.4056148346437594,2545.694209346065,-3.2359312522673926
OFSS,Yes,2016-12-05,2017-06-05,27.15%,No,12,6,2023.70703125,2573.227294921875,2542.0332270603553,-1.2122546625818666,2545.683165258291,-1.0704118411125552
OFSS,Yes,2021-01-15,2021-07-14,29.84%,No,1,7,2626.872802734375,3410.71923828125,3870.70565359933,13.486493117207715,2825.3697509765625,-17.162054288574637
OFSS,Yes,2021-02-01,2021-08-02,39.45%,No,2,8,2525.328369140625,3521.69091796875,2922.8422564338234,-17.004577502228162,2823.5736435712392,-19.823354481096047
OFSS,Yes,2021-03-01,2021-08-30,58.07%,No,3,8,2450.403564453125,3873.425048828125,2895.5838039232335,-25.24487327309276,2823.218838778409,-27.113115571126073
OFSS,Yes,2021-03-05,2021-09-01,53.55%,No,3,9,2490.275146484375,3823.833984375,2894.447713216146,-24.305089471889318,2823.218838778409,-26.167850112879314
OFSS,Yes,2021-04-01,2021-09-28,50.83%,No,4,9,2494.199951171875,3762.000732421875,2831.3452962239585,-24.738310872118983,2792.7821536847014,-25.763380915484746
OFSS,Yes,2021-04-05,2021-10-04,52.90%,No,4,10,2484.096435546875,3798.156005859375,2831.3452962239585,-25.45473930359701,2904.2975964902053,-23.534009871901624
OFSS,Yes,2021-05-03,2021-11-01,33.96%,No,5,11,2704.789794921875,3623.254638671875,2872.0576055617557,-20.73265911516158,2810.6251908735794,-22.42816276628489
OFSS,Yes,2023-02-01,2023-07-31,36.73%,No,2,7,2628.963623046875,3594.6015625,3768.748201331314,4.844671538789322,3800.927173511402,5.739874292713132
OFSS,Yes,2023-07-17,2024-01-15,28.33%,No,7,1,3654.820068359375,4690.32568359375,7173.251703789893,52.937177238696854,10482.102795210041,123.48347433260976
OFSS,Yes,2023-08-01,2024-01-29,71.36%,No,8,1,3579.801513671875,6134.2255859375,7317.886012300532,19.296004194507162,10709.157278878349,74.58042794234241
OFSS,Yes,2023-08-07,2024-02-05,67.40%,No,8,2,3656.207763671875,6120.44287109375,7256.598570478724,18.563292286427917,7305.510513630319,19.362449213169313
OFSS,Yes,2023-09-01,2024-02-28,84.93%,No,9,2,3826.08642578125,7075.75048828125,10472.871964164402,48.010758456073496,10401.785481770834,47.00610909045072
OFSS,Yes,2023-09-04,2024-03-04,87.94%,No,9,3,3829.647705078125,7197.34326171875,10574.193515625,46.91801031454274,10401.785481770834,44.522570391992836
OFSS,Yes,2023-10-03,2024-04-01,118.97%,No,10,4,3780.66796875,8278.5458984375,10414.523879278273,25.80136665358006,10401.785481770834,25.647494250579395
OFSS,Yes,2023-11-01,2024-04-29,90.28%,No,11,4,3622.3984375,6892.87548828125,10481.073082748724,52.0566141165303,10481.073082748724,52.0566141165303
OFSS,Yes,2023-12-01,2024-05-29,92.68%,No,12,5,3740.1064453125,7206.56689453125,10481.073082748724,45.43781021032851,10481.073082748724,45.43781021032851
OFSS,Yes,2024-05-02,2024-10-29,46.08%,No,5,10,7178.33447265625,10486.4423828125,8794.630249023438,-16.133327891659217,8371.378602723818,-20.169507473338292
OFSS,Yes,2024-06-03,2024-12-02,62.18%,No,6,12,7216.48974609375,11704.02734375,8372.663532125538,-28.4633973740964,8345.212942569813,-28.697937065003593
OFSS,Yes,2024-07-01,2024-12-30,26.99%,No,7,12,9726.7998046875,12351.845703125,8328.620424332157,-32.571855053006146,8321.351019355689,-32.63070783623537
OIL,Yes,2016-03-01,2016-08-29,27.47%,No,3,8,60.64606094360352,77.30384826660156,93.90850780321205,21.479732133573975,93.08149416693325,20.409910055083614
OIL,Yes,2016-03-09,2016-09-06,25.12%,No,3,9,62.31584930419922,77.9677505493164,92.56118286980524,18.717267354350753,93.08149416693325,19.38460903531782
OIL,Yes,2016-04-01,2016-09-28,29.84%,No,4,9,63.63359832763672,82.62124633789062,93.30964592524937,12.936623521324172,93.91630295575675,13.670886265348118
OIL,Yes,2016-04-04,2016-10-03,34.52%,No,4,10,63.3217658996582,85.17749786376953,93.08149416693325,9.279441755620892,93.95613098144531,10.306281985080235
OIL,Yes,2016-05-02,2016-11-01,27.23%,No,5,11,67.4560317993164,85.82426452636719,93.08149416693325,8.455918242487797,91.8183109343998,6.984092949833677
OIL,Yes,2016-06-06,2016-12-05,27.67%,No,6,12,70.2323226928711,89.66375732421875,93.08149416693325,3.811726102840162,91.84428565732894,2.431894890625127
OIL,Yes,2016-07-07,2017-01-03,27.02%,No,7,1,74.10507202148438,94.1294937133789,93.96177257191052,-0.17818128500626612,93.03403412668328,-1.1637793251403885
OIL,Yes,2016-08-08,2017-02-06,26.54%,No,8,2,75.22162628173828,95.18688201904295,92.01885375976562,-3.328219384939559,93.43469841249528,-1.8407826471268756
OIL,Yes,2017-06-01,2017-11-28,25.00%,No,6,11,85.29469299316406,106.62156677246094,102.85068489523495,-3.5366971161410112,92.7833199934526,-12.978843959909428
OIL,Yes,2017-08-01,2018-01-29,29.97%,No,8,1,80.5514144897461,104.6931610107422,92.50186194443121,-11.644790307802515,92.98668334960938,-11.18170236538341
OIL,Yes,2017-09-01,2018-02-28,25.11%,No,9,2,83.0989990234375,103.96929168701172,92.48762130737305,-11.043328461064249,92.98668334960938,-10.563319379403191
OIL,Yes,2021-01-01,2021-06-30,48.81%,No,1,6,56.22913360595703,83.67359161376953,124.98688619277057,49.37435310497945,129.48300683320457,54.74775772849283
OIL,Yes,2021-01-04,2021-07-05,57.76%,No,1,7,58.11722183227539,91.68434143066406,124.98688619277057,36.323045181375306,129.48300683320457,41.22695851082227
OIL,Yes,2021-02-01,2021-08-02,51.91%,No,2,8,57.98789596557617,88.09149169921875,120.89006504868016,37.232396360649076,123.00714721679688,39.63567291696547
OIL,Yes,2021-09-02,2022-03-02,43.57%,No,9,3,95.41026306152344,136.9821014404297,107.83487675107759,-21.278126399621303,107.83487675107759,-21.278126399621303
OIL,Yes,2021-12-06,2022-06-06,33.27%,No,12,6,117.2446060180664,156.25482177734375,107.83487675107759,-30.9878085524058,107.83487675107759,-30.9878085524058
OIL,Yes,2022-10-03,2023-04-03,53.24%,No,10,4,103.64422607421876,158.81988525390625,154.67711130777994,-2.608473075964786,160.12419913578958,0.8212535097844438
OIL,Yes,2022-10-31,2023-05-02,42.27%,No,10,5,111.00630950927734,157.93228149414062,155.3471794128418,-1.6368421052631577,160.5596176857172,1.6635840163393387
OIL,Yes,2022-11-01,2023-05-02,42.61%,No,11,5,110.74748229980467,157.93228149414062,155.3471794128418,-1.6368421052631577,160.5596176857172,1.6635840163393387
OIL,Yes,2022-12-01,2023-05-30,28.89%,No,12,5,121.88711547851562,157.10592651367188,158.94139500668174,1.1682999704343688,162.05193837483725,3.148201962155104
OIL,Yes,2023-02-01,2023-07-31,27.65%,No,2,7,132.20852661132812,168.76718139648438,176.9511514391218,4.849266293907481,185.36058352855926,9.832126124742253
OIL,Yes,2023-11-01,2024-04-29,111.45%,No,11,4,188.26072692871097,398.0864562988281,456.9142157236735,14.777633977249824,396.94356548602764,-0.28709613068136225
ONGC,Yes,2016-04-04,2016-10-03,27.25%,No,4,10,83.12556457519531,105.78043365478516,121.3998276994035,14.765863123223996,121.35739958913703,14.725753521853921
ONGC,Yes,2016-05-02,2016-11-01,34.60%,No,5,11,87.31593322753906,117.52703857421876,121.3998276994035,3.2952324606895096,121.30604095458985,3.2154323177169384
ONGC,Yes,2016-06-01,2016-11-28,38.91%,No,6,11,84.46887969970703,117.33828735351562,121.35739958913703,3.4252351268027845,121.3651685492937,3.431856120113571
ONGC,Yes,2016-06-06,2016-12-05,44.39%,No,6,12,84.5290298461914,122.0483169555664,121.38553009033203,-0.5430528513356547,121.39036540985107,-0.5390910437174421
ONGC,Yes,2016-07-01,2016-12-28,30.44%,No,7,12,90.2230987548828,117.68946075439452,102.6508832989317,-12.778185369416162,117.18974097999367,-0.4246087722703624
ONGC,Yes,2016-07-04,2017-01-02,28.04%,No,7,1,93.05007934570312,119.1458740234375,102.6508832989317,-13.844365874777187,117.10540771484375,-1.7125782368194846
ONGC,Yes,2016-08-01,2017-01-30,42.58%,No,8,1,87.73695373535156,125.0954132080078,99.82967676435199,-20.19717253872779,122.02836112976074,-2.4517702125074607
ONGC,Yes,2016-08-05,2017-02-01,36.94%,No,8,2,90.60403442382812,124.07283782958984,99.82967676435199,-19.5394588286399,122.06029473281488,-1.622065821964294
ONGC,Yes,2016-09-01,2017-02-28,26.16%,No,9,2,96.16770935058594,121.32327270507812,102.6508832989317,-15.390608075283868,118.35842486125667,-2.4437585450143917
ONGC,Yes,2016-09-02,2017-03-01,25.22%,No,9,3,97.04158020019533,121.5113525390625,102.6508832989317,-15.521569669029637,118.35842486125667,-2.5947597585931375
ONGC,Yes,2018-11-28,2019-05-27,26.88%,No,11,5,93.25550842285156,118.31849670410156,86.0831975397074,-27.24451380159964,85.57980285152313,-27.669971107267738
ONGC,Yes,2018-12-03,2019-06-03,26.04%,No,12,6,93.05958557128906,117.29647064208984,86.57635985827837,-26.190140773756653,84.52107014375575,-27.942358639538806
ONGC,Yes,2021-01-01,2021-06-30,28.45%,No,1,6,68.64208984375,88.17369079589844,86.67854860093858,-1.6956783610439534,131.8194259332151,49.49972576099413
ONGC,Yes,2021-01-04,2021-07-05,26.90%,No,1,7,71.40399169921875,90.60840606689452,86.54873455272002,-4.48045792923155,131.8194259332151,45.48255692291423
ONGC,Yes,2021-02-01,2021-08-02,31.11%,No,2,8,66.91132354736328,87.72421264648438,132.00330123901367,50.47533315684175,131.8194259332151,50.26572705123945
ONGC,Yes,2021-03-25,2021-09-21,34.63%,No,3,9,76.4122085571289,102.8702392578125,132.03307130601672,28.349143793781394,109.34573944091797,6.294823682558592
ONGC,Yes,2021-04-01,2021-09-28,38.41%,No,4,9,78.17269897460938,108.19634246826172,130.0157483782087,20.166491225290255,109.36919652199259,1.0840052694710247
ONGC,Yes,2022-10-03,2023-04-03,25.09%,No,10,4,108.07888793945312,135.19342041015625,140.5833430434718,3.9868231878173948,139.93036582253197,3.5038283653187756
ONGC,Yes,2022-10-31,2023-05-02,32.07%,No,10,5,109.42578887939452,144.5201416015625,159.07000160217285,10.067703947262839,142.04447493119673,-1.7130253561410864
ONGC,Yes,2023-02-01,2023-07-31,26.00%,No,2,7,123.63971710205078,155.78260803222656,157.25484899572425,0.9450611862866758,253.55736181471082,62.76358767999166
ONGC,Yes,2023-11-01,2024-04-29,58.51%,No,11,4,164.73680114746094,261.13104248046875,251.83433632228684,-3.5601688982945223,248.78995526026165,-4.726013078713209
ONGC,Yes,2023-12-01,2024-05-29,41.78%,No,12,5,176.80162048339844,250.66549682617188,243.42875785827636,-2.8870104021192655,238.75838623046874,-4.750199268134741
PAGEIND,Yes,2016-02-11,2016-08-09,32.84%,No,2,8,9655.6923828125,12826.6064453125,13130.719566761363,2.370955425704215,13080.33083034206,1.978110002137657
PAGEIND,Yes,2016-03-01,2016-08-29,47.18%,No,3,8,9051.7607421875,13322.8251953125,13136.38734654018,-1.3993867369656467,13089.979822716346,-1.7477176888733614
PAGEIND,Yes,2016-03-08,2016-09-06,43.32%,No,3,9,9709.7607421875,13916.1494140625,13134.857047526042,-5.614285556225409,13235.181382921008,-4.893365333181626
PAGEIND,Yes,2016-04-01,2016-09-28,26.71%,No,4,9,11005.8642578125,13946.0185546875,13139.15029296875,-5.78565314935385,13024.393644634047,-6.608516304774878
PAGEIND,Yes,2016-04-04,2016-10-03,28.75%,No,4,10,10945.09375,14091.3603515625,13018.665999073093,-7.61242581075902,13024.393644634047,-7.571779305254543
PAGEIND,Yes,2016-05-02,2016-11-01,27.58%,No,5,11,11656.072265625,14870.3525390625,13089.394668579102,-11.976567911251946,13170.497588734568,-11.431167794190703
PAGEIND,Yes,2016-12-20,2017-06-19,25.40%,No,12,6,12199.9697265625,15299.13671875,20378.753013392856,33.201979876534374,20197.26191907051,32.015696639389915
PAGEIND,Yes,2017-01-02,2017-07-03,25.63%,No,1,7,12697.634765625,15951.9423828125,20383.358295641447,27.779788858838895,20789.640580610794,30.326703054110176
PAGEIND,Yes,2017-05-02,2017-10-30,35.83%,No,5,10,13499.5908203125,18336.78125,20826.020559210527,13.575115911962612,21389.607302295917,16.64864738622498
PAGEIND,Yes,2017-06-01,2017-11-28,62.06%,No,6,11,13043.6298828125,21138.234375,20085.39081554878,-4.98075449809757,22779.792524857956,7.76582433866573
PAGEIND,Yes,2017-06-05,2017-12-04,49.45%,No,6,12,13240.41796875,19787.8671875,22728.449361661584,14.860531184579356,22790.868836805555,15.175974352620237
PAGEIND,Yes,2017-07-03,2018-01-01,44.93%,No,7,1,15951.9423828125,23119.330078125,21518.808258928573,-6.922872824549555,22759.851371017157,-1.554883752656715
PAGEIND,Yes,2017-08-01,2018-01-29,28.06%,No,8,1,15663.3662109375,20059.287109375,26182.432514391447,30.525239364836175,21530.34198467548,7.333535171411758
PAGEIND,Yes,2017-08-14,2018-02-12,32.45%,No,8,2,15278.689453125,20236.71875,26521.36123046875,31.055639790757823,22247.402056525734,9.935816825668608
PAGEIND,Yes,2017-10-09,2018-04-09,32.94%,No,10,4,17260.439453125,22945.6875,22320.17270611702,-2.7260669085769584,22461.380809928796,-2.1106654140182277
PAGEIND,Yes,2018-02-01,2018-07-31,36.84%,No,2,7,19526.30859375,26719.9609375,22402.672114158162,-16.157541672460905,22367.76619318182,-16.288177795238145
PAGEIND,Yes,2021-07-01,2021-12-28,35.19%,No,7,12,28120.462890625,38016.5,39420.83145960366,3.694005128309176,39494.74928977273,3.8884413077814317
PAGEIND,Yes,2021-09-01,2022-02-28,32.41%,No,9,2,30528.646484375,40422.13671875,47921.70161290323,18.553113474267477,38647.7249599359,-4.38970302624065
PAGEIND,Yes,2021-09-02,2022-03-02,30.58%,No,9,3,30472.8359375,39792.36328125,47921.70161290323,20.429393133038012,39810.14304315476,0.04468134194266628
PAGEIND,Yes,2021-10-01,2022-03-30,30.75%,No,10,3,30692.94140625,40131.80859375,47921.70161290323,19.410769890810254,47479.3515625,18.308526892292324
PATANJALI,Yes,2016-08-16,2017-02-13,35.73%,No,8,2,726.270263671875,985.7689208984376,770.5992510395665,-21.82759724893373,792.7859985351563,-19.57689254266559
PATANJALI,Yes,2016-09-01,2017-02-28,35.40%,No,9,2,631.6102905273438,855.2035522460938,771.4400545008042,-9.794568500714755,792.7859985351563,-7.298561090749089
PATANJALI,Yes,2016-09-02,2017-03-01,34.56%,No,9,3,665.8837280273438,896.0051879882812,771.4400545008042,-13.902278151664701,792.7859985351563,-11.51993212057997
PATANJALI,Yes,2016-11-15,2017-05-15,27.76%,No,11,5,664.2515869140625,848.6752319335938,743.7778264825994,-12.36013512636625,737.9914051402699,-13.041953226459253
PATANJALI,Yes,2017-01-13,2017-07-12,27.05%,No,1,7,657.7233276367188,835.61865234375,549.8745463603252,-34.195515523973455,543.4786071777344,-34.96092916866071
PATANJALI,Yes,2018-10-23,2019-04-22,25.66%,No,10,4,184.42364501953125,231.7536468505859,113.30090855977622,-51.11148838455063,110.18849397041429,-52.45447246771741
PATANJALI,Yes,2018-11-01,2019-04-30,34.23%,No,11,4,181.15951538085935,243.17808532714844,110.8126147775089,-54.43149631331613,110.22810549349398,-54.67185896080904
PATANJALI,Yes,2021-01-01,2021-06-30,72.50%,No,1,6,219.62738037109375,378.8518981933594,342.28361172146265,-9.65239626521098,344.2348582874645,-9.137354219676357
PATANJALI,Yes,2021-02-01,2021-08-02,81.45%,No,2,8,198.39419555664065,359.9852294921875,276.3514108657837,-23.2325694985824,343.8572998046875,-4.48016428625442
PATANJALI,Yes,2021-03-01,2021-08-30,43.90%,No,3,8,239.45701599121097,344.5785217285156,343.40506842197516,-0.34054743187533876,343.76295259915867,-0.23668600273336957
PATANJALI,Yes,2021-03-05,2021-09-01,46.74%,No,3,9,234.9525146484375,344.75799560546875,343.4484919497841,-0.37983271523111983,339.88712357501595,-1.4128380175486601
PATANJALI,Yes,2021-04-01,2021-09-28,57.55%,No,4,9,220.0353851318359,346.6675109863281,270.48062226266575,-21.976933606180083,350.53902653285434,1.1167806107676748
PATANJALI,Yes,2021-04-05,2021-10-04,48.21%,No,4,10,231.03550720214844,342.42413330078125,270.48062226266575,-21.010058591554113,351.0490036010742,2.5187682355078014
PATANJALI,Yes,2021-05-03,2021-11-01,35.92%,No,5,11,224.55621337890625,305.2129821777344,270.48062226266575,-11.379712510014716,351.88042303856383,15.290123155263972
PATANJALI,Yes,2021-12-27,2022-06-27,27.66%,No,12,6,280.24237060546875,357.749267578125,375.56640625,4.980342459536722,339.89045989207733,-4.991990006561698
PATANJALI,Yes,2022-01-31,2022-08-01,39.39%,No,1,8,274.7259826660156,382.93206787109375,314.4874846359779,-17.873818616349546,393.20632027290964,2.6830483168817563
PATANJALI,Yes,2022-05-02,2022-10-31,28.24%,No,5,10,360.05047607421875,461.7392883300781,311.6904694930367,-32.49643741161957,311.6904694930367,-32.49643741161957
PATANJALI,Yes,2022-06-16,2022-12-13,26.97%,No,6,12,326.4788513183594,414.5271606445313,311.3266369363536,-24.895961834615473,304.6091396625225,-26.516482251995683
PATANJALI,Yes,2023-02-01,2023-07-31,34.19%,No,2,7,324.8681945800781,435.93060302734375,423.1013454861111,-2.9429586847399993,442.45160899442783,1.4958816659804564
PATANJALI,Yes,2023-06-01,2023-11-28,29.16%,No,6,11,340.7857360839844,440.1741027832031,533.0256999622692,21.09428896247397,520.1044573102679,18.1588044416217
PATANJALI,Yes,2023-07-03,2024-01-01,32.14%,No,7,1,390.3069152832031,515.7547607421875,520.4092389787946,0.9024595778639427,589.8202113101357,14.360594648000088
PAYTM,Yes,2022-03-22,2022-09-19,29.95%,No,3,9,544.0,706.9500122070312,642.966665649414,-9.050618212434461,645.9928556169782,-8.622555419406607
PAYTM,Yes,2022-11-17,2023-05-16,33.90%,No,11,5,539.7999877929688,722.7999877929688,888.855356488909,22.97390308527557,881.7250003814697,21.98741218490748
PAYTM,Yes,2022-12-01,2023-05-30,39.97%,No,12,5,501.0499877929687,701.2999877929688,884.275396437872,26.090890037049245,881.7250003814697,25.727223118356076
PAYTM,Yes,2022-12-05,2023-06-05,36.51%,No,12,6,523.3499755859375,714.4500122070312,884.275396437872,23.77008626624941,881.7250003814697,23.413112928321432
PAYTM,Yes,2023-01-02,2023-07-03,59.53%,No,1,7,532.0999755859375,848.8499755859375,885.2854536576705,4.292334230979105,882.3526785714286,3.9468344170434912
PAYTM,Yes,2023-02-01,2023-07-31,52.79%,No,2,7,523.8499755859375,800.4000244140625,886.0028294977152,10.69500280766717,410.66578808165434,-48.692431839656095
PAYTM,Yes,2023-02-02,2023-08-01,44.27%,No,2,8,545.6500244140625,787.2000122070312,886.0028294977152,12.55117070103641,410.66578808165434,-47.83209073761416
PAYTM,Yes,2023-03-01,2023-08-28,45.14%,No,3,8,608.25,882.7999877929688,885.4571446010044,0.30099193982531103,410.66578808165434,-53.48144610781731
PAYTM,Yes,2023-04-03,2023-10-03,37.18%,No,4,10,639.0,876.5999755859375,409.5120357937283,-53.28404663484025,410.66578808165434,-53.152429897439035
PAYTM,Yes,2023-05-02,2023-10-30,39.63%,No,5,10,660.75,922.5999755859376,404.8433319091797,-56.119299520676215,404.8433319091797,-56.119299520676215
PAYTM,Yes,2023-05-05,2023-11-01,32.45%,No,5,11,689.5999755859375,913.3499755859376,404.8433319091797,-55.674895414601366,404.8433319091797,-55.674895414601366
PAYTM,Yes,2023-06-01,2023-11-28,26.60%,No,6,11,701.9500122070312,888.6500244140625,401.78846059945914,-54.786648336122965,405.85416514078776,-54.32913363071245
PAYTM,Yes,2024-04-01,2024-09-30,69.51%,No,4,9,406.0499877929687,688.2999877929688,855.4433329264323,24.283502556698863,874.4801889095667,27.049281478790082
PAYTM,Yes,2024-06-03,2024-12-02,138.16%,No,6,12,376.2000122070313,895.9500122070312,876.0965909090909,-2.2159072523515686,839.6717951847957,-6.2814014460028975
PAYTM,Yes,2024-07-01,2024-12-30,147.88%,No,7,12,411.8500061035156,1020.9000244140624,878.9137512207031,-13.907950807901209,839.6717951847957,-17.751809667482497
PAYTM,Yes,2024-07-05,2025-01-01,126.23%,No,7,1,436.5499877929687,987.5999755859376,878.9137512207031,-11.005085768734606,839.6717951847957,-14.978552456259123
PAYTM,Yes,2024-08-01,2025-01-28,54.82%,No,8,1,496.8500061035156,769.2000122070312,884.0828151702881,14.935361562674544,1245.4685756138392,61.917388955867516
PAYTM,Yes,2024-08-05,2025-02-01,48.80%,No,8,2,499.3999938964844,743.0999755859375,884.0828151702881,18.97225732959889,1245.4685756138392,67.60444308072839
PAYTM,Yes,2024-10-22,2025-04-21,27.93%,No,10,4,686.4500122070312,878.1500244140625,1266.2642909458705,44.196806438714574,1266.2642909458705,44.196806438714574
PERSISTENT,Yes,2017-08-07,2018-02-05,25.05%,No,8,2,284.3272705078125,355.5642395019531,386.57820465605135,8.722464665608722,386.0716780405196,8.5800075343063
PERSISTENT,Yes,2017-09-01,2018-02-28,38.77%,No,9,2,284.44158935546875,394.7252807617187,386.1011907858927,-2.1848334515548915,386.1011907858927,-2.1848334515548915
PERSISTENT,Yes,2017-09-04,2018-03-05,35.33%,No,9,3,280.0047302246094,378.9407958984375,386.2363555390956,1.9252505192429665,386.2363555390956,1.9252505192429665
PERSISTENT,Yes,2017-10-30,2018-04-30,26.27%,No,10,4,295.21368408203125,372.7563171386719,386.3219478831572,3.6392758809875922,386.3219478831572,3.6392758809875922
PERSISTENT,Yes,2017-11-17,2018-05-16,25.20%,No,11,5,295.48809814453125,369.9639587402344,386.3219478831572,4.421508840651249,288.8396800114558,-21.927616680558597
PERSISTENT,Yes,2017-12-01,2018-05-30,27.81%,No,12,5,299.3304138183594,382.5869140625,386.6189283582899,1.0538819148245175,288.28711253199083,-24.647942222902117
PERSISTENT,Yes,2017-12-14,2018-06-12,28.50%,No,12,6,297.1119689941406,381.779296875,386.72891998291016,1.2964618952427727,288.46836137771606,-24.441067459934914
PERSISTENT,Yes,2021-01-01,2021-06-30,97.80%,No,1,6,718.8217163085938,1421.85986328125,2015.0285260881697,41.717800616303656,2018.8740889386434,41.988260663020164
PERSISTENT,Yes,2021-01-04,2021-07-05,92.58%,No,1,7,729.501708984375,1404.853759765625,2021.1177164713542,43.86676922219591,2018.8740889386434,43.70706380680198
PERSISTENT,Yes,2021-02-01,2021-08-02,104.89%,No,2,8,742.3897094726562,1521.090087890625,1984.44288073088,30.461890227870096,1984.7574956984747,30.482573747544535
PERSISTENT,Yes,2021-03-01,2021-08-30,97.41%,No,3,8,816.2685546875,1611.3717041015625,1964.8746849798388,21.938015913924445,2007.7640787760417,24.59968570041957
PERSISTENT,Yes,2021-03-05,2021-09-01,98.37%,No,3,9,814.671875,1616.0748291015625,1979.033463016633,22.4592715249982,2007.7640787760417,24.237073842195425
PERSISTENT,Yes,2021-04-01,2021-09-28,80.16%,No,4,9,945.0116577148438,1702.5745849609375,2007.7640787760417,17.925176172068035,2007.7640787760417,17.925176172068035
PERSISTENT,Yes,2021-04-05,2021-10-04,90.03%,No,4,10,947.6969604492188,1800.9293212890625,2007.7640787760417,11.484890330894931,2007.7640787760417,11.484890330894931
PERSISTENT,Yes,2021-05-03,2021-11-01,88.80%,No,5,11,1040.2991943359375,1964.13427734375,2006.133820564516,2.138323418374701,1831.173548081342,-6.769431743853126
PERSISTENT,Yes,2021-06-01,2021-11-29,61.22%,No,6,11,1206.6829833984375,1945.3944091796875,2096.791522686298,7.782335180579132,1831.5014414685838,-5.854492393608184
PERSISTENT,Yes,2021-06-04,2021-12-01,71.22%,No,6,12,1191.2978515625,2039.7972412109375,2096.791522686298,2.794115038685187,1831.5014414685838,-10.211593364970808
PERSISTENT,Yes,2021-07-01,2021-12-28,57.32%,No,7,12,1432.285888671875,2253.2099609375,1572.9320490910457,-30.191501175656487,1833.767412109375,-18.61533350640817
PERSISTENT,Yes,2021-07-05,2022-01-03,68.15%,No,7,1,1404.853759765625,2362.304443359375,1574.4179931640624,-33.35245177268001,1833.767412109375,-22.37378982779969
PERSISTENT,Yes,2021-08-02,2022-01-31,40.94%,No,8,1,1521.090087890625,2143.795166015625,1749.9669115471117,-18.37061024820143,1833.767412109375,-14.461631354568988
PERSISTENT,Yes,2021-10-01,2022-03-30,32.04%,No,10,3,1766.479736328125,2332.396240234375,1832.8949686686199,-21.41579817996799,1856.2453991117932,-20.414663379612332
PERSISTENT,Yes,2022-10-31,2023-05-02,29.43%,No,10,5,1805.1536865234375,2336.486328125,2388.391632952009,2.2215111726616525,2391.17478773329,2.3406282737454243
PERSISTENT,Yes,2023-05-02,2023-10-30,28.32%,No,5,10,2336.486328125,2998.076171875,3140.172708445582,4.739590604921644,3432.0232220818016,14.474183620738717
PFC,Yes,2016-01-18,2016-07-18,28.73%,No,1,7,36.38737487792969,46.841670989990234,62.23977702596913,32.872665962897386,62.653015887151,33.75486946343043
PFC,Yes,2016-02-01,2016-08-01,32.59%,No,2,8,39.20117950439453,51.97516632080078,57.40790719985962,10.452570455526612,60.78350848536338,16.94721304054287
PFC,Yes,2016-03-01,2016-08-29,46.59%,No,3,8,36.42335891723633,53.39130783081055,62.742310478573756,17.514091764515687,59.952663859383,12.289183942383389
PFC,Yes,2016-03-08,2016-09-06,49.77%,No,3,9,38.297489166259766,57.36003494262695,62.680236484693445,9.275101640694432,59.91258416247012,4.4500482302639695
PFC,Yes,2016-04-01,2016-09-28,41.70%,No,4,9,39.22873306274414,55.58577346801758,62.734952858516145,12.86152722982616,59.94180838267008,7.836600343717154
PFC,Yes,2016-04-04,2016-10-03,46.01%,No,4,10,39.123966217041016,57.1265869140625,62.734952858516145,9.817435711484922,59.949382008732975,4.941298346629571
PFC,Yes,2016-05-02,2016-11-01,37.68%,No,5,11,41.440433502197266,57.05656433105469,62.70871622809048,9.906225450661154,59.99852086385091,5.1562104506088895
PFC,Yes,2016-06-01,2016-11-28,58.34%,No,6,11,38.27420425415039,60.60508728027344,60.60123512961648,-0.006356150662973674,60.52395164803283,-0.13387594322798532
PFC,Yes,2016-06-06,2016-12-05,58.09%,No,6,12,38.26256561279297,60.48834609985352,60.54054281446669,0.08629218350093658,60.496652628580726,0.013732444781166888
PFC,Yes,2016-07-01,2016-12-28,35.47%,No,7,12,41.289119720458984,55.935977935791016,62.52401329920842,11.777813862447921,60.085159884558784,7.417733812628824
PFC,Yes,2016-07-04,2017-01-02,35.71%,No,7,1,42.66270446777344,57.896995544433594,59.99668502807617,3.626594893047864,60.1009385618445,3.8066621535127334
PFC,Yes,2016-08-03,2017-01-30,25.55%,No,8,1,50.24070739746094,63.07970428466797,59.94070978517885,-4.976235280564042,60.082397807728164,-4.75161783164593
PFC,Yes,2016-08-10,2017-02-06,25.20%,No,8,2,50.624855041503906,63.38320541381836,59.925090933745764,-5.45588450046845,61.177618732191114,-3.4797651321471337
PFC,Yes,2016-09-29,2017-03-28,26.67%,No,9,3,53.22788619995117,67.4219741821289,60.02641308496869,-10.969066371717888,60.2480092048645,-10.640395901023556
PFC,Yes,2016-10-06,2017-04-05,29.11%,No,10,4,57.7802734375,74.60090637207031,60.03478568792343,-19.525393715055802,60.2480092048645,-19.239574778918993
PFC,Yes,2016-11-01,2017-05-02,38.58%,No,11,5,57.05656433105469,79.07160949707031,60.05343789923681,-24.05183316590785,59.98583337535029,-24.13733101313332
PFC,Yes,2018-12-03,2019-06-03,31.39%,No,12,6,49.97565460205078,65.66539001464844,57.503289222717285,-12.42983676806058,57.43057166205512,-12.540576323016307
PFC,Yes,2022-09-01,2023-02-28,29.92%,No,9,2,79.9593276977539,103.8848876953125,115.85359783830314,11.521127286669529,116.87452808503181,12.50387874299587
PFC,Yes,2022-10-31,2023-05-02,58.08%,No,10,5,78.46156311035156,124.03311920166016,129.59314939710828,4.482698033585937,388.6315446333452,213.32884888711519
PFC,Yes,2022-12-01,2023-05-30,33.97%,No,12,5,96.60772705078124,129.4274139404297,204.02356451910896,57.6355103664614,365.8560904708563,182.67279653694183
PFC,Yes,2023-02-01,2023-07-31,100.87%,No,2,7,95.10801696777344,191.04335021972656,372.43846292698635,94.94971298327319,380.1893301010132,99.00683780081448
PFC,Yes,2023-05-02,2023-10-30,76.00%,No,5,10,124.03311920166016,218.2948455810547,365.73816299438477,67.5431969183089,458.7392309570312,110.14661603024317
PFC,Yes,2023-11-01,2024-04-29,76.79%,No,11,4,221.2638702392578,391.16986083984375,461.7144635881696,18.034263324087966,454.054811979595,16.076123810954385
PHOENIXLTD,Yes,2016-02-03,2016-08-01,28.29%,No,2,8,138.20693969726562,177.30104064941406,183.18792548546423,3.3202765276999098,178.72279309469556,0.8018861254699562
PHOENIXLTD,Yes,2016-03-01,2016-08-29,60.03%,No,3,8,121.48992156982422,194.42529296875,183.09600730564284,-5.827063696351542,179.66975332406852,-7.5893107421230095
PHOENIXLTD,Yes,2016-03-08,2016-09-06,49.22%,No,3,9,139.6405487060547,208.37274169921875,183.09600730564284,-12.130537894472921,179.66975332406852,-13.77482877130941
PHOENIXLTD,Yes,2016-04-01,2016-09-28,31.67%,No,4,9,147.254150390625,193.8942718505859,182.24928201947893,-6.005845206237223,179.66975332406852,-7.336224216813758
PHOENIXLTD,Yes,2016-04-04,2016-10-03,29.21%,No,4,10,148.93972778320312,192.4512939453125,183.2895564658969,-4.7605486518677385,179.63512563705444,-6.659434730482994
PHOENIXLTD,Yes,2016-05-30,2016-11-28,32.70%,No,5,11,147.05873107910156,195.14158630371097,183.27568473815919,-6.0806626564386645,175.0385593148165,-10.301764667223152
PHOENIXLTD,Yes,2016-06-01,2016-11-28,34.60%,No,6,11,144.98231506347656,195.14158630371097,183.27568473815919,-6.0806626564386645,175.0385593148165,-10.301764667223152
PHOENIXLTD,Yes,2016-06-06,2016-12-05,27.75%,No,6,12,146.64344787597656,187.33981323242188,183.17147631522937,-2.225013917367947,251.94882306185636,34.48760234925491
PHOENIXLTD,Yes,2016-11-15,2017-05-15,38.24%,No,11,5,148.2576904296875,204.9487762451172,254.88926026879287,24.367300424349565,248.85983833899866,21.425383892687496
PHOENIXLTD,Yes,2017-01-06,2017-07-05,27.07%,No,1,7,179.07339477539062,227.5469665527344,254.14893629286024,11.690759996996395,245.53386272083628,7.904696090041432
PHOENIXLTD,Yes,2017-02-01,2017-07-31,40.20%,No,2,7,170.04876708984375,238.40579223632812,295.33431146083734,23.87883225927532,298.9653123643663,25.401866103993992
PHOENIXLTD,Yes,2017-05-04,2017-10-31,28.55%,No,5,10,200.96229553222656,258.33197021484375,314.33374733148617,21.678221657996147,314.525322505406,21.752380181140033
PHOENIXLTD,Yes,2017-07-03,2018-01-01,38.49%,No,7,1,224.8811492919922,311.4384460449219,300.6197848112687,-3.4737719029373477,298.26134830051,-4.231044019051907
PHOENIXLTD,Yes,2017-08-01,2018-01-29,31.24%,No,8,1,237.64761352539065,311.8808288574219,318.35340009416853,2.0753347554125017,298.0443302699498,-4.436469736906309
PHOENIXLTD,Yes,2017-09-04,2018-03-05,27.78%,No,9,3,250.43858337402344,320.0151062011719,298.27199797934674,-6.7944005768767415,297.9361535826726,-6.899346996644503
PHOENIXLTD,Yes,2017-12-01,2018-05-30,37.41%,No,12,5,250.93492126464844,344.811279296875,294.5846651517428,-14.566406948041912,294.81343627929687,-14.500060183510147
PHOENIXLTD,Yes,2018-10-01,2019-04-01,25.57%,No,10,4,259.1505126953125,325.4189758300781,318.4318145751953,-2.147127787204172,323.9971584104142,-0.436919026014737
PHOENIXLTD,Yes,2019-07-01,2019-12-30,28.48%,No,7,12,323.6419982910156,415.8008728027344,295.03614102877106,-29.043886069776704,294.5741433808298,-29.154996381986276
PHOENIXLTD,Yes,2022-01-31,2022-08-01,25.46%,No,1,8,494.2243957519531,620.07568359375,695.5066877092634,12.164806024700185,696.410669127507,12.310591683154733
PHOENIXLTD,Yes,2023-08-07,2024-02-05,56.64%,No,8,2,844.9691162109375,1323.5989990234375,1778.5214212351832,34.37010926628014,1542.7585198818108,16.55784879106671
PHOENIXLTD,Yes,2023-09-01,2024-02-28,50.94%,No,9,2,919.4865112304688,1387.853515625,1543.486568056304,11.21393941645324,1544.4498940325798,11.283350630636175
PHOENIXLTD,Yes,2023-11-01,2024-04-29,60.59%,No,11,4,944.5270385742188,1516.8114013671875,1813.4519597833807,19.55685183726958,1619.9843826293945,6.801965041218137
PHOENIXLTD,Yes,2023-12-04,2024-06-03,40.96%,No,12,6,1182.17919921875,1666.38134765625,1813.6204331341912,8.835857751590392,1619.4050795611213,-2.8190586843281946
PIDILITIND,Yes,2015-11-30,2016-05-30,25.37%,No,11,5,264.9595947265625,332.19024658203125,338.4757957458496,1.892153435716904,337.4164326985677,1.5732509218165387
PIDILITIND,Yes,2015-12-01,2016-05-30,26.37%,No,12,5,262.87030029296875,332.19024658203125,338.4757957458496,1.892153435716904,337.4164326985677,1.5732509218165387
PIDILITIND,Yes,2015-12-04,2016-06-01,30.56%,No,12,6,262.609130859375,342.8682556152344,338.4982221887467,-1.2745517716844912,341.705376611997,-0.33916204961895263
PIDILITIND,Yes,2016-01-01,2016-06-29,30.98%,No,1,6,263.77252197265625,345.49603271484375,338.48123314267116,-2.0303560411538153,341.7378008043444,-1.0877786008041501
PIDILITIND,Yes,2016-01-04,2016-07-04,29.74%,No,1,7,264.76959228515625,343.5132751464844,338.33098394220525,-1.5086145366781647,341.65033130914395,-0.5423207695673505
PIDILITIND,Yes,2016-02-01,2016-08-01,29.52%,No,2,8,270.5389099121094,350.39312744140625,341.21730278862844,-2.618722781402787,341.2769419352214,-2.6017021431761136
PIDILITIND,Yes,2017-03-07,2017-09-04,25.11%,No,3,9,321.5019226074219,402.21875,433.8011808575324,7.852053355924459,433.8011808575324,7.852053355924459
PIDILITIND,Yes,2017-10-16,2018-04-16,28.24%,No,10,4,389.4029541015625,499.3830871582031,533.9001699594351,6.911944695134824,542.9993295380564,8.734024740016025
PIDILITIND,Yes,2017-11-01,2018-04-30,40.56%,No,11,4,371.6099853515625,522.3457641601562,533.9459417433966,2.220785230620461,542.9993295380564,3.954002653990612
PIDILITIND,Yes,2018-03-01,2018-08-28,29.70%,No,3,8,430.1105651855469,557.85009765625,543.9395650227865,-2.4935968805790623,546.2639056706832,-2.076936444798514
PIDILITIND,Yes,2021-04-01,2021-09-28,32.73%,No,4,9,889.9014892578125,1181.1632080078125,1183.5989506559552,0.20621558745051424,1182.7286395172575,0.13253304021256643
PIDILITIND,Yes,2021-04-05,2021-10-04,35.03%,No,4,10,878.3576049804688,1186.0625,1184.013238400829,-0.1727785508074747,1182.99560546875,-0.25857781788480794
PIDILITIND,Yes,2021-05-03,2021-11-01,30.95%,No,5,11,884.0196533203125,1157.6231689453125,1183.4752064580503,2.233199732542588,1183.3470566063597,2.222129649019011
PIDILITIND,Yes,2022-06-03,2022-11-30,25.73%,No,6,11,1075.6376953125,1352.400634765625,1251.0379943847656,-7.495015735364974,1230.2488531068313,-9.032218598445342
PIDILITIND,Yes,2022-06-06,2022-12-05,26.41%,No,6,12,1064.0758056640625,1345.069580078125,1251.0379943847656,-6.990834309694059,1230.2488531068313,-8.536415414630415
PIDILITIND,Yes,2024-02-01,2024-07-30,26.35%,No,2,7,1240.3897705078125,1567.2445068359375,1578.2703857421875,0.7035200224443481,1513.9058262087265,-3.4033413672570387
PIIND,Yes,2016-02-15,2016-08-16,26.90%,No,2,8,606.8140258789062,770.0333862304688,798.1426852756076,3.650400040801067,800.4377042040413,3.948441524387704
PIIND,Yes,2016-03-01,2016-08-29,41.90%,No,3,8,548.6039428710938,778.4595947265625,797.6718201929209,2.467979789382233,800.4377042040413,2.8232819823100432
PIIND,Yes,2016-03-08,2016-09-06,40.00%,No,3,9,566.173095703125,792.6486206054688,797.6949946085612,0.6366470428268344,800.6727161896534,1.012314331419065
PIIND,Yes,2016-04-01,2016-09-28,42.55%,No,4,9,552.2582397460938,787.2247314453125,797.8908417370855,1.354900305557018,801.0649617513021,1.7581041033326688
PIIND,Yes,2016-04-04,2016-10-03,46.60%,No,4,10,553.6627807617188,811.6804809570312,797.8163986206055,-1.7080714223999822,800.8869637751925,-1.329774145746661
PIIND,Yes,2016-05-02,2016-11-01,41.30%,No,5,11,622.7192993164062,879.9135131835938,808.129572654257,-8.158067748001393,801.0430354191707,-8.963435222066735
PIIND,Yes,2016-06-01,2016-11-28,27.59%,No,6,11,669.9353637695312,854.7763061523438,800.9009809822871,-6.302856640068659,807.2968285404035,-5.554608529764066
PIIND,Yes,2017-07-13,2018-01-09,30.12%,No,7,1,758.5235595703125,987.01904296875,757.7107182716836,-23.232411403872632,823.2891845703125,-16.588318084114345
PIIND,Yes,2017-08-03,2018-01-30,26.14%,No,8,1,707.4864501953125,892.394775390625,756.333948550017,-15.246708137780226,838.978623526437,-5.985708717401033
PIIND,Yes,2017-08-29,2018-02-26,25.72%,No,8,2,691.9130859375,869.8604736328125,755.4727066703465,-13.150128144660545,827.602394386574,-4.858029595224091
PIIND,Yes,2017-09-05,2018-03-05,25.23%,No,9,3,682.6629638671875,854.8864135742188,755.4727066703465,-11.628879032973595,829.6650390625,-2.950260304906472
PIIND,Yes,2018-10-01,2019-04-01,49.04%,No,10,4,681.8392333984375,1016.192138671875,1107.3659227159287,8.972100902415407,1124.7382491262335,10.681652250943825
PIIND,Yes,2018-11-01,2019-04-30,32.29%,No,11,4,774.7506103515625,1024.8790283203125,1116.8227260044644,8.97117563570791,1422.5930582682292,38.8059486981342
PIIND,Yes,2018-11-02,2019-05-02,30.21%,No,11,5,783.4104614257812,1020.0693359375,1116.8227260044644,9.48498172215349,1422.5930582682292,39.460427654242515
PIIND,Yes,2018-12-03,2019-06-03,40.23%,No,12,6,797.1607666015625,1117.8310546875,1440.0051727294922,28.821360499065662,1427.7323682831554,27.72344821662619
PIIND,Yes,2018-12-31,2019-07-01,38.45%,No,12,7,846.5322875976562,1172.0615234375,1426.3999532063801,21.7000920756224,1513.4189913767689,29.124534942339288
PIIND,Yes,2019-01-01,2019-07-01,38.17%,No,1,7,848.2501220703125,1172.0615234375,1426.3999532063801,21.7000920756224,1513.4189913767689,29.124534942339288
PIIND,Yes,2019-02-01,2019-07-31,29.74%,No,2,7,831.9073486328125,1079.3544921875,1427.0755114433093,32.215645719053065,1503.8652648925781,39.33006030713163
PIIND,Yes,2019-05-02,2019-10-29,35.25%,No,5,10,1020.0693359375,1379.6016845703125,1503.8652648925781,9.007207059258446,1510.8034107881433,9.510116411512978
PIIND,Yes,2019-06-03,2019-12-02,32.47%,No,6,12,1117.8310546875,1480.739013671875,1464.156112234933,-1.1199071061024015,1490.1624638484075,0.6364018297299123
PIIND,Yes,2021-01-01,2021-06-30,28.70%,No,1,6,2231.090576171875,2871.324462890625,2938.8225665425143,2.3507654576918666,2938.714789496528,2.347011892137732
PIIND,Yes,2022-01-31,2022-08-01,26.86%,No,1,8,2402.2314453125,3047.508544921875,2987.17666163589,-1.979711702089145,3244.951968238467,6.478847242138043
PIIND,Yes,2022-07-01,2022-12-28,33.91%,No,7,12,2550.43701171875,3415.370849609375,3030.995218211207,-11.254286820481884,3366.4485994664633,-1.4324139982780224
PNB,Yes,2016-01-12,2016-07-11,27.75%,No,1,7,92.46054077148438,118.1156768798828,132.61150133287583,12.272566043654388,132.38301770440464,12.079125482243095
PNB,Yes,2016-02-01,2016-08-01,35.76%,No,2,8,83.55316162109375,113.43001556396484,129.2479796409607,13.945130835387983,132.38301770440464,16.70898310840125
PNB,Yes,2016-03-01,2016-08-29,67.21%,No,3,8,68.33637237548828,114.26508331298828,132.18692603478064,15.684443753217147,132.38384121567455,15.856775646026897
PNB,Yes,2016-03-08,2016-09-06,62.82%,No,3,9,75.6200180053711,123.12608337402344,132.18692603478064,7.358995277412371,132.43336443833903,7.559146534404581
PNB,Yes,2016-04-01,2016-09-28,67.14%,No,4,9,81.32630920410156,135.93045043945312,132.44915130615234,-2.561088499336239,132.6092504213934,-2.443308329607187
PNB,Yes,2016-04-04,2016-10-03,65.05%,No,4,10,80.58402252197266,133.00772094726562,132.47710259755453,-0.39893800595340495,132.63265690333407,-0.2819866705935536
PNB,Yes,2016-05-02,2016-11-01,71.00%,No,5,11,78.07882690429688,133.5180206298828,139.092290633764,4.174919593313393,128.85998013653332,-3.488697983519214
PNB,Yes,2016-06-01,2016-11-28,78.75%,No,6,11,71.16631317138672,127.20864868164062,139.0409198139989,9.30146751418637,137.498140335083,8.088673026622137
PNB,Yes,2016-06-06,2016-12-05,76.17%,No,6,12,71.44467163085938,125.8632354736328,132.559585246634,5.32033818120305,137.498140335083,9.244085310271256
PNB,Yes,2016-08-11,2017-02-07,30.45%,No,8,2,107.86289978027344,140.70889282226562,131.8172110924354,-6.319203819663071,131.8172110924354,-6.319203819663071
PNB,Yes,2016-11-03,2017-05-02,28.20%,No,11,5,123.54360961914062,158.38449096679688,131.7221525091874,-16.83393259962484,135.87225369540127,-14.213662672385635
PNB,Yes,2018-09-21,2019-03-20,28.41%,No,9,3,67.59408569335938,86.80064392089844,58.28630986421005,-32.850371574056005,58.35706634521485,-32.76885549559317
PNB,Yes,2018-10-01,2019-04-01,54.27%,No,10,4,58.64030456542969,90.46566009521484,58.401205429664024,-35.443785666078234,57.28575492199556,-36.676795524730075
PNB,Yes,2022-05-04,2022-10-31,26.89%,No,5,10,31.87174415588379,40.442962646484375,48.32049713134766,19.478134066788158,48.07491297721863,18.87089825106491
PNB,Yes,2022-07-01,2022-12-28,86.42%,No,7,12,27.9260311126709,52.05905532836914,48.222584175341055,-7.369459796819313,48.92130732132217,-6.027285718604048
PNB,Yes,2022-07-04,2023-01-02,90.50%,No,7,1,28.44757080078125,54.19261932373047,48.30248972195298,-10.868877856948783,49.1060283314098,-9.386132384439467
PNB,Yes,2022-08-01,2023-01-30,51.80%,No,8,1,31.671628952026367,48.076393127441406,48.30798768263597,0.4817219848016644,46.90679238059304,-2.43279637003545
PNB,Yes,2022-09-01,2023-02-28,35.06%,No,9,2,33.94743347167969,45.84799575805664,48.37936248779297,5.521215677768209,47.22501613475658,3.0034472694653433
PNB,Yes,2023-11-01,2024-04-29,88.27%,No,11,4,70.02001190185547,131.82778930664062,98.75100919935439,-25.090901001417343,97.41192700312688,-26.10668242600963
PNB,Yes,2023-12-01,2024-05-29,58.67%,No,12,5,77.51185607910156,122.99124145507812,99.78244489781997,-18.870283999641586,96.58695743702076,-21.468426292535135
PNB,Yes,2023-12-04,2024-06-03,63.58%,No,12,6,80.44136810302734,131.58766174316406,98.26346969604492,-25.324708719395055,98.2852772105824,-25.308136105938306
POLICYBZR,Yes,2022-09-29,2023-03-28,27.20%,No,9,3,467.2000122070313,594.2999877929688,762.1959492451435,28.251045751436777,728.5870698073815,22.595841287682
POLICYBZR,Yes,2022-10-03,2023-04-03,32.81%,No,10,4,468.8500061035156,622.7000122070312,762.1959492451435,22.401788068655694,737.4930776742789,18.434729920814902
POLICYBZR,Yes,2022-10-31,2023-05-02,54.37%,No,10,5,386.0499877929687,595.9500122070312,738.4124991677024,23.90510681140487,771.3560832255596,29.433017438649333
POLICYBZR,Yes,2022-11-01,2023-05-02,52.13%,No,11,5,391.75,595.9500122070312,738.4124991677024,23.90510681140487,771.3560832255596,29.433017438649333
POLICYBZR,Yes,2022-12-01,2023-05-30,30.05%,No,12,5,461.0,599.5499877929688,741.0274205361643,23.597270556871276,773.1986134847006,28.963160574976875
POLICYBZR,Yes,2022-12-05,2023-06-05,25.65%,No,12,6,477.3999938964844,599.8499755859375,751.5146165114182,25.283762123576597,725.2289066314697,20.90171478677835
POLICYBZR,Yes,2023-01-02,2023-07-03,52.33%,No,1,7,452.1499938964844,688.75,747.1655189251078,8.481382058091876,786.7673950195312,14.231200728788565
POLICYBZR,Yes,2023-02-01,2023-07-31,81.77%,No,2,7,402.4500122070313,731.5499877929688,767.5818204012784,4.925409501682169,787.7780345569957,7.686152375405375
POLICYBZR,Yes,2023-02-02,2023-08-01,81.49%,No,2,8,420.8999938964844,763.9000244140625,767.6384634164664,0.48938851720438026,788.1453885591947,3.173892311854445
POLICYBZR,Yes,2023-03-01,2023-08-28,31.18%,No,3,8,574.7000122070312,753.9000244140625,769.0464292253766,2.0090733944578467,744.3101874457466,-1.272030329985627
POLICYBZR,Yes,2023-03-06,2023-09-04,27.47%,No,3,9,595.2000122070312,758.7000122070312,769.149019129136,1.3772250894934084,741.8928583884726,-2.215256827223082
POLICYBZR,Yes,2023-04-05,2023-10-03,26.50%,No,4,10,601.0999755859375,760.4000244140625,798.282929211128,4.981970486686498,1251.703488372093,64.61118466383687
POLICYBZR,Yes,2023-05-15,2023-11-13,25.12%,No,5,11,599.3499755859375,749.9000244140625,799.4676495720358,6.60989779226947,810.3931843150746,8.066829968205248
POLICYBZR,Yes,2023-06-01,2023-11-28,36.85%,No,6,11,598.5999755859375,819.2000122070312,809.6794128417969,-1.1621825223835927,1277.1821463448662,55.90602140055779
POLICYBZR,Yes,2023-06-05,2023-12-04,40.07%,No,6,12,599.8499755859375,840.2000122070312,1242.4530325224905,47.87586461214443,1691.4990671985554,101.32100007417735
POLICYBZR,Yes,2023-07-28,2024-01-24,28.89%,No,7,1,716.0499877929688,922.9500122070312,1260.92820700621,36.61933911144098,1731.3645909627278,87.5902885382223
POLICYBZR,Yes,2023-08-03,2024-01-30,26.02%,No,8,1,721.5,909.25,1269.8391938080658,39.65787119142874,1249.8965897993608,37.464568578428455
POLICYBZR,Yes,2023-08-08,2024-02-05,26.91%,No,8,2,760.1500244140625,964.7000122070312,1269.8391938080658,31.630473488119915,1737.9520924886067,80.15466678729867
POLICYBZR,Yes,2023-09-01,2024-02-28,50.89%,No,9,2,769.9000244140625,1161.699951171875,1709.7554139833192,47.177023831204295,1695.7485822405133,45.971305286697486
POLICYBZR,Yes,2023-11-01,2024-04-29,76.31%,No,11,4,702.5,1238.5999755859375,1662.9040593327702,34.2567489189647,1656.7330409458705,33.75852362358792
POLICYBZR,Yes,2024-04-01,2024-09-30,38.20%,No,4,9,1172.199951171875,1619.949951171875,1646.7711154513888,1.6556785757554635,1813.5049248367059,11.94820701249522
POLICYBZR,Yes,2024-05-02,2024-10-29,31.95%,No,5,10,1292.0999755859375,1704.9000244140625,1723.7820544120593,1.1075153808204192,1813.3857208736358,6.363170561678977
POLICYBZR,Yes,2024-07-01,2024-12-30,38.93%,No,7,12,1517.1500244140625,2107.85009765625,1812.4620740167027,-14.01371112528323,1811.1526360762746,-14.075833092205075
POLYCAB,Yes,2019-04-30,2019-10-27,30.02%,No,4,10,614.2844848632812,798.6756591796875,930.0859527587891,16.453524289706273,811.7478927862448,1.6367387006615073
POLYCAB,Yes,2019-05-02,2019-10-29,29.34%,No,5,10,616.2063598632812,796.9854125976562,930.0859527587891,16.700498912183505,811.9939341227214,1.8831613838636112
POLYCAB,Yes,2019-05-06,2019-11-04,33.14%,No,5,11,617.5997314453125,822.291015625,930.0859527587891,13.10909824934147,810.82033429827,-1.3949661505192807
POLYCAB,Yes,2019-06-03,2019-12-02,52.82%,No,6,12,584.158935546875,892.702880859375,812.0762329101562,-9.031745015945528,809.9250234927771,-9.272722105132052
POLYCAB,Yes,2019-07-01,2019-12-30,53.84%,No,7,12,621.390625,955.9671630859376,812.5662188862646,-15.000614010293353,809.9250234927771,-15.276899168976154
POLYCAB,Yes,2021-01-01,2021-06-30,90.74%,No,1,6,1007.12158203125,1921.0157470703125,2328.2142900739395,21.19704347164432,2353.8484700520835,22.531451063942193
POLYCAB,Yes,2021-01-04,2021-07-05,86.86%,No,1,7,1030.8056640625,1926.1705322265625,2328.2142900739395,20.872697983943993,2353.8484700520835,22.203534457104656
POLYCAB,Yes,2021-02-01,2021-08-02,50.00%,No,2,8,1216.142333984375,1824.1763916015625,2354.3182568359375,29.061984777082284,2358.2474310576026,29.27737920054675
POLYCAB,Yes,2021-03-01,2021-08-30,51.39%,No,3,8,1313.260498046875,1988.130859375,2320.720079787234,16.728738897840397,2384.111097063337,19.917211979337203
POLYCAB,Yes,2021-03-05,2021-09-01,58.31%,No,3,9,1313.3092041015625,2079.1513671875,2336.6696428571427,12.385739669257058,2389.9082325902477,14.946331965388037
POLYCAB,Yes,2021-04-01,2021-09-28,69.11%,No,4,9,1358.050537109375,2296.53515625,2324.4990234375,1.2176546529843701,2390.405259352464,4.087466409865193
POLYCAB,Yes,2021-06-01,2021-11-29,32.64%,No,6,11,1632.23828125,2164.941162109375,2389.7899923121677,10.38590951745381,2364.4560646524233,9.215719393900487
POLYCAB,Yes,2021-07-06,2022-01-03,25.88%,No,7,1,1910.365234375,2404.7626953125,2388.283360072545,-0.6852790619248053,2358.569968894676,-1.9208850215393556
POLYCAB,Yes,2021-08-02,2022-01-31,35.27%,No,8,1,1824.1763916015625,2467.529052734375,2353.031511579241,-4.640169931464612,2358.064563679245,-4.436198590400692
POLYCAB,Yes,2021-08-05,2022-02-01,39.59%,No,8,2,1778.51953125,2482.682373046875,2365.5334131994914,-4.718644685248737,2359.800048828125,-4.949578953506747
POLYCAB,Yes,2022-09-02,2023-03-01,25.97%,No,9,3,2434.5908203125,3066.947509765625,3438.192689553285,12.10471253927755,5189.036149364407,69.19220602379828
POLYCAB,Yes,2022-11-14,2023-05-15,25.44%,No,11,5,2653.0537109375,3328.07958984375,5269.516138321314,58.33503965476717,5279.624597382127,58.63877214637165
POLYCAB,Yes,2022-12-01,2023-05-30,33.60%,No,12,5,2565.79638671875,3427.985107421875,5088.999802048142,48.45454815512561,5215.316662597656,52.13942007233518
POLYCAB,Yes,2022-12-05,2023-06-05,34.50%,No,12,6,2630.612060546875,3538.225341796875,5091.435778166118,43.898007795638335,5260.323387943097,48.67123712566202
POLYCAB,Yes,2023-02-01,2023-07-31,61.72%,No,2,7,2948.3408203125,4768.044921875,5196.306495179521,8.981911461021019,5040.104378836496,5.705891228359285
POWERGRID,Yes,2016-01-21,2016-07-19,26.56%,No,1,7,47.265281677246094,59.81998443603515,64.82840842169685,8.372492960136345,63.830477838930875,6.704270221240366
POWERGRID,Yes,2016-02-08,2016-08-08,25.31%,No,2,8,51.21006393432617,64.16985321044922,66.1661869172127,3.111014918822353,65.55958213806153,2.165703765995231
POWERGRID,Yes,2016-03-01,2016-08-29,34.77%,No,3,8,48.08246612548828,64.79898071289062,66.38447494506836,2.4467888456497446,75.42054748535156,16.3915645826632
POWERGRID,Yes,2016-03-08,2016-09-06,35.51%,No,3,9,49.502471923828125,67.0817642211914,66.43343940147987,-0.9664695424136215,75.42054748535156,12.430775130875137
POWERGRID,Yes,2016-04-01,2016-09-28,30.09%,No,4,9,49.718170166015625,64.68055725097656,75.25705170631409,16.351891364043308,75.42054748535156,16.60466559170352
POWERGRID,Yes,2016-04-04,2016-10-03,31.81%,No,4,10,49.82601547241211,65.67730712890625,75.25705170631409,14.58608002701065,75.46760131091607,14.906661996348596
POWERGRID,Yes,2016-05-13,2016-11-09,25.52%,No,5,11,52.036895751953125,65.31484985351562,76.21992066327263,16.69615842984294,76.24758402506511,16.738512292485996
POWERGRID,Yes,2016-06-01,2016-11-28,28.99%,No,6,11,53.52881622314453,69.04814910888672,76.21992066327263,10.386623894981254,76.27392702686544,10.464839407329945
POWERGRID,Yes,2016-06-06,2016-12-05,25.04%,No,6,12,53.654640197753906,67.09088897705078,76.21992066327263,13.606961877259582,76.2735627746582,13.686916267793773
POWERGRID,Yes,2021-07-01,2021-12-28,25.11%,No,7,12,101.47223663330078,126.9521713256836,133.2908460828993,4.992962854455193,143.62038369014346,13.12952129168328
POWERGRID,Yes,2021-07-05,2022-01-03,25.02%,No,7,1,101.25241088867188,126.58169555664062,133.29732919246592,5.305375004097888,143.62038369014346,13.460625613028423
POWERGRID,Yes,2021-08-02,2022-01-31,32.68%,No,8,1,100.2411880493164,133.00340270996094,133.3836271866508,0.2858757512535424,143.62371756813744,7.984994851098737
POWERGRID,Yes,2021-08-05,2022-02-01,28.03%,No,8,2,102.70325469970705,131.49058532714844,133.3836271866508,1.439678631586048,143.62371756813744,9.227377162252171
POWERGRID,Yes,2021-09-01,2022-02-28,28.91%,No,9,2,102.96703338623048,132.73245239257812,143.5248743005701,8.130959470312211,143.4896260579427,8.104403611521063
POWERGRID,Yes,2021-09-02,2022-03-02,29.91%,No,9,3,103.02565002441406,133.8430633544922,143.5248743005701,7.233703939093954,143.4896260579427,7.207368437093341
POWERGRID,Yes,2021-10-04,2022-04-04,26.23%,No,10,4,114.32893371582033,144.31442260742188,143.48832256038014,-0.5724306913446704,143.74287923177084,-0.3960403716583477
POWERGRID,Yes,2021-11-01,2022-05-02,31.20%,No,11,5,112.00238037109376,146.9481201171875,143.40914768125953,-2.408314194904794,143.4278878474581,-2.3955612817109238
POWERGRID,Yes,2022-12-23,2023-06-21,25.11%,No,12,6,138.61984252929688,173.42666625976562,167.5024797155502,-3.4159605739880425,168.59774058948864,-2.7844193597333087
POWERGRID,Yes,2023-02-01,2023-07-31,25.76%,No,2,7,142.09764099121094,178.6993408203125,182.6239018031529,2.1961810070618375,187.87691786024305,5.135764350221572
POWERGRID,Yes,2023-11-01,2024-04-29,51.48%,No,11,4,183.47921752929688,277.9393310546875,316.23275690493375,13.77762035510966,321.9202670393319,15.823933884330572
POWERGRID,Yes,2023-12-01,2024-05-29,53.67%,No,12,5,195.6490478515625,300.65142822265625,315.8439827713312,5.0532121661579605,321.9202670393319,7.074251714821194
POWERINDIA,Yes,2021-01-01,2021-06-30,44.97%,No,1,6,1301.013671875,1886.036376953125,2491.5705419921874,32.106176340951464,2491.5705419921874,32.106176340951464
POWERINDIA,Yes,2021-01-04,2021-07-05,45.03%,No,1,7,1317.207763671875,1910.3807373046875,2491.5705419921874,30.422721153872565,2491.5705419921874,30.422721153872565
POWERINDIA,Yes,2021-02-01,2021-08-02,58.26%,No,2,8,1220.790283203125,1932.03125,2491.5705419921874,28.961192630408405,2491.5705419921874,28.961192630408405
POWERINDIA,Yes,2021-03-01,2021-08-30,53.65%,No,3,8,1420.0531005859375,2181.860107421875,2384.6509324980943,9.294400882366405,3414.901605515253,56.513316041621096
POWERINDIA,Yes,2021-03-05,2021-09-01,71.21%,No,3,9,1404.7061767578125,2404.99951171875,2422.2155629750846,0.715844272418626,3116.129248046875,29.568810008610402
POWERINDIA,Yes,2021-04-01,2021-09-28,66.59%,No,4,9,1377.9482421875,2295.500244140625,2576.7553083147322,12.252451939050077,3430.087227957589,49.42656776940243
POWERINDIA,Yes,2021-04-05,2021-10-04,80.30%,No,4,10,1372.5670166015625,2474.739990234375,3114.6198136613175,25.856446574265824,3433.0765568659854,38.72473756488856
POWERINDIA,Yes,2021-05-06,2021-11-02,28.50%,No,5,11,1715.583984375,2204.607666015625,3133.645138624238,42.14071677831262,3449.0463567365678,56.4471724336335
POWERINDIA,Yes,2021-06-01,2021-11-29,25.42%,No,6,11,1923.500732421875,2412.382568359375,3338.5134965945513,38.3907154852733,3181.732373046875,31.891699715386494
POWERINDIA,Yes,2021-06-04,2021-12-01,43.04%,No,6,12,1891.4241943359375,2705.41259765625,3338.5134965945513,23.401269717113333,3181.732373046875,17.606178658414986
POWERINDIA,Yes,2021-07-01,2021-12-28,31.57%,No,7,12,1892.9207763671875,2490.504150390625,3354.0785400390623,34.674681811431206,3353.833240139869,34.664832404067035
POWERINDIA,Yes,2021-07-05,2022-01-03,30.95%,No,7,1,1910.3807373046875,2501.67822265625,3355.526617282774,34.131024001956526,3353.2674486564865,34.04071787841803
POWERINDIA,Yes,2021-08-02,2022-01-31,61.21%,No,8,1,1932.03125,3114.67626953125,3477.290270683093,11.642108834842576,3283.9573974609375,5.434950963785519
POWERINDIA,Yes,2021-08-05,2022-02-01,65.41%,No,8,2,1948.992431640625,3223.82666015625,3477.290270683093,7.862197234716028,3283.9573974609375,1.8651975941464898
POWERINDIA,Yes,2021-09-01,2022-02-28,37.04%,No,9,2,2404.99951171875,3295.911865234375,3482.60357822516,5.664341785350178,3295.921238319547,0.00028438518853134387
POWERINDIA,Yes,2021-09-02,2022-03-02,43.56%,No,9,3,2374.918212890625,3409.4521484375,3482.60357822516,2.145547923914531,3296.5404663085938,-3.311725086995339
POWERINDIA,Yes,2021-10-01,2022-03-30,41.71%,No,10,3,2447.552001953125,3468.41748046875,3456.665108816964,-0.3388395923491156,3268.071671195652,-5.776288765734788
POWERINDIA,Yes,2021-10-04,2022-04-04,40.14%,No,10,4,2474.739990234375,3468.168212890625,3455.3451408617425,-0.3697361616204544,3267.4708353678384,-5.7868409259051115
POWERINDIA,Yes,2021-11-01,2022-05-02,42.33%,No,11,5,2165.54736328125,3082.200927734375,3268.4308200412324,6.042107463894281,3267.3143701171875,6.0058849738548155
POWERINDIA,Yes,2021-12-02,2022-05-31,28.34%,No,12,5,2744.173828125,3521.89501953125,3299.694611378205,-6.309115033832521,3281.375920222356,-6.8292523762081405
POWERINDIA,Yes,2021-12-03,2022-06-01,31.86%,No,12,6,2656.075439453125,3502.190185546875,3300.4052734375,-5.761677733611313,3281.375920222356,-6.305033525471957
POWERINDIA,Yes,2023-02-01,2023-07-31,25.29%,No,2,7,3142.13525390625,3936.855712890625,4256.032403353987,8.107401280119756,4404.188346354166,11.870707680074046
POWERINDIA,Yes,2023-11-01,2024-04-29,108.61%,No,11,4,4151.48486328125,8660.4404296875,12053.455697408537,39.1783223413208,12056.89693727355,39.21805750136205
POWERINDIA,Yes,2024-05-02,2024-10-29,45.74%,No,5,10,9777.5732421875,14249.4169921875,12361.55203125,-13.24871720697455,12455.840594951924,-12.58701600366483
PRESTIGE,Yes,2016-02-10,2016-08-08,26.63%,No,2,8,152.32247924804688,192.8908233642578,167.05937610973012,-13.391745031720461,161.39738294813367,-16.32708071168916
PRESTIGE,Yes,2016-03-08,2016-09-06,32.95%,No,3,9,147.05015563964844,195.4980926513672,166.8237086704799,-14.667347180733097,161.39738294813367,-17.442988440836352
PRESTIGE,Yes,2016-10-20,2017-04-18,29.66%,No,10,4,182.94448852539065,237.2146759033203,245.88047634026944,3.653146840071977,292.699373467024,23.39007793359173
PRESTIGE,Yes,2016-11-01,2017-05-02,25.08%,No,11,5,185.4069366455078,231.90350341796875,245.78047476874457,5.983942090674159,292.8616313934326,26.28598838612483
PRESTIGE,Yes,2016-12-01,2017-05-30,48.16%,No,12,5,145.9596710205078,216.2598114013672,246.9029754638672,14.169606393315426,288.32588636610245,33.323840660798645
PRESTIGE,Yes,2016-12-05,2017-06-05,73.70%,No,12,6,140.26226806640625,243.6363067626953,256.93640899658203,5.458998459881095,284.05130276150174,16.588248498681736
PRESTIGE,Yes,2017-01-02,2017-07-03,51.66%,No,1,7,163.1967315673828,247.49891662597656,291.1842621834047,17.650721931622023,284.05130276150174,14.768705509432028
PRESTIGE,Yes,2017-02-01,2017-07-31,54.20%,No,2,7,168.26644897460938,259.4731750488281,293.1900271853885,12.994349851469412,284.05130276150174,9.47231932859667
PRESTIGE,Yes,2017-03-01,2017-08-28,53.14%,No,3,8,165.9971466064453,254.21023559570312,284.8279027694311,12.044230674654036,284.05130276150174,11.73873549814806
PRESTIGE,Yes,2017-04-03,2017-10-03,26.68%,No,4,10,209.54847717285156,265.44732666015625,284.05130276150174,7.008537752261327,284.9809725486626,7.358765346887306
PRESTIGE,Yes,2017-05-18,2017-11-14,27.65%,No,5,11,223.9367828369141,285.8663330078125,295.19005865799755,3.2615682833592876,292.30168232164885,2.251174262504176
PRESTIGE,Yes,2017-06-01,2017-11-28,26.08%,No,6,11,240.93243408203125,303.7633056640625,294.7862809125115,-2.9552696405927605,291.94670926607574,-3.8900670942312408
PRESTIGE,Yes,2017-06-05,2017-12-04,25.77%,No,6,12,243.6363067626953,306.4308166503906,294.7862809125115,-3.800053749543244,291.94670926607574,-4.726713697610876
PRESTIGE,Yes,2017-07-04,2018-01-01,27.93%,No,7,1,239.339111328125,306.1883544921875,288.9116247928504,-5.642516916749016,291.95202484130857,-4.6495333483501815
PRESTIGE,Yes,2017-08-23,2018-02-19,25.17%,No,8,2,249.57513427734375,312.3965148925781,286.11530253092445,-8.412773865512179,190.8604880885074,-38.90441186447377
PRESTIGE,Yes,2017-09-04,2018-03-05,25.68%,No,9,3,254.49998474121097,319.86566162109375,285.01464599609375,-10.895516401596053,199.80264689127605,-37.53544976392054
PRESTIGE,Yes,2018-11-01,2019-04-30,36.17%,No,11,4,187.0742645263672,254.7467041015625,262.4153040671835,3.010284271455655,292.28382395274605,14.735075762243516
PRESTIGE,Yes,2019-07-01,2019-12-30,27.40%,No,7,12,258.4520263671875,329.2806701660156,172.98820247206578,-47.46481705565979,254.54231288069386,-22.69746269880963
PRESTIGE,Yes,2021-04-01,2021-09-28,54.18%,No,4,9,305.36639404296875,470.8065490722656,432.7929342169511,-8.074147424291606,432.02874521108777,-8.236462287449134
PRESTIGE,Yes,2021-08-02,2022-01-31,34.47%,No,8,1,360.2898864746094,484.4991455078125,429.66335729650547,-11.318036103826898,441.2052705184273,-8.9358000712278
PRESTIGE,Yes,2023-05-02,2023-10-30,55.52%,No,5,10,482.059814453125,749.7172241210938,1197.2301071454895,59.690889928402356,1197.2301071454895,59.690889928402356
PRESTIGE,Yes,2023-09-01,2024-02-28,84.31%,No,9,2,665.4267578125,1226.4608154296875,1786.5739111328126,45.669057556224566,1780.762443421379,45.19521708465617
RECLTD,Yes,2016-02-02,2016-08-01,27.59%,No,2,8,31.460683822631836,40.141597747802734,49.63054865056818,23.63869759839056,50.16217041015625,24.96306381552045
RECLTD,Yes,2016-03-01,2016-08-29,45.70%,No,3,8,29.085344314575195,42.37846374511719,48.85757241425691,15.28868226113137,48.85757241425691,15.28868226113137
RECLTD,Yes,2016-03-08,2016-09-06,48.17%,No,3,9,30.443443298339844,45.108062744140625,48.85757241425691,8.312282643092072,48.85757241425691,8.312282643092072
RECLTD,Yes,2016-04-01,2016-09-28,51.01%,No,4,9,30.14266014099121,45.51795196533203,49.70312694333634,9.194559063623686,49.70312694333634,9.194559063623686
RECLTD,Yes,2016-04-04,2016-10-03,53.82%,No,4,10,30.01505470275879,46.17008209228515,49.738105920644905,7.727999749335425,49.738105920644905,7.727999749335425
RECLTD,Yes,2016-05-02,2016-11-01,51.25%,No,5,11,32.5216178894043,49.18846130371094,49.69536141788258,1.0305264705106776,66.99881727045232,36.20840232584733
RECLTD,Yes,2016-06-01,2016-11-28,68.36%,No,6,11,30.078853607177734,50.64176177978515,71.66524554837135,41.514123975398924,66.86064599484814,32.02669821320699
RECLTD,Yes,2016-06-06,2016-12-05,69.42%,No,6,12,29.340551376342773,49.71016311645508,66.98108796150454,34.74324717983562,66.86064599484814,34.50095876413631
RECLTD,Yes,2016-07-01,2016-12-28,37.02%,No,7,12,32.758602142333984,44.88446807861328,72.0774984920726,60.58449966663716,63.84506303436902,42.24310940378539
RECLTD,Yes,2016-07-04,2017-01-02,39.77%,No,7,1,33.20523452758789,46.41229248046875,72.24543892996651,55.66013887456407,64.36375229446976,38.67824417756429
RECLTD,Yes,2016-08-01,2017-01-30,36.37%,No,8,1,40.141597747802734,54.74079132080078,67.28798082139757,22.921096312009322,60.81720887568959,11.100346575698564
RECLTD,Yes,2016-08-05,2017-02-01,39.22%,No,8,2,39.61293029785156,55.15070343017578,67.32683563232422,22.077927288024853,60.81632647021063,10.27298418270926
RECLTD,Yes,2016-09-01,2017-02-28,33.90%,No,9,2,44.44661712646485,59.51433944702149,65.9748649597168,10.85540992762986,61.16177255599225,2.7681280247380915
RECLTD,Yes,2016-09-02,2017-03-01,33.62%,No,9,3,44.7447395324707,59.78727340698242,65.9748649597168,10.349345605066079,61.18468087514241,2.337299208558305
RECLTD,Yes,2016-10-03,2017-04-03,51.83%,No,10,4,46.17008209228515,70.0994644165039,61.252219762557594,-12.620987517649787,63.55308319350421,-9.338703622760416
RECLTD,Yes,2016-11-01,2017-05-02,68.63%,No,11,5,49.18846130371094,82.9458236694336,61.38167098999023,-25.997876355274506,63.55308319350421,-23.380008321113117
RECLTD,Yes,2016-12-01,2017-05-30,58.60%,No,12,5,50.567237854003906,80.19720458984375,63.42935464041574,-20.90827234588113,61.556192640824754,-23.243967223490618
RECLTD,Yes,2016-12-05,2017-06-05,47.76%,No,12,6,49.71016311645508,73.452392578125,61.322987583705356,-16.513287816348036,61.28768164651436,-16.561354238627533
RECLTD,Yes,2017-01-02,2017-07-03,44.86%,No,1,7,46.41229248046875,67.23387908935547,61.12451287203057,-9.08673766867653,61.809677637540375,-8.067661014480807
RECLTD,Yes,2018-11-01,2019-04-30,35.76%,No,11,4,49.74545669555664,67.53348541259766,65.39464889526367,-3.167075568907343,63.84804751656272,-5.4572007849419455
RECLTD,Yes,2018-12-31,2019-07-01,43.86%,No,12,7,51.604305267333984,74.2387466430664,63.866040960534825,-13.972091598478448,63.866040960534825,-13.972091598478448
RECLTD,Yes,2022-10-31,2023-05-02,43.64%,No,10,5,83.0931396484375,119.35496520996094,130.15530922629617,9.048927287889546,130.78150484854714,9.573577118040657
RECLTD,Yes,2023-02-01,2023-07-31,82.37%,No,2,7,99.97251892089844,182.3214874267578,399.20734847219364,118.95792652117498,413.19901580810546,126.63210005573026
RECLTD,Yes,2023-05-02,2023-10-30,112.39%,No,5,10,119.35496520996094,253.49295043945312,414.6527351966271,63.57564755855687,414.6527351966271,63.57564755855687
RELIANCE,Yes,2016-09-06,2017-03-06,27.99%,No,9,3,223.48416137695312,286.0329895019531,295.0534775192673,3.153653021989119,409.5431884765625,43.1804034876075
RELIANCE,Yes,2016-10-03,2017-04-03,26.03%,No,10,4,238.99810791015625,301.2182312011719,292.47840044575355,-2.901494614242434,411.2191869099935,36.51869120609644
RELIANCE,Yes,2016-11-01,2017-05-02,30.40%,No,11,5,230.2989196777344,300.31982421875,411.2837094393644,36.94857158007304,402.59582419473617,34.05569387303895
RELIANCE,Yes,2016-12-01,2017-05-30,36.24%,No,12,5,218.63058471679688,297.8656921386719,411.52893888033356,38.15922737713129,403.36979352924186,35.42002458660206
RELIANCE,Yes,2016-12-05,2017-06-05,33.76%,No,12,6,217.77598571777344,291.29193115234375,411.6045588740596,41.303110335312766,403.36979352924186,38.476130091733346
RELIANCE,Yes,2017-01-02,2017-07-03,27.27%,No,1,7,237.77101135253903,302.62066650390625,404.31816955566404,33.60560408072628,406.34157034067005,34.27423018891043
RELIANCE,Yes,2017-02-01,2017-07-31,55.10%,No,2,7,230.00308227539065,356.74200439453125,404.995564142863,13.526178345672669,406.4715862073396,13.939928912271004
RELIANCE,Yes,2017-02-02,2017-08-01,54.90%,No,2,8,228.65545654296875,354.1799621582031,404.995564142863,14.347396073739999,406.4715862073396,14.76413960024626
RELIANCE,Yes,2017-03-01,2017-08-28,27.91%,No,3,8,270.508056640625,345.9968566894531,405.09761386447485,17.08129887089326,404.1101153564453,16.795892084982523
RELIANCE,Yes,2017-03-08,2017-09-04,25.94%,No,3,9,282.9324035644531,356.3333740234375,406.94327963552166,14.202965341314155,406.71846819353533,14.13987514029034
RELIANCE,Yes,2017-04-17,2017-10-16,26.99%,No,4,10,304.9871826171875,387.3097839355469,411.3112578810307,6.196970730147623,413.4896058500483,6.759401130661358
RELIANCE,Yes,2017-05-02,2017-10-30,38.63%,No,5,10,300.31982421875,416.3315124511719,407.7108483252587,-2.0706249390440266,413.84373278495593,-0.5975477694611728
RELIANCE,Yes,2017-05-05,2017-11-01,44.57%,No,5,11,291.0509033203125,420.77093505859375,407.7108483252587,-3.103847163663138,413.72944159256787,-1.6734743014142202
RELIANCE,Yes,2017-06-01,2017-11-28,43.17%,No,6,11,291.0509033203125,416.7070007324219,402.88662450453813,-3.316569244959279,402.88662450453813,-3.316569244959279
RELIANCE,Yes,2017-06-05,2017-12-04,36.72%,No,6,12,291.29193115234375,398.2646789550781,402.90660212590143,1.1655372459848203,402.90660212590143,1.1655372459848203
RELIANCE,Yes,2017-07-03,2018-01-01,32.79%,No,7,1,302.62066650390625,401.8647766113281,418.40459226212414,4.1157664501641165,418.40459226212414,4.1157664501641165
RELIANCE,Yes,2018-11-01,2019-04-30,31.86%,No,11,4,469.69732666015625,619.3555908203125,572.6689990815662,-7.53793013750174,573.0873190259176,-7.470388978504956
RELIANCE,Yes,2021-04-01,2021-09-28,26.47%,No,4,9,916.7699584960938,1159.3934326171875,1083.6144692025534,-6.536086998834589,1084.5599365234375,-6.454538553390165
RVNL,Yes,2021-01-01,2021-06-30,46.51%,No,1,6,20.80692481994629,30.483652114868164,27.16924751636594,-10.87272806425202,32.760473932538716,7.468992918207623
RVNL,Yes,2021-01-04,2021-07-05,39.33%,No,1,7,20.937509536743164,29.172040939331055,27.16924751636594,-6.865455273185428,32.760473932538716,12.300932254519
RVNL,Yes,2021-04-19,2021-10-18,27.29%,No,4,10,24.19696617126465,30.800247192382812,32.33493411540985,4.982709760220954,32.34268032136511,5.007859577710643
RVNL,Yes,2021-05-03,2021-11-01,31.40%,No,5,11,24.92061233520508,32.745052337646484,29.82084811817516,-8.930216966272525,32.68254144730106,-0.19090178785133316
RVNL,Yes,2021-07-19,2022-01-17,25.13%,No,7,1,28.131797790527344,35.20090103149414,29.472063964267946,-16.274688713509413,29.942456294750347,-14.938381071663704
RVNL,Yes,2022-06-01,2022-11-28,141.55%,No,6,11,32.01679992675781,77.33759307861328,120.23937728881836,55.47338946351178,63.7770593604263,-17.534207076243977
RVNL,Yes,2022-06-06,2022-12-05,122.65%,No,6,12,30.96235084533691,68.93763732910156,121.01528255275038,75.54312454172923,63.7770593604263,-7.485864280551372
RVNL,Yes,2022-07-01,2022-12-28,123.94%,No,7,12,28.75760269165039,64.39971160888672,124.59758888406957,93.47538330726927,124.59758888406957,93.47538330726927
RVNL,Yes,2022-08-01,2023-01-30,134.80%,No,8,1,29.812047958374023,69.99970245361328,124.59758888406957,77.99731215520048,121.15224373049853,73.07536958572433
RVNL,Yes,2022-08-05,2023-02-01,136.43%,No,8,2,29.66826057434082,70.14451599121094,124.59758888406957,77.62983623649433,121.15224373049853,72.71805503038729
RVNL,Yes,2022-09-01,2023-02-28,75.61%,No,9,2,31.585437774658203,55.46872329711914,118.72514083168723,114.03979355308762,121.15224373049853,118.41541778696529
RVNL,Yes,2022-09-02,2023-03-01,79.64%,No,9,3,31.4416446685791,56.48250961303711,119.85062208331999,112.19068151259424,121.61892424434065,115.32138900618001
RVNL,Yes,2022-10-03,2023-04-03,109.89%,No,10,4,34.66191864013672,72.75139617919922,122.49607793022605,68.37625717655935,123.91713150687839,70.32955793954683
RVNL,Yes,2022-10-31,2023-05-02,202.88%,No,10,5,38.62052154541016,116.97341918945312,121.3895824432373,3.775356217151904,121.3895824432373,3.775356217151904
RVNL,Yes,2022-11-01,2023-05-02,201.37%,No,11,5,38.813621520996094,116.97341918945312,121.3895824432373,3.775356217151904,121.3895824432373,3.775356217151904
RVNL,Yes,2022-12-01,2023-05-30,57.68%,No,12,5,72.46175384521484,114.25425720214844,122.43336987495422,7.158694015518913,122.84246155709931,7.516747791511949
RVNL,Yes,2022-12-05,2023-06-05,67.74%,No,12,6,68.93763732910156,115.63855743408205,122.9969072185579,6.363232080848433,162.12177100548377,40.19698498738083
RVNL,Yes,2023-02-01,2023-07-31,74.94%,No,2,7,70.14451599121094,122.70838165283205,166.82938443697415,35.955981319165105,152.28853113001043,24.10605459769397
RVNL,Yes,2023-02-02,2023-08-01,73.60%,No,2,8,71.2548599243164,123.6971664428711,166.82938443697415,34.869204553706126,152.61716750572467,23.379679498325558
RVNL,Yes,2023-03-01,2023-08-28,122.06%,No,3,8,56.48250961303711,125.4275360107422,163.1325283050537,30.061175953486224,161.0938831486114,28.43581901729663
RVNL,Yes,2023-03-06,2023-09-04,141.78%,No,3,9,63.144554138183594,152.66859436035156,162.26947689056396,6.2887082771921925,166.92326284009357,9.337001194951712
RVNL,Yes,2023-05-02,2023-10-30,32.45%,No,5,10,116.97341918945312,154.93406677246094,266.8404296875,72.22837768751454,266.8404296875,72.22837768751454
RVNL,Yes,2023-11-01,2024-04-29,88.76%,No,11,4,151.61439514160156,286.1845397949219,420.01227803132974,46.76274208673467,420.0217143871166,46.7660393842734
RVNL,Yes,2024-04-01,2024-09-30,103.83%,No,4,9,259.3795471191406,528.686767578125,431.54714635900547,-18.37375685873678,334.9156103799509,-36.65141045345724
SAIL,Yes,2016-02-10,2016-08-08,26.89%,No,2,8,31.542943954467773,40.024017333984375,40.505472001575285,1.2029143990553568,40.505472001575285,1.2029143990553568
SAIL,Yes,2016-03-01,2016-08-29,34.40%,No,3,8,29.99712562561035,40.31647491455078,50.14124875455289,24.36912914838249,50.05944302617287,24.166220217099678
SAIL,Yes,2016-05-20,2016-11-16,26.89%,No,5,11,33.08875274658203,41.98762512207031,50.54032480149042,20.369572355080592,51.294516911016444,22.16579709352047
SAIL,Yes,2016-06-13,2016-12-12,25.17%,No,6,12,36.68172073364258,45.914825439453125,50.64860807146345,10.30992187534865,51.387437802269346,11.919052964783315
SAIL,Yes,2016-07-21,2017-01-17,27.22%,No,7,1,38.97956085205078,49.591346740722656,50.997561384991904,2.835604871997788,50.66451863827913,2.1640305579263885
SAIL,Yes,2016-08-01,2017-01-30,35.37%,No,8,1,39.564456939697266,53.56032943725586,52.13542175292969,-2.6603788649123294,50.674530799235775,-5.387940418478383
SAIL,Yes,2016-08-05,2017-02-01,36.59%,No,8,2,40.19113540649414,54.897247314453125,50.37248634569573,-8.242236523881477,50.674530799235775,-7.692036890355356
SAIL,Yes,2016-09-01,2017-02-28,27.50%,No,9,2,40.10758209228515,51.13716125488281,51.5284565716255,0.7651877952167754,50.65864586584347,-0.9357488317630336
SAIL,Yes,2016-09-02,2017-03-01,31.84%,No,9,3,40.149356842041016,52.93364715576172,51.5284565716255,-2.6546264231545007,50.65864586584347,-4.297835898637152
SAIL,Yes,2016-10-03,2017-04-03,31.32%,No,10,4,40.149356842041016,52.724754333496094,49.6214016696863,-5.885949973669637,50.60866208076477,-4.013470104282619
SAIL,Yes,2016-11-18,2017-05-17,26.90%,No,11,5,41.15205001831055,52.223411560058594,50.535402866831994,-3.2322834583208637,50.535402866831994,-3.2322834583208637
SAIL,Yes,2017-05-02,2017-10-30,34.88%,No,5,10,49.46601486206055,66.72064208984375,63.94716360630133,-4.156852207458896,63.71319285306063,-4.5075244221022155
SAIL,Yes,2017-06-01,2017-11-28,42.38%,No,6,11,47.41886138916016,67.5144271850586,63.974372948540584,-5.243404090231914,63.120284753687244,-6.508449548608188
SAIL,Yes,2021-01-01,2021-06-30,78.10%,No,1,6,63.24314498901367,112.63752746582033,102.52699130514394,-8.976170187812773,101.45056583035377,-9.931824576725749
SAIL,Yes,2021-01-04,2021-07-05,60.92%,No,1,7,67.31786346435547,108.3252182006836,102.52699130514394,-5.352610400283566,101.45056583035377,-6.346308352311672
SAIL,Yes,2021-03-05,2021-09-01,66.50%,No,3,9,62.183494567871094,103.53854370117188,101.27662949335007,-2.184610799964538,100.08827631524268,-3.332350700128829
SAIL,Yes,2021-04-01,2021-09-28,33.69%,No,4,9,72.31742858886719,96.68401336669922,100.22480461814187,3.6622303193117203,100.22480461814187,3.6622303193117203
SAIL,Yes,2021-04-05,2021-10-04,36.32%,No,4,10,77.31971740722656,105.40179443359376,100.23172443669017,-4.905106241014605,100.23172443669017,-4.905106241014605
SAIL,Yes,2023-11-01,2024-04-29,100.36%,No,11,4,80.609130859375,161.50469970703125,130.40519871431238,-19.256096602224716,109.8210272281728,-32.001342730343076
SAIL,Yes,2023-12-01,2024-05-29,75.71%,No,12,5,90.5758819580078,159.15267944335938,127.7558036380344,-19.727519458130626,114.40779099374447,-28.114442437357205
SAIL,Yes,2023-12-04,2024-06-03,78.36%,No,12,6,91.4023895263672,163.02371215820312,128.87901763916017,-20.944618465016866,112.60037900963609,-30.93006071388849
SAIL,Yes,2024-02-01,2024-07-30,25.12%,No,2,7,116.00324249267578,145.1386260986328,106.08419882284629,-26.908362250339923,127.09683005015056,-12.430733660260413
SBICARD,Yes,2021-04-12,2021-10-11,26.55%,No,4,10,878.9046630859375,1112.2396240234375,830.501460484096,-25.33070729130979,875.6510734558105,-21.271365041985007
SBICARD,Yes,2022-03-04,2022-09-01,25.06%,No,3,9,734.6002197265625,918.7041015625,784.5325648716517,-14.604434274610723,784.5325648716517,-14.604434274610723
SBICARD,Yes,2024-10-21,2025-04-21,26.90%,No,10,4,716.808349609375,909.6500244140624,912.8640613555908,0.3533267581231263,912.8640613555908,0.3533267581231263
SBICARD,Yes,2024-11-01,2025-04-30,26.10%,No,11,4,692.7302856445312,873.5499877929688,891.6383341471354,2.070671009894583,891.6383341471354,2.070671009894583
SBICARD,Yes,2024-11-04,2025-05-05,31.75%,No,11,5,686.3992309570312,904.3499755859376,891.6383341471354,-1.4056108566339252,891.6383341471354,-1.4056108566339252
SBICARD,Yes,2024-12-02,2025-06-02,31.77%,No,12,6,700.9556884765625,923.6500244140624,871.4239156971807,-5.654317905747084,871.4239156971807,-5.654317905747084
SBICARD,Yes,2025-01-01,2025-06-30,41.04%,No,1,6,675.7809448242188,953.0999755859376,870.8055555555555,-8.63439535603701,870.8055555555555,-8.63439535603701
SBICARD,Yes,2025-01-02,2025-07-01,33.00%,No,1,7,700.6067504882812,931.7999877929688,870.8055555555555,-6.5458717575091026,870.8055555555555,-6.5458717575091026
SBILIFE,Yes,2019-01-03,2019-07-02,25.37%,No,1,7,591.6683349609375,741.7944946289062,976.305320457176,31.613988446434515,976.305320457176,31.613988446434515
SBILIFE,Yes,2019-02-01,2019-07-31,35.41%,No,2,7,582.6954345703125,789.03466796875,976.305320457176,23.734147571807696,976.305320457176,23.734147571807696
SBILIFE,Yes,2019-02-04,2019-08-05,34.47%,No,2,8,581.5122680664062,781.9610595703125,976.305320457176,24.853444875331213,976.305320457176,24.853444875331213
SBILIFE,Yes,2019-03-01,2019-08-28,36.74%,No,3,8,599.4087524414062,819.6047973632812,976.305320457176,19.11903439291838,976.305320457176,19.11903439291838
SBILIFE,Yes,2019-03-05,2019-09-03,33.92%,No,3,9,599.2608032226562,802.5389404296875,976.305320457176,21.652080824196794,976.305320457176,21.652080824196794
SBILIFE,Yes,2019-04-01,2019-09-30,41.96%,No,4,9,589.8441772460938,837.3631591796875,976.305320457176,16.592819943691033,840.3168438410355,0.35273639984848953
SBILIFE,Yes,2019-04-04,2019-10-01,39.17%,No,4,10,588.3505249023438,818.8132934570312,976.305320457176,19.234180521815063,840.6875947097252,2.6714638645326105
SBILIFE,Yes,2019-05-02,2019-10-29,55.93%,No,5,10,643.5548095703125,1003.5198974609376,973.5883472583912,-2.982656375651138,973.5883472583912,-2.982656375651138
SBILIFE,Yes,2019-05-06,2019-11-04,51.32%,No,5,11,652.9533081054688,988.0369873046876,972.5768933105469,-1.5647282634949764,839.3615588378906,-15.047556961645302
SBILIFE,Yes,2019-06-03,2019-12-02,35.69%,No,6,12,688.1731567382812,933.7725830078124,972.3612243652344,4.132552407259872,838.3646212064303,-10.217473026896936
SBILIFE,Yes,2019-07-01,2019-12-30,32.67%,No,7,12,728.04296875,965.9255981445312,841.290307086447,-12.903197854731157,839.6806114196777,-13.069845852243741
SBILIFE,Yes,2021-07-20,2022-01-17,26.92%,No,7,1,1006.7645874023438,1277.8145751953125,1123.7757182874177,-12.05486773261685,1247.6843781166888,-2.357947519421459
SBILIFE,Yes,2024-11-28,2025-05-27,26.47%,No,11,5,1425.8861083984375,1803.300048828125,1799.767646340763,-0.1958854539851889,1799.767646340763,-0.1958854539851889
SBILIFE,Yes,2024-12-02,2025-06-02,26.99%,No,12,6,1419.3486328125,1802.5,1799.443748474121,-0.16955625663683252,1799.443748474121,-0.16955625663683252
SBILIFE,Yes,2025-01-01,2025-06-30,31.52%,No,1,6,1397.73974609375,1838.300048828125,1810.9375038146973,-1.4884700150484542,1810.9375038146973,-1.4884700150484542
SBIN,Yes,2016-01-15,2016-07-13,25.17%,No,1,7,166.34764099121094,208.2195281982422,234.7796450805664,12.755824159315546,231.6679256663603,11.261382479837966
SBIN,Yes,2016-02-01,2016-08-01,33.31%,No,2,8,155.92269897460938,207.853759765625,235.44719123840332,13.275406470343645,234.80234843286974,12.96516776873887
SBIN,Yes,2016-03-01,2016-08-29,55.71%,No,3,8,146.2649688720703,227.74298095703125,231.4982247603567,1.6488955170187887,232.08877672467912,1.908201846390955
SBIN,Yes,2016-03-08,2016-09-06,43.72%,No,3,9,165.49014282226562,237.8476104736328,231.53255193373735,-2.6550859717783593,265.39723132905505,11.58288737926014
SBIN,Yes,2016-04-01,2016-09-28,31.40%,No,4,9,176.59202575683594,232.04087829589844,266.3078279495239,14.767634869028676,265.39723132905505,14.375205471606861
SBIN,Yes,2016-04-04,2016-10-03,32.85%,No,4,10,175.73460388183594,233.45828247070312,266.3078279495239,14.07084175004291,265.39723132905505,13.680794924189493
SBIN,Yes,2016-05-02,2016-11-01,41.05%,No,5,11,167.8820037841797,236.79600524902344,265.39723132905505,12.078424232686485,265.1320560536486,11.966439541421297
SBIN,Yes,2016-06-01,2016-11-28,29.57%,No,6,11,178.93878173828125,231.8580017089844,265.39723132905505,14.465418218417698,263.05584106445315,13.455580193702602
SBIN,Yes,2016-06-06,2016-12-05,29.16%,No,6,12,181.8834686279297,234.92138671875,265.39723132905505,12.972784230492817,263.05584106445315,11.976114537151942
SBIN,Yes,2018-10-26,2019-04-24,25.25%,No,10,4,228.92599487304688,286.7341613769531,314.49158207062754,9.680541920913049,297.44329140403056,3.734863671510263
SBIN,Yes,2018-11-26,2019-05-27,26.29%,No,11,5,264.2660827636719,333.74664306640625,292.74680637668916,-12.284718825339395,293.719990123402,-11.993125256705598
SBIN,Yes,2018-12-04,2019-06-03,25.80%,No,12,6,260.7135925292969,327.9796142578125,292.86053868343953,-10.707700737390093,293.719990123402,-10.445656572874768
SBIN,Yes,2021-01-01,2021-06-30,51.42%,No,1,6,257.8070373535156,390.3739929199219,398.71342789499386,2.136268072751113,398.71342789499386,2.136268072751113
SBIN,Yes,2021-08-10,2022-02-07,25.04%,No,8,2,397.12542724609375,496.5814208984375,437.5054178873698,-11.896539122262114,456.4947204589844,-8.072533274991734
SBIN,Yes,2022-07-01,2022-12-28,28.75%,No,7,12,441.5320739746094,568.4542236328125,554.77855597602,-2.405764103465638,547.8288188261145,-3.62833170187171
SBIN,Yes,2022-07-04,2023-01-02,29.31%,No,7,1,447.7741394042969,578.9995727539062,554.77855597602,-4.1832529621193615,547.8288188261145,-5.383553873715963
SBIN,Yes,2023-09-01,2024-02-28,30.37%,No,9,2,549.1300659179688,715.8793334960938,783.6808174328926,9.471077144479237,792.6161928530092,10.719244957409321
SBIN,Yes,2023-09-04,2024-03-04,34.14%,No,9,3,554.9149780273438,744.369873046875,783.6808174328926,5.2811036299882685,792.6161928530092,6.481498184316768
SBIN,Yes,2023-11-01,2024-04-29,45.92%,No,11,4,546.0930786132812,796.86767578125,793.9844077505717,-0.3618251961157245,792.8608988099179,-0.5028158492442114
SBIN,Yes,2023-12-01,2024-05-29,46.30%,No,12,5,551.2511596679688,806.4567260742188,799.1928388807509,-0.9007163011496037,792.3221875800461,-1.7526716607571318
SBIN,Yes,2024-02-01,2024-07-30,37.02%,No,2,7,624.4299926757812,855.6195068359375,793.8918922825864,-7.214376724721778,793.2310593825121,-7.29161116068246
SHREECEM,Yes,2015-12-08,2016-06-06,27.31%,No,12,6,10483.5478515625,13346.7099609375,16217.940755208334,21.51264845549362,15923.354558771307,19.305466331215744
SHREECEM,Yes,2016-01-01,2016-06-29,27.14%,No,1,6,10915.3271484375,13877.22265625,16216.562053571428,16.857403352736725,15936.235559341756,14.837355817479958
SHREECEM,Yes,2016-01-04,2016-07-04,32.82%,No,1,7,10604.4140625,14084.271484375,16216.562053571428,15.139516243789942,15936.235559341756,13.149164846909638
SHREECEM,Yes,2016-02-01,2016-08-01,52.82%,No,2,8,10241.76953125,15651.982421875,16124.396313476562,3.018236788595689,17180.817421875,9.767676443741209
SHREECEM,Yes,2016-03-01,2016-08-29,63.06%,No,3,8,9990.1005859375,16289.466796875,15931.881042480469,-2.1951961893751557,17183.890459480932,5.490809943377151
SHREECEM,Yes,2016-03-08,2016-09-06,58.68%,No,3,9,10902.615234375,17300.75390625,15931.881042480469,-7.912215104539564,17188.120873235886,-0.6510296234745253
SHREECEM,Yes,2016-04-01,2016-09-28,37.44%,No,4,9,11774.4833984375,16183.126953125,17189.09838169643,6.216174608808673,17196.22216796875,6.260194446834756
SHREECEM,Yes,2016-04-04,2016-10-03,43.95%,No,4,10,11956.0634765625,17211.103515625,17183.285210503473,-0.16162999133828163,17195.98595610119,-0.0878360850603495
SHREECEM,Yes,2016-05-02,2016-11-01,33.98%,No,5,11,12072.1005859375,16174.51953125,17208.058069740855,6.389918021948075,17214.03158674569,6.4268496723336845
SHREECEM,Yes,2016-11-11,2017-05-10,29.13%,No,11,5,14687.5234375,18965.767578125,17287.068459535258,-8.85120579314672,16538.5459375,-12.797908814534582
SHREECEM,Yes,2018-10-11,2019-04-09,28.07%,No,10,4,14409.376953125,18453.701171875,19783.444520692567,7.205835493013227,19566.710558535447,6.031361277036218
SHREECEM,Yes,2018-11-01,2019-04-30,41.75%,No,11,4,13593.197265625,19268.318359375,19851.697398792614,3.0276593345457723,19586.465339781746,1.651140356272716
SHREECEM,Yes,2019-02-01,2019-07-31,27.98%,No,2,7,15366.361328125,19666.341796875,19595.75300480769,-0.358931990486025,19589.78128616898,-0.3892971631266156
SHREECEM,Yes,2022-06-09,2022-12-06,25.35%,No,6,12,18882.353515625,23668.298828125,23731.04195851293,0.2650935364791558,23776.100534539473,0.45546875674213105
SHREECEM,Yes,2022-07-01,2022-12-28,26.68%,No,7,12,18897.8984375,23938.9453125,23807.965638241527,-0.5471405383514558,23924.38819110577,-0.060809368183108906
SHREECEM,Yes,2022-08-22,2023-02-20,26.89%,No,8,2,20633.8203125,26183.2421875,23790.148279138513,-9.139792128203132,25742.78151483051,-1.6822235745876002
SHREECEM,Yes,2022-09-02,2023-03-01,25.08%,No,9,3,20788.5390625,26002.125,23790.148279138513,-8.506907496450719,25741.64810075431,-1.0017523538775712
SHRIRAMFIN,Yes,2015-11-30,2016-05-30,36.50%,No,11,5,149.4775390625,204.0324249267578,198.8101845877511,-2.5595149108683817,164.11841583251953,-19.562581343904696
SHRIRAMFIN,Yes,2015-12-01,2016-05-30,36.31%,No,12,5,149.68157958984375,204.0324249267578,198.8101845877511,-2.5595149108683817,164.11841583251953,-19.562581343904696
SHRIRAMFIN,Yes,2015-12-04,2016-06-01,37.51%,No,12,6,143.7058868408203,197.61468505859375,198.7899082068241,0.5947043600944357,164.11841583251953,-16.95029355543208
SHRIRAMFIN,Yes,2016-01-01,2016-06-29,32.25%,No,1,6,147.1739959716797,194.6311187744141,163.99131101720474,-15.742501995645528,164.51214877041903,-15.474899488660007
SHRIRAMFIN,Yes,2016-01-04,2016-07-04,47.52%,No,1,7,142.95785522460938,210.8921661376953,163.99131101720474,-22.23925903908074,164.51214877041903,-21.99229028592457
SHRIRAMFIN,Yes,2016-02-01,2016-08-01,61.15%,No,2,8,137.6366424560547,221.80767822265625,163.99131101720474,-26.06598999129956,164.93872334406927,-25.638857651041487
SHRIRAMFIN,Yes,2016-03-01,2016-08-29,48.65%,No,3,8,144.52188110351562,214.83853149414065,163.03160552978517,-24.11435490833656,171.22113563274516,-20.302408305460364
SHRIRAMFIN,Yes,2016-03-08,2016-09-06,34.89%,No,3,9,156.75384521484375,211.44789123535156,161.75885170384458,-23.499425433475103,168.87930631637573,-20.13195055778304
SHRIRAMFIN,Yes,2016-04-01,2016-09-28,27.97%,No,4,9,157.49331665039062,201.54083251953125,161.80836760692108,-19.714349899174756,168.88736924391526,-16.20190949268385
SHRIRAMFIN,Yes,2016-04-04,2016-10-03,32.66%,No,4,10,156.9748077392578,208.24517822265625,161.80836760692108,-22.29910483981762,168.88736924391526,-18.899745633802638
SHRIRAMFIN,Yes,2017-05-08,2017-11-06,31.75%,No,5,11,171.2598419189453,225.62969970703125,251.98853932256284,11.682344855201782,253.19532470703126,12.217197042673273
SHRIRAMFIN,Yes,2017-06-01,2017-11-28,25.46%,No,6,11,176.1292266845703,220.97561645507812,251.9093780517578,13.998721710984874,253.19532470703126,14.580662232705228
SHRIRAMFIN,Yes,2017-06-05,2017-12-04,27.99%,No,6,12,175.08331298828125,224.0842742919922,251.9093780517578,12.417249647562608,253.19532470703126,12.991117072814323
SHRIRAMFIN,Yes,2017-07-03,2018-01-01,43.78%,No,7,1,177.4763946533203,255.1797332763672,251.9090838310046,-1.2817042338626357,253.34564806067425,-0.7187425083270891
SHRIRAMFIN,Yes,2017-08-01,2018-01-29,39.02%,No,8,1,178.33026123046875,247.9058380126953,230.3932592929938,-7.064205853354968,206.25159881591796,-16.802443835406663
SHRIRAMFIN,Yes,2017-08-07,2018-02-05,36.74%,No,8,2,170.44699096679688,233.0725860595703,230.36029795053844,-1.1637096214904694,206.25159881591796,-11.507568391933171
SHRIRAMFIN,Yes,2017-09-01,2018-02-28,31.33%,No,9,2,175.88938903808594,231.0030212402344,253.39765668596542,9.694520584837477,206.18081335927926,-10.745403998478873
SHRIRAMFIN,Yes,2017-09-04,2018-03-05,28.39%,No,9,3,184.71273803710935,237.15977478027344,253.39765668596542,6.846811151147467,206.18081335927926,-13.062485596343617
SHRIRAMFIN,Yes,2017-10-03,2018-04-02,38.88%,No,10,4,183.0912628173828,254.2790985107422,206.27833195736534,-18.87719707774134,206.56332370691132,-18.76511875466441
SHRIRAMFIN,Yes,2017-11-01,2018-04-30,35.03%,No,11,4,206.5339813232422,278.8887634277344,204.4428015814887,-26.69378318841307,213.79369394402755,-23.340872068004366
SHRIRAMFIN,Yes,2023-02-01,2023-07-31,48.02%,No,2,7,245.3561553955078,363.1705017089844,365.8160974839154,0.7284720984996244,358.4042652675084,-1.3123963590234746
SHRIRAMFIN,Yes,2023-05-02,2023-10-30,44.82%,No,5,10,250.64205932617188,362.9882507324219,460.3485157101653,26.821877782901826,479.31352622836243,32.046567695021665
SIEMENS,Yes,2016-01-15,2016-07-13,25.56%,No,1,7,552.6432495117188,693.8748779296875,692.1495276557075,-0.2486543797532931,705.0254914656929,1.6070063768954188
SIEMENS,Yes,2016-02-01,2016-08-01,29.29%,No,2,8,549.8098754882812,710.8705444335938,670.3728675842285,-5.696913054912538,683.4776015508743,-3.853436198365143
SIEMENS,Yes,2016-03-01,2016-08-29,29.56%,No,3,8,544.684814453125,705.6876831054688,683.366217197516,-3.16307999166491,753.0174255371094,6.706896487602002
SIEMENS,Yes,2016-03-08,2016-09-06,26.00%,No,3,9,555.9179077148438,700.4556274414062,682.8607276710304,-2.5119221091342667,753.0174255371094,7.503944009658195
SIEMENS,Yes,2016-11-09,2017-05-08,25.74%,No,11,5,597.330078125,751.0557861328125,747.6743695659022,-0.450221758402421,752.0451749475991,0.1317330660457272
SIEMENS,Yes,2016-12-02,2017-05-31,26.36%,No,12,5,601.2679443359375,759.7501831054688,726.4697322845459,-4.380446567961254,725.9046051025391,-4.454829857965455
SIEMENS,Yes,2016-12-05,2017-06-05,27.83%,No,12,6,601.625732421875,769.0557861328125,726.4697322845459,-5.537446647714601,715.1397990774601,-7.0106730912809665
SIEMENS,Yes,2018-10-09,2019-04-08,29.93%,No,10,4,500.0451049804687,649.7021484375,654.9621599469866,0.8096035271141817,665.2353245661809,2.390814955135579
SIEMENS,Yes,2018-11-01,2019-04-30,25.75%,No,11,4,529.00439453125,665.2448120117188,862.5936377740676,29.66559410896577,664.4734161975337,-0.11595668245083728
SIEMENS,Yes,2018-12-31,2019-07-01,28.57%,No,12,7,586.97900390625,754.700439453125,856.6764464086416,13.51211707646692,856.6764464086416,13.51211707646692
SIEMENS,Yes,2019-04-01,2019-09-30,34.01%,No,4,9,641.7322387695312,859.982421875,856.8708628778872,-0.3618165811260062,662.91921875,-22.91479431583585
SIEMENS,Yes,2019-04-04,2019-10-01,35.21%,No,4,10,647.43310546875,875.4116821289062,856.458844672309,-2.1650199378772226,662.91921875,-24.27343245661831
SIEMENS,Yes,2019-05-02,2019-10-29,42.74%,No,5,10,652.1129150390625,930.832275390625,855.7709147135416,-8.06389750995514,662.91921875,-28.782097884196688
SIEMENS,Yes,2019-05-06,2019-11-04,47.30%,No,5,11,648.283935546875,954.9404296875,855.7709147135416,-10.384890186962883,662.599001416973,-30.613577473748222
SIEMENS,Yes,2021-01-01,2021-06-30,27.10%,No,1,6,915.7615356445312,1163.9346923828125,1364.3022739955356,17.214675610581697,1371.6920523807921,17.849571918219723
SIEMENS,Yes,2021-06-17,2021-12-14,25.15%,No,6,12,1157.7435302734375,1448.921630859375,1355.972305063101,-6.415069236087291,1355.972305063101,-6.415069236087291
SIEMENS,Yes,2023-02-01,2023-07-31,35.24%,No,2,7,1715.8883056640625,2320.5947265625,2155.3744322311045,-7.1197392823578705,2325.069110292377,0.1928119407779962
SIEMENS,Yes,2023-09-14,2024-03-12,25.42%,No,9,3,2230.375244140625,2797.442626953125,3994.5537109375,42.79305221312889,3990.09430870643,42.63364225104051
SOLARINDS,Yes,2016-10-13,2017-04-11,27.48%,No,10,4,651.9846801757812,831.175048828125,810.215724182129,-2.5216498829634784,810.215724182129,-2.5216498829634784
SOLARINDS,Yes,2016-11-21,2017-05-22,26.95%,No,11,5,630.021240234375,799.8374633789062,1140.952646616343,42.64806274469798,1031.6341311432595,28.980471455429246
SOLARINDS,Yes,2016-12-01,2017-05-30,25.21%,No,12,5,644.5346069335938,807.0169677734375,1140.952646616343,41.37901582964669,1031.6341311432595,27.83301619909449
SOLARINDS,Yes,2016-12-05,2017-06-05,27.45%,No,12,6,629.6343383789062,802.4569702148438,1140.952646616343,42.18240839890429,1031.6341311432595,28.55943302069613
SOLARINDS,Yes,2017-01-23,2017-07-24,28.41%,No,1,7,677.7216186523438,870.2744140625,1142.5321978400734,31.28413054299225,1140.953815964033,31.102764545033935
SOLARINDS,Yes,2017-02-01,2017-07-31,27.09%,No,2,7,685.4136962890625,871.0989990234375,1142.5321978400734,31.159856585868127,1122.1948658336294,28.825181419297667
SOLARINDS,Yes,2017-02-02,2017-08-01,26.10%,No,2,8,688.122802734375,867.7033081054688,1142.5321978400734,31.673140711502207,1138.3940232799898,31.19622947681776
SOLARINDS,Yes,2017-03-01,2017-08-28,25.71%,No,3,8,695.8313598632812,874.7425537109375,1142.4173828125,30.600412426033262,1034.0928227850732,18.216819154175237
SOLARINDS,Yes,2017-03-20,2017-09-18,28.09%,No,3,9,718.0006103515625,919.6697998046876,1144.0257955411585,24.395277064019915,1125.0982901589912,22.33720085164598
SOLARINDS,Yes,2017-05-02,2017-10-30,30.84%,No,5,10,766.5592651367188,1003.0017700195312,1136.609875801282,13.320824526476061,1139.2093334197998,13.579992326196614
SOLARINDS,Yes,2017-05-05,2017-11-01,32.66%,No,5,11,757.8761596679688,1005.386962890625,1140.0981567382812,13.39893979332526,1139.2093334197998,13.310533701811408
SOLARINDS,Yes,2017-06-01,2017-11-28,41.89%,No,6,11,802.5540771484375,1138.757080078125,1120.7647600446428,-1.5799963265429557,1138.8797414679277,0.010771515009531277
SOLARINDS,Yes,2017-06-05,2017-12-04,38.22%,No,6,12,802.4569702148438,1109.1624755859375,1145.854244656033,3.3080608006245695,1139.1550181995738,2.704071159438755
SOLARINDS,Yes,2017-07-03,2018-01-01,44.98%,No,7,1,796.4901733398438,1154.77099609375,1030.9668189154731,-10.72110207106603,1007.1230799357096,-12.785904448370264
SOLARINDS,Yes,2021-01-01,2021-06-30,45.00%,No,1,6,1082.3721923828125,1569.444580078125,2286.4090401785716,45.68268731507276,2353.23257251496,49.9404695384541
SOLARINDS,Yes,2021-04-01,2021-09-28,55.01%,No,4,9,1279.71630859375,1983.7017822265625,2356.463333932977,18.791209195165244,2292.078464084201,15.545516197072127
SOLARINDS,Yes,2021-04-05,2021-10-04,94.54%,No,4,10,1235.454833984375,2403.48583984375,2735.343819754464,13.807361558339293,2292.078464084201,-4.635241610859309
SOLARINDS,Yes,2021-07-01,2021-12-28,49.04%,No,7,12,1574.3953857421875,2346.54736328125,2755.862637606534,17.44329906697156,2715.4367835873463,15.720518838804379
SOLARINDS,Yes,2021-08-02,2022-01-31,34.71%,No,8,1,1703.020751953125,2294.130126953125,2703.711219200721,17.853437668401494,2751.7197791466347,19.94610710253139
SOLARINDS,Yes,2021-08-05,2022-02-01,29.92%,No,8,2,1759.807861328125,2286.329833984375,2703.711219200721,18.2555193486225,2751.7197791466347,20.355328362716023
SOLARINDS,Yes,2021-09-01,2022-02-28,32.17%,No,9,2,1738.906494140625,2298.254150390625,2726.910957845052,18.65141013153702,2764.4754578637294,20.285889939276846
SOLARINDS,Yes,2021-09-02,2022-03-02,30.54%,No,9,3,1744.5206298828125,2277.337158203125,2726.910957845052,19.741205118553978,2764.4754578637294,21.390697372407015
SOLARINDS,Yes,2021-10-01,2022-03-30,27.27%,No,10,3,2153.22509765625,2740.49560546875,2777.0567979600696,1.3341087801184772,3819.7505696614585,39.38174401881979
SOLARINDS,Yes,2023-11-01,2024-04-29,60.15%,No,11,4,5513.96044921875,8830.56640625,10126.572779605263,14.676367446124297,10105.079156839623,14.432967172836875
SONACOMS,Yes,2021-06-24,2021-12-21,96.37%,No,6,12,354.1451416015625,695.4461059570312,557.2455940246582,-19.87221018977305,563.9343082203585,-18.910422620843363
SONACOMS,Yes,2021-07-01,2021-12-28,111.29%,No,7,12,338.2125244140625,714.6141967773438,558.8967272440592,-21.790424852390984,557.026343451606,-22.052158218574867
SONACOMS,Yes,2021-07-05,2022-01-03,93.33%,No,7,1,375.5683288574219,726.0857543945312,558.021100212546,-23.146667341260688,557.026343451606,-23.28366999623903
SONACOMS,Yes,2021-08-02,2022-01-31,46.24%,No,8,1,430.6706848144531,629.8037109375,555.8931477864584,-11.73549184729658,554.4610953952955,-11.962872595661999
SONACOMS,Yes,2021-08-05,2022-02-01,62.12%,No,8,2,401.5017395019531,650.9329223632812,555.8931477864584,-14.60054812280363,554.4610953952955,-14.820548116960271
SONACOMS,Yes,2021-09-01,2022-02-28,27.77%,No,9,2,488.7143859863281,624.4234619140625,560.0230477072976,-10.313580147894598,458.8394669966264,-26.51790091452792
SONACOMS,Yes,2021-09-02,2022-03-02,25.88%,No,9,3,484.89056396484375,610.3860473632812,560.0230477072976,-8.251007681702351,458.8394669966264,-24.827988945897285
SONACOMS,Yes,2022-12-23,2023-06-21,28.41%,No,12,6,393.73089599609375,505.5739135742187,550.4000631192836,8.866388937704627,570.8442001342773,12.9101373325657
SONACOMS,Yes,2023-01-04,2023-07-03,26.22%,No,1,7,403.31488037109375,509.0582275390625,572.4254937065972,12.447940675445073,572.3260420129654,12.42840426718142
SONACOMS,Yes,2023-02-01,2023-07-31,25.60%,No,2,7,448.7774963378906,563.6866455078125,572.750714983259,1.607997909420194,555.9521055830286,-1.3721346756079427
SONACOMS,Yes,2023-02-02,2023-08-01,26.44%,No,2,8,443.4203186035156,560.6710205078125,572.750714983259,2.154506659628242,555.8495204759681,-0.8599517106265698
SONACOMS,Yes,2023-03-01,2023-08-28,28.73%,No,3,8,453.4244689941406,583.7088623046875,572.2892746698288,-1.9563841449605748,577.1183144173971,-1.1290813473807182
SONACOMS,Yes,2023-03-06,2023-09-04,27.75%,No,3,9,451.4035949707031,576.6887817382812,572.1321207682291,-0.7901421207323002,576.7879655626085,0.01719884753580696
SONACOMS,Yes,2023-04-03,2023-10-03,39.77%,No,4,10,413.9919738769531,578.6168823242188,631.5717839421453,9.15198004683419,635.9734429253472,9.912700848052614
SONACOMS,Yes,2023-10-20,2024-04-18,25.65%,No,10,4,534.4197387695312,671.5084228515625,661.176065499442,-1.5386787418457317,661.0991712297712,-1.5501297180441027
SRF,Yes,2016-01-27,2016-07-25,25.72%,No,1,7,211.8202362060547,266.3090515136719,312.7925284249442,17.454711601826993,313.282231257512,17.63859676449211
SRF,Yes,2016-02-01,2016-08-01,30.53%,No,2,8,221.9618682861328,289.720703125,307.8996003803454,6.274628309010466,297.9035171197385,2.824380138000717
SRF,Yes,2016-03-01,2016-08-29,52.29%,No,3,8,210.8870391845703,321.1571350097656,308.0328886244032,-4.086549839524302,297.9422507908033,-7.228512677526658
SRF,Yes,2016-03-08,2016-09-06,45.77%,No,3,9,226.49484252929688,330.1632995605469,308.0328886244032,-6.702868236899631,297.9900722129672,-9.744640724878503
SRF,Yes,2016-04-01,2016-09-28,40.88%,No,4,9,245.01351928710935,345.167236328125,316.5926007952009,-8.278490113053579,297.98705899513374,-13.668787870741173
SRF,Yes,2016-04-04,2016-10-03,49.84%,No,4,10,244.84115600585935,366.8609619140625,316.5926007952009,-13.702292240796396,298.0049062093099,-18.768978673964817
SRF,Yes,2016-05-02,2016-11-01,33.95%,No,5,11,260.2669982910156,348.6371154785156,294.77195909288196,-15.45020710480065,294.9807764689128,-15.390311767568923
SRF,Yes,2016-06-03,2016-11-30,25.99%,No,6,11,240.31201171875,302.7602844238281,296.87765904476765,-1.9429977053481362,298.65502872107163,-1.3559426100319116
SRF,Yes,2016-11-17,2017-05-16,26.35%,No,11,5,281.2491760253906,355.353759765625,295.2944753546464,-16.90126606528405,303.4578063964844,-14.604025409318533
SRF,Yes,2017-06-27,2017-12-26,27.40%,No,6,12,296.70550537109375,378.0128173828125,376.45657947016696,-0.41168919176344887,376.9286308288574,-0.2868121143249821
SRF,Yes,2017-07-03,2018-01-01,25.00%,No,7,1,304.95562744140625,381.200439453125,376.14293459628493,-1.3267311192231652,376.68145575890173,-1.1854613023810407
SRF,Yes,2017-08-14,2018-02-12,29.63%,No,8,2,283.05169677734375,366.9092712402344,363.8556898163586,-0.8322442803241181,393.7091345214844,7.304220792966213
SRF,Yes,2017-09-01,2018-02-28,25.30%,No,9,2,294.5816650390625,369.0969848632813,363.5127360026042,-1.5129489239110434,393.7091345214844,6.6682066414928185
SRF,Yes,2017-09-04,2018-03-05,25.51%,No,9,3,291.41326904296875,365.75347900390625,363.3174644919003,-0.6660263406489532,393.7091345214844,7.643305429031765
SRF,Yes,2017-10-03,2018-04-02,27.16%,No,10,4,303.92169189453125,386.4753723144531,393.25674635364163,1.754671713899246,385.2286710517351,-0.3225823304734832
SRF,Yes,2017-11-01,2018-04-30,41.47%,No,11,4,328.74462890625,465.0670471191406,393.71690047414677,-15.341905449326623,392.22995991609537,-15.661631511893786
SRF,Yes,2018-12-03,2019-06-03,33.68%,No,12,6,418.1639099121094,558.9826049804688,551.9530053710937,-1.2575703692283364,551.8120594371449,-1.2827850955352074
SRF,Yes,2018-12-31,2019-07-01,51.46%,No,12,7,389.9554443359375,590.640625,549.8856188185672,-6.900135963629797,550.2339057922363,-6.841168300565792
SRF,Yes,2019-02-01,2019-07-31,37.77%,No,2,7,383.4810791015625,528.3120727539062,551.2118991758765,4.334526429161739,711.7469807942708,34.720938153879864
SRF,Yes,2021-01-01,2021-06-30,28.52%,No,1,6,1116.958251953125,1435.525390625,2121.5574951171875,47.78961828000147,2145.163896833147,49.43406162249658
SRF,Yes,2021-07-01,2021-12-28,62.79%,No,7,12,1449.731201171875,2360.080322265625,2378.9810485839844,0.8008509769792536,2375.9352591378347,0.671796494493429
SRF,Yes,2021-08-02,2022-01-31,33.82%,No,8,1,1776.71337890625,2377.515869140625,2457.134975857205,3.3488359741362785,2375.7194611922555,-0.07555818960816586
SUNPHARMA,Yes,2017-08-14,2018-02-12,25.71%,No,8,2,436.87396240234375,549.203125,531.9041918377544,-3.149824240757113,482.37205403645834,-12.168734648686069
SUNPHARMA,Yes,2018-03-07,2018-09-03,25.03%,No,3,9,489.2629699707031,611.7068481445312,402.68981806437176,-34.16947688491039,388.8917920076394,-36.4251367812456
SUNPHARMA,Yes,2018-04-02,2018-10-01,25.35%,No,4,10,473.4155578613281,593.4486694335938,388.1730817711872,-34.590285265670595,400.51621034920936,-32.510387000871575
SUNPHARMA,Yes,2018-05-15,2018-11-12,26.17%,No,5,11,436.87347412109375,551.1864013671875,390.19590730487175,-29.207994548303024,390.1903423840487,-29.209004174231616
SUNPHARMA,Yes,2021-02-01,2021-08-02,32.47%,No,2,8,560.4542846679688,742.4369506835938,758.3983712332589,2.1498688252206173,800.1551900724086,7.774160396471531
SUNPHARMA,Yes,2021-03-01,2021-08-30,30.58%,No,3,8,579.052978515625,756.1112060546875,799.2606549944196,5.7067596134279786,800.1551900724086,5.825066956425387
SUNPHARMA,Yes,2021-04-01,2021-09-28,27.24%,No,4,9,585.0882568359375,744.489013671875,799.3461473253038,7.368427558503433,800.1551900724086,7.477098436413973
SUNPHARMA,Yes,2021-07-05,2022-01-03,25.14%,No,7,1,651.6201782226562,815.4224243164062,853.7205574281754,4.696723068889806,857.2340863545736,5.12760757998768
SUNPHARMA,Yes,2022-06-17,2022-12-14,26.49%,No,6,12,768.0797119140625,971.507568359375,966.6829459450462,-0.49661192269210563,981.2714367675782,1.0050223720533453
SUNPHARMA,Yes,2023-09-01,2024-02-28,42.73%,No,9,2,1089.0582275390625,1554.35986328125,1492.765879038218,-3.962659207695143,1798.2123849051338,15.688292485184977
SUNPHARMA,Yes,2023-09-04,2024-03-04,40.77%,No,9,3,1088.9599609375,1532.8790283203125,1492.765879038218,-2.6168502889656913,1798.2123849051338,17.309477896345577
SUNPHARMA,Yes,2023-10-03,2024-04-01,43.55%,No,10,4,1120.9248046875,1609.0736083984375,1492.765879038218,-7.228241688457272,1746.0880515358665,8.515113443057702
SUNPHARMA,Yes,2023-11-01,2024-04-29,37.10%,No,11,4,1096.1287841796875,1502.7567138671875,1798.2123849051338,19.6609117305237,1797.363694794324,19.604436181089895
SUNPHARMA,Yes,2023-11-03,2024-05-02,33.88%,No,11,5,1120.5810546875,1500.1890869140625,1798.2123849051338,19.865715634828067,1797.7886889648437,19.837472799042498
SUNPHARMA,Yes,2024-01-30,2024-07-29,26.74%,No,1,7,1347.0836181640625,1707.3065185546875,1798.6466979980469,5.349957869351017,1690.1160717773437,-1.0068752500222582
SUPREMEIND,Yes,2015-11-30,2016-05-30,44.87%,No,11,5,587.0797119140625,850.5135498046875,829.9081576478247,-2.4227000453543157,814.8597966336656,-4.1920264737945026
SUPREMEIND,Yes,2015-12-01,2016-05-30,46.90%,No,12,5,578.98193359375,850.5135498046875,829.9081576478247,-2.4227000453543157,814.8597966336656,-4.1920264737945026
SUPREMEIND,Yes,2015-12-04,2016-06-01,42.18%,No,12,6,593.3778686523438,843.6542358398438,829.9081576478247,-1.6293497511258297,814.8597966336656,-3.413061652859925
SUPREMEIND,Yes,2016-01-01,2016-06-29,33.18%,No,1,6,619.4701538085938,825.029541015625,817.3218660174675,-0.9342301838876214,823.1530908512163,-0.22744036075347204
SUPREMEIND,Yes,2016-01-04,2016-07-04,31.55%,No,1,7,619.920166015625,815.489990234375,820.962735450874,0.6710990057555586,823.2631185431229,0.953185005558914
SUPREMEIND,Yes,2016-02-01,2016-08-01,27.23%,No,2,8,667.2913208007812,849.0144653320312,829.4950390625,-2.29906875166109,824.0526790618896,-2.94008963208649
SUPREMEIND,Yes,2016-03-01,2016-08-29,34.37%,No,3,8,641.381591796875,861.8245239257812,816.3814327052382,-5.272893722441401,823.7053842852192,-4.423074370977726
SUPREMEIND,Yes,2016-03-08,2016-09-06,25.92%,No,3,9,684.218505859375,861.5520629882812,816.3814327052382,-5.242936814099116,823.7053842852192,-4.392848712101199
SUPREMEIND,Yes,2016-04-01,2016-09-28,25.32%,No,4,9,676.2589721679688,847.515380859375,823.6446826641376,-2.8165504407757993,823.6446826641376,-2.8165504407757993
SUPREMEIND,Yes,2017-07-21,2018-01-17,28.26%,No,7,1,999.9916381835938,1282.563232421875,1099.3085778967127,-14.288157487496425,1098.5545922256097,-14.346944894779204
SUPREMEIND,Yes,2021-04-08,2021-10-05,28.01%,No,4,10,1892.7537841796875,2422.94677734375,1945.0088168057528,-19.7254832424324,1944.1225024414061,-19.76206326031122
SUPREMEIND,Yes,2022-05-10,2022-11-07,25.63%,No,5,11,1835.3995361328125,2305.84033203125,2436.3423095703124,5.65962767353025,2569.7999015687005,11.447434840595598
SUPREMEIND,Yes,2022-06-01,2022-11-28,28.79%,No,6,11,1826.5682373046875,2352.375732421875,2400.103854709201,2.0289327775962036,2640.8362426757812,12.262518537245892
SUPREMEIND,Yes,2022-06-06,2022-12-05,34.31%,No,6,12,1811.2218017578125,2432.73681640625,2606.2810611364976,7.133704047222627,2642.4040489783656,8.618574403861968
SUPREMEIND,Yes,2022-07-01,2022-12-28,38.59%,No,7,12,1725.5743408203125,2391.529541015625,2652.3418835055445,10.905670953123948,2666.216453552246,11.485825611837026
SUPREMEIND,Yes,2022-08-01,2023-01-30,34.76%,No,8,1,1849.25439453125,2492.0302734375,2708.7108154296875,8.694940198029736,2708.7108154296875,8.694940198029736
SUPREMEIND,Yes,2022-08-05,2023-02-01,35.80%,No,8,2,1822.7828369140625,2475.263427734375,2708.7108154296875,9.43121386918355,2708.7108154296875,9.43121386918355
SUPREMEIND,Yes,2022-09-01,2023-02-28,40.75%,No,9,2,1918.0413818359375,2699.581298828125,2717.9681427784453,0.6810998416051395,4079.3431196732954,51.11021555246802
SUPREMEIND,Yes,2022-09-02,2023-03-01,38.33%,No,9,3,1932.715576171875,2673.576171875,2719.1363525390625,1.7040913643433167,4079.1602826799667,52.5731836478487
SUPREMEIND,Yes,2022-10-07,2023-04-05,26.18%,No,10,4,1964.500732421875,2478.734130859375,4349.006616210938,75.45272653760333,4093.5440995065787,65.14655801698872
SUPREMEIND,Yes,2022-10-31,2023-05-02,27.00%,No,10,5,2116.066162109375,2687.40966796875,4355.143745236281,62.05730734488537,4147.858118857107,54.344094549314526
SUPREMEIND,Yes,2023-02-01,2023-07-31,41.14%,No,2,7,2475.263427734375,3493.58154296875,4024.839474561738,15.206684746265847,4102.033378405448,17.41627690532314
SUPREMEIND,Yes,2023-05-02,2023-10-30,65.60%,No,5,10,2687.40966796875,4450.232421875,4062.8913758475824,-8.703838570845265,4062.8913758475824,-8.703838570845265
SUZLON,Yes,2016-02-11,2016-08-09,29.84%,No,2,8,11.84496021270752,15.380083084106444,13.577844315386834,-11.71800411521845,13.577844315386834,-11.71800411521845
SUZLON,Yes,2016-03-15,2016-09-12,25.45%,No,3,9,12.625441551208496,15.839189529418944,13.577844315386834,-14.276899773388005,13.577844315386834,-14.276899773388005
SUZLON,Yes,2016-09-29,2017-03-28,27.24%,No,9,3,13.314102172851562,16.94104766845703,17.60188322356253,3.900795086811109,14.204988252548944,-16.150473509394736
SUZLON,Yes,2016-10-03,2017-04-03,26.73%,No,10,4,13.910941123962402,17.62970733642578,17.594509760538738,-0.1996492353240561,14.204988252548944,-19.425841952582065
SUZLON,Yes,2016-11-01,2017-05-02,37.09%,No,11,5,13.865030288696287,19.00702857971191,14.114061239993934,-25.742936720475747,14.168254630510198,-25.457813823495883
SUZLON,Yes,2016-12-01,2017-05-30,29.39%,No,12,5,13.589566230773926,17.583797454833984,14.568037956953049,-17.150786146321707,14.684221361197677,-16.490044889815202
SUZLON,Yes,2016-12-05,2017-06-05,35.49%,No,12,6,13.451833724975586,18.226547241210938,14.37267164502825,-21.14429872635956,14.48524232344194,-20.526679399320138
SUZLON,Yes,2017-01-02,2017-07-03,34.52%,No,1,7,12.90090560913086,17.354244232177734,14.465072631835938,-16.648213322852627,14.31063429514567,-17.538130132965925
SUZLON,Yes,2021-04-05,2021-10-04,37.37%,No,4,10,4.545158863067627,6.24385404586792,6.416444751951429,2.76416945072134,6.484489901312466,3.8539634923688735
SUZLON,Yes,2021-05-03,2021-11-01,36.89%,No,5,11,4.7288007736206055,6.473408222198486,6.46281318175487,-0.16367020400912788,6.485980348153547,0.1942118513698701
SUZLON,Yes,2021-07-07,2022-01-03,28.14%,No,7,1,7.667086124420166,9.824889183044434,8.946027101789202,-8.945262026689843,8.316380522467874,-15.353950894223917
SUZLON,Yes,2021-08-02,2022-01-31,81.06%,No,8,1,6.060212135314941,10.97265625,8.179536567793953,-25.455273714658173,8.927536860756252,-18.63832551250977
SUZLON,Yes,2021-08-05,2022-02-01,76.98%,No,8,2,6.381587028503418,11.294031143188477,8.550588434392756,-24.291085034330845,8.93333394476708,-20.9021665381643
SUZLON,Yes,2021-09-01,2022-02-28,55.37%,No,9,2,5.555193901062012,8.631211280822754,8.026453415552774,-7.006639573447355,8.957558595909262,3.7810140948768405
SUZLON,Yes,2021-10-01,2022-03-30,43.85%,No,10,3,5.968389987945557,8.58530044555664,8.237837473551432,-4.047184768997105,8.270242977142335,-3.669731425384947
SUZLON,Yes,2022-06-06,2022-12-05,32.01%,No,6,12,7.575264930725098,10.0,8.191129023028958,-18.088709769710416,8.853636360168457,-11.463636398315433
SUZLON,Yes,2022-07-01,2022-12-28,62.15%,No,7,12,6.197944164276123,10.050000190734863,8.191129023028958,-18.49623017340443,8.726530600567253,-13.168851393532533
SUZLON,Yes,2023-02-01,2023-07-31,105.98%,No,2,7,9.199999809265137,18.950000762939453,38.27333323160807,101.9700880775651,40.92368412017822,115.95610803463785
SUZLON,Yes,2023-03-01,2023-08-28,179.76%,No,3,8,8.399999618530273,23.5,39.706666734483505,68.96453929567448,42.318571363176616,80.07902707734729
SUZLON,Yes,2023-05-02,2023-10-30,289.51%,No,5,10,8.100000381469727,31.549999237060547,39.97377045428166,26.699750937952615,39.07638878292508,23.855434953619834
SUZLON,Yes,2023-06-01,2023-11-28,249.33%,No,6,11,11.149999618530272,38.95000076293945,42.18018859287478,8.293164997852367,42.666379270882445,9.541408049160014
SUZLON,Yes,2023-11-01,2024-04-29,32.91%,No,11,4,31.299999237060547,41.599998474121094,54.77225777410692,31.66408601716691,54.75984113178556,31.63423831818421
SUZLON,Yes,2024-04-01,2024-09-30,93.59%,No,4,9,41.349998474121094,80.05000305175781,66.40411803301643,-17.046701434749956,66.18563662442294,-17.319632603100104
SWIGGY,Yes,2025-02-28,2025-08-28,25.80%,No,2,8,334.6499938964844,421.0,423.70357186453685,0.6421785901512719,423.70357186453685,0.6421785901512719
SWIGGY,Yes,2025-03-03,2025-09-01,31.32%,No,3,9,326.29998779296875,428.5,423.70357186453685,-1.1193531237953664,423.70357186453685,-1.1193531237953664
SWIGGY,Yes,2025-04-01,2025-09-29,25.49%,No,4,9,331.8999938964844,416.5,394.21875,-5.349639855942377,394.21875,-5.349639855942377
SWIGGY,Yes,2025-04-07,2025-10-06,31.04%,No,4,10,321.70001220703125,421.5499877929687,394.21875,-6.483510516999846,394.21875,-6.483510516999846
SWIGGY,Yes,2025-05-02,2025-10-29,37.81%,No,5,10,304.0,418.9500122070313,395.31666564941406,-5.641089836259134,395.31666564941406,-5.641089836259134
SWIGGY,Yes,2025-05-08,2025-11-04,31.14%,No,5,11,315.20001220703125,413.3500061035156,393.75,-4.741745691085626,393.75,-4.741745691085626
TATACOMM,Yes,2016-02-04,2016-08-02,27.17%,No,2,8,200.3809051513672,254.82882690429688,349.3813684975229,37.10433499297001,402.31161000777263,57.87523526875715
TATACOMM,Yes,2016-03-01,2016-08-29,60.78%,No,3,8,181.23085021972656,291.3830261230469,345.9547398885091,18.728515003621855,406.43048299153645,39.48323908885025
TATACOMM,Yes,2016-03-08,2016-09-06,53.32%,No,3,9,187.060302734375,286.7930603027344,345.9547398885091,20.628699844872312,358.92623562282984,25.15164601401191
TATACOMM,Yes,2016-04-01,2016-09-28,43.55%,No,4,9,209.2613067626953,300.3971252441406,349.71385155654536,16.417176520022867,349.8499298095703,16.462475972510752
TATACOMM,Yes,2016-04-04,2016-10-03,49.38%,No,4,10,210.5415954589844,314.4990539550781,413.20800018310547,31.386086853579716,356.33761917917354,13.303240406590058
TATACOMM,Yes,2016-05-02,2016-11-01,55.74%,No,5,11,228.7110137939453,356.1962585449219,413.5423085530599,16.099565515482755,373.9350366836939,4.980057401848004
TATACOMM,Yes,2016-06-01,2016-11-28,50.22%,No,6,11,243.23013305664065,365.3762512207031,413.5423085530599,13.182591143085103,394.0376772673234,7.8443593284631685
TATACOMM,Yes,2016-06-06,2016-12-05,47.25%,No,6,12,239.25306701660156,352.2974853515625,373.65691941784274,6.062897112355308,394.0376772673234,11.847995983879295
TATACOMM,Yes,2016-07-01,2016-12-28,28.41%,No,7,12,260.9091491699219,335.04345703125,373.83365207248266,11.57766081598622,393.8767637914541,17.55990320823266
TATACOMM,Yes,2016-07-04,2017-01-02,31.09%,No,7,1,265.4584045410156,347.9840087890625,373.83365207248266,7.428399762786067,393.8767637914541,13.188179296540724
TATACOMM,Yes,2016-08-01,2017-01-30,68.08%,No,8,1,239.89743041992188,403.2301025390625,394.43595038519965,-2.180926497919616,384.27184677124023,-4.701597338206094
TATACOMM,Yes,2016-08-05,2017-02-01,59.73%,No,8,2,249.87933349609375,399.13775634765625,394.4057886460248,-1.1855475024291655,384.27184677124023,-3.724505973187748
TATACOMM,Yes,2016-09-01,2017-02-28,44.21%,No,9,2,282.67303466796875,407.6541748046875,393.90263776081366,-3.373334039927932,384.27184677124023,-5.735824499933074
TATACOMM,Yes,2016-09-02,2017-03-01,43.67%,No,9,3,286.0464782714844,410.9722595214844,393.90263776081366,-4.153472981496545,384.27184677124023,-6.496889298886686
TATACOMM,Yes,2016-10-03,2017-04-03,28.75%,No,10,4,314.4990539550781,404.916748046875,390.479423828125,-3.565504338456921,390.479423828125,-3.565504338456921
TATACOMM,Yes,2021-01-06,2021-07-05,28.11%,No,1,7,1001.382568359375,1282.8970947265625,1323.7652384440105,3.1856135527502034,1305.7282158031799,1.7796533463569502
TATACOMM,Yes,2022-12-16,2023-06-14,25.85%,No,12,6,1255.156005859375,1579.5894775390625,1663.4033569335938,5.306054553181124,1679.3452343042345,6.3152963591899525
TATACOMM,Yes,2023-02-01,2023-07-31,51.41%,No,2,7,1158.298095703125,1753.7943115234375,1656.2783203125,-5.560286663618495,1696.1865492600662,-3.2847502061590235
TATACOMM,Yes,2023-05-02,2023-10-30,32.87%,No,5,10,1210.796875,1608.844970703125,1678.7917114257812,4.347637093466304,1694.837968934257,5.345014578598581
TATACONSUM,Yes,2016-02-11,2016-08-09,38.31%,No,2,8,94.15545654296876,130.2305145263672,126.2339933294999,-3.0688055033815704,137.43691027605976,5.533569283590236
TATACONSUM,Yes,2016-03-01,2016-08-29,29.71%,No,3,8,97.42071533203124,126.36677551269533,137.80562818372573,9.05210457782173,139.33246067592077,10.260359268186644
TATACONSUM,Yes,2016-04-08,2016-10-05,32.36%,No,4,10,105.2930908203125,139.3671112060547,138.51035109810206,-0.6147505681493977,138.4782508643898,-0.6377834296577419
TATACONSUM,Yes,2016-11-09,2017-05-08,25.18%,No,11,5,110.82093811035156,138.73072814941406,138.5697468844327,-0.1160386506498986,260.8708359023272,88.04113506949037
TATACONSUM,Yes,2016-12-05,2017-06-05,25.31%,No,12,6,112.41188049316406,140.86712646484375,261.76572875976564,85.82456768229356,261.80222640498994,85.85047695306541
TATACONSUM,Yes,2017-01-06,2017-07-05,25.27%,No,1,7,113.32099151611328,141.95806884765625,261.18844356093297,83.98985396260215,262.0345202359286,84.58585860105889
TATACONSUM,Yes,2017-02-01,2017-07-31,32.33%,No,2,7,118.2756576538086,156.50914001464844,263.44192123413086,68.32366544821221,250.2141661563162,59.871919386239966
TATACONSUM,Yes,2017-03-06,2017-09-04,38.95%,No,3,9,130.2305145263672,180.9528045654297,261.7413836392489,44.64621549681886,261.6325457763672,44.58606839761081
TATACONSUM,Yes,2017-05-02,2017-10-30,48.09%,No,5,10,143.3671875,212.31295776367188,253.5981718551281,19.445451905677512,257.2297596650965,21.155939973961477
TATACONSUM,Yes,2017-05-05,2017-11-01,54.02%,No,5,11,138.45799255371094,213.24908447265625,253.5981718551281,18.92110696852515,257.2297596650965,20.624086289139324
TATACONSUM,Yes,2017-06-01,2017-11-28,94.42%,No,6,11,138.5489044189453,269.3697509765625,257.44291274612016,-4.4276828363998755,257.139059109158,-4.540484528446067
TATACONSUM,Yes,2017-06-05,2017-12-04,85.44%,No,6,12,140.86712646484375,261.2254333496094,254.0140575062145,-2.7605948436665346,223.8807671286843,-14.295953400121292
TATACONSUM,Yes,2017-07-03,2018-01-01,112.53%,No,7,1,137.8216094970703,292.9132385253906,258.5423912635216,-11.734139240309428,252.20238153985207,-13.898606014015858
TATACONSUM,Yes,2017-08-01,2018-01-29,82.72%,No,8,1,154.61683654785156,282.5222473144531,254.3662708561595,-9.965932497682363,202.46643535907452,-28.33610900251505
TATACONSUM,Yes,2017-08-07,2018-02-05,60.22%,No,8,2,159.5623779296875,255.655517578125,258.1491986955915,0.9754067274157193,202.18912281709558,-20.913452315650016
TATACONSUM,Yes,2017-09-01,2018-02-28,39.42%,No,9,2,184.9781494140625,257.90216064453125,225.2242078781128,-12.670678169097915,206.58365167356004,-19.898440882666332
TATACONSUM,Yes,2017-09-04,2018-03-05,42.60%,No,9,3,180.9528045654297,258.04266357421875,225.2242078781128,-12.71822854466337,206.58365167356004,-19.942055777864798
TATACONSUM,Yes,2017-10-03,2018-04-02,34.15%,No,10,4,193.2628173828125,259.2596435546875,208.09273228500828,-19.735779378592802,206.58365167356004,-20.317852465926165
TATACONSUM,Yes,2017-11-01,2018-04-30,30.62%,No,11,4,213.24908447265625,278.5437316894531,201.17388534545898,-27.77655267082203,205.9690925335062,-26.055025081971685
TATACONSUM,Yes,2018-12-31,2019-07-01,25.11%,No,12,7,207.302490234375,259.3578796386719,256.2743949890137,-1.1888918331511669,256.24952935112844,-1.198479217933873
TATACONSUM,Yes,2019-04-01,2019-09-30,34.07%,No,4,9,196.6255645751953,263.6080627441406,304.6517224434095,15.569956120464362,300.82649506115524,14.118852029628176
TATACONSUM,Yes,2021-01-01,2021-06-30,26.14%,No,1,6,578.6691284179688,729.9198608398438,737.3775157928467,1.0217087317533973,713.6267518388464,-2.232177787606783
TATAELXSI,Yes,2016-10-27,2017-04-25,28.49%,No,10,4,562.2341918945312,722.3959350585938,777.8563665216619,7.677290080344896,779.178729057312,7.860342402689819
TATAELXSI,Yes,2016-11-09,2017-05-08,28.19%,No,11,5,541.4963989257812,694.1708374023438,777.8563665216619,12.055465976138919,779.6538208007812,12.31440141137638
TATAELXSI,Yes,2017-03-14,2017-09-11,25.74%,No,3,9,657.1876831054688,826.3441772460938,925.6501111482319,12.017502710927168,940.0701134091332,13.762538575880923
TATAELXSI,Yes,2017-05-23,2017-11-20,29.40%,No,5,11,660.4322509765625,854.5846557617188,913.9846429592226,6.9507434748589905,912.7026879095262,6.800734339888767
TATAELXSI,Yes,2017-06-01,2017-11-28,42.12%,No,6,11,622.8593139648438,885.18408203125,914.583268737793,3.321251172872435,913.568496469351,3.2066114850333367
TATAELXSI,Yes,2017-07-24,2018-01-22,29.11%,No,7,1,765.4661865234375,988.2965698242188,911.3874465942383,-7.781988279455397,908.5048951844911,-8.073656944283393
TATAELXSI,Yes,2017-08-02,2018-01-29,26.64%,No,8,1,785.6901245117188,994.9845581054688,909.6451870230741,-8.576954324284968,938.2127287491509,-5.705800044215364
TATAELXSI,Yes,2017-08-28,2018-02-26,25.47%,No,8,2,765.7638549804688,960.7662963867188,910.0076889038086,-5.283137811328812,930.8939589348392,-3.10921995954941
TATAELXSI,Yes,2017-09-01,2018-02-28,26.90%,No,9,2,760.3814697265625,964.9347534179688,910.3859118950077,-5.65311191557144,930.5866914636948,-3.559625335558394
TATAELXSI,Yes,2017-11-01,2018-04-30,45.02%,No,11,4,781.9797973632812,1134.0103759765625,939.124510153746,-17.18554520764318,926.8860157154224,-18.26476764666048
TATAELXSI,Yes,2017-12-01,2018-05-30,34.55%,No,12,5,843.1328125,1134.422607421875,930.1441278872283,-18.00726450602889,915.2667208584872,-19.31871642274905
TATAELXSI,Yes,2017-12-04,2018-06-04,30.42%,No,12,6,845.652099609375,1102.9071044921875,930.1441278872283,-15.66432711343397,915.2667208584872,-17.013253688314546
TATAELXSI,Yes,2018-01-01,2018-07-02,39.39%,No,1,7,883.2142944335938,1231.0762939453125,927.4705141507662,-24.661816760483667,915.2667208584872,-25.653127644488155
TATAELXSI,Yes,2018-02-01,2018-07-31,40.47%,No,2,7,938.6871337890624,1318.589599609375,923.3669944069602,-29.97313230132388,911.0817995789231,-30.90482437834895
TATAELXSI,Yes,2018-02-02,2018-08-01,45.60%,No,2,8,909.78271484375,1324.68310546875,923.3669944069602,-30.295253967157738,911.0817995789231,-31.222660286247912
TATAELXSI,Yes,2018-03-01,2018-08-28,36.77%,No,3,8,956.9644165039062,1308.80322265625,909.0059110853407,-30.546785387608562,907.8082229450184,-30.63829556420268
TATAELXSI,Yes,2021-01-01,2021-06-30,133.40%,No,1,6,1782.8392333984375,4161.08251953125,5697.079794921875,36.91340578277348,5697.079794921875,36.91340578277348
TATAELXSI,Yes,2021-04-01,2021-09-28,107.02%,No,4,9,2645.697265625,5477.13720703125,5741.895556640625,4.833882000792174,8073.883766351744,47.410653798976085
TATAELXSI,Yes,2021-04-05,2021-10-04,108.89%,No,4,10,2725.67919921875,5693.6357421875,5743.132987780448,0.8693433832830934,8082.964504076087,41.96490379924805
TATAELXSI,Yes,2021-06-04,2021-12-01,67.10%,No,6,12,3403.66259765625,5687.68994140625,8061.8128505608975,41.741426371910464,8094.491402420344,42.31597512889434
TATAELXSI,Yes,2021-07-01,2021-12-28,30.29%,No,7,12,4102.54736328125,5345.1298828125,7727.453652871622,44.5699884247825,6736.643845778245,26.03330496121749
TATAELXSI,Yes,2021-09-02,2022-03-02,33.35%,No,9,3,4759.10009765625,6346.369140625,8191.041134717988,29.066572605817914,8259.001245615435,30.137422872979553
TATAELXSI,Yes,2021-10-01,2022-03-30,55.58%,No,10,3,5590.388671875,8697.44921875,8260.964968417553,-5.0185317482678995,8260.964968417553,-5.0185317482678995
TATAPOWER,Yes,2016-02-03,2016-08-01,26.21%,No,2,8,49.46058654785156,62.42177963256836,67.18676792491566,7.6335348341481435,72.8959860074318,16.779730466701658
TATAPOWER,Yes,2016-03-01,2016-08-29,30.05%,No,3,8,50.6309928894043,65.8463134765625,67.23301214920848,2.1059625048554342,72.89655279734778,10.707113198212319
TATAPOWER,Yes,2016-03-08,2016-09-06,33.62%,No,3,9,50.93443298339844,68.05707550048828,67.18068739947151,-1.2877251844453477,72.89655279734778,7.11090986685841
TATAPOWER,Yes,2017-07-07,2018-01-03,25.47%,No,7,1,72.02413177490234,90.37215423583984,70.50778031349182,-21.980635617591815,70.81213332667495,-21.643858193443137
TATAPOWER,Yes,2021-01-01,2021-06-30,59.82%,No,1,6,74.30863952636719,118.76060485839844,218.11773959073153,83.66169476048,223.45646998393966,88.15706626820653
TATAPOWER,Yes,2021-01-04,2021-07-05,60.84%,No,1,7,76.13392639160156,122.45669555664062,227.81543957745586,86.03755273804774,223.45646998393966,82.47795187367521
TATAPOWER,Yes,2021-04-01,2021-09-28,34.98%,No,4,9,100.91949462890624,136.2196807861328,221.29744892120362,62.45629680240137,221.9833607631447,62.95983038725682
TATAPOWER,Yes,2021-04-05,2021-10-04,65.17%,No,4,10,99.2863311767578,163.98886108398438,221.26749197152944,34.928366785967675,221.36300413635956,34.986609866746925
TATAPOWER,Yes,2021-05-03,2021-11-01,126.07%,No,5,11,95.92394256591795,216.8524169921875,223.0422845655872,2.8544148408651173,223.19701209435095,2.925766376121152
TATAPOWER,Yes,2021-06-01,2021-11-29,111.54%,No,6,11,100.53522491455078,212.6700134277344,223.21199387770432,4.956966090356737,223.17561322589253,4.939859469999022
TATAPOWER,Yes,2021-06-04,2021-12-01,110.82%,No,6,12,103.8976058959961,219.04086303710935,223.27716779708862,1.9340248669772508,223.16500872031025,1.8828202309001154
TATAPOWER,Yes,2021-07-01,2021-12-28,82.61%,No,7,12,118.0311279296875,215.53933715820312,223.60390788111192,3.7415772124183095,223.19638392436934,3.552505480958236
TATAPOWER,Yes,2021-08-02,2022-01-31,84.38%,No,8,1,129.80020141601562,239.3206329345703,223.52741622924805,-6.599187254213929,223.16965692693537,-6.748676789623306
TATAPOWER,Yes,2021-08-05,2022-02-01,85.69%,No,8,2,130.87013244628906,243.01670837402344,223.54568401135896,-8.012216317528633,223.16965692693537,-8.166949334422618
TATAPOWER,Yes,2021-09-01,2022-02-28,67.20%,No,9,2,129.75157165527344,216.94969177246097,223.5364806160094,3.0360904363287773,223.22608818806393,2.893019282177966
TATAPOWER,Yes,2021-09-02,2022-03-02,68.71%,No,9,3,129.94610595703125,219.2353973388672,223.50649333000183,1.9481780966843176,223.28309805733818,1.846280649750438
TATAPOWER,Yes,2021-10-01,2022-03-30,47.60%,No,10,3,159.27151489257812,235.089599609375,223.22501334497485,-5.046835880495925,216.39544842059794,-7.951926082582669
TATAPOWER,Yes,2021-10-04,2022-04-04,49.44%,No,10,4,163.98886108398438,245.0592803955078,223.22501334497485,-8.909789915033638,216.39544842059794,-11.696693113865566
TATAPOWER,Yes,2023-11-01,2024-04-29,89.11%,No,11,4,234.42820739746097,443.32562255859375,432.39353132247925,-2.4659281304386194,431.8329772949219,-2.592371087721849
TATAPOWER,Yes,2023-11-03,2024-05-02,87.18%,No,11,5,242.04788208007812,453.0728759765625,432.39353132247925,-4.564242476336852,431.8329772949219,-4.687965183494977
TATAPOWER,Yes,2023-12-01,2024-05-29,56.83%,No,12,5,273.1202392578125,428.3337097167969,432.0741952749399,0.8732643434989319,432.0741952749399,0.8732643434989319
TATAPOWER,Yes,2023-12-04,2024-06-03,62.16%,No,12,6,278.6123352050781,451.7864074707031,432.07186590456496,-4.363686299574338,432.07186590456496,-4.363686299574338
TATASTEEL,Yes,2015-11-30,2016-05-30,40.76%,No,11,5,16.842620849609375,23.7083797454834,27.847129821777344,17.456908151146028,29.836273629324776,25.84695348069402
TATASTEEL,Yes,2015-12-01,2016-05-30,35.70%,No,12,5,17.471458435058594,23.7083797454834,27.847129821777344,17.456908151146028,29.836273629324776,25.84695348069402
TATASTEEL,Yes,2015-12-04,2016-06-01,38.25%,No,12,6,17.670042037963867,24.42915725708008,30.916766684395927,26.55682862508735,29.836273629324776,22.13386370779368
TATASTEEL,Yes,2016-01-04,2016-07-04,28.94%,No,1,7,18.894624710083008,24.36296272277832,28.28215246489554,16.086671340891332,36.92244338989258,51.551532586682015
TATASTEEL,Yes,2016-02-01,2016-08-01,49.65%,No,2,8,18.335657119750977,27.438823699951172,30.74188741048177,12.037920235394331,30.991701126098633,12.94835910241219
TATASTEEL,Yes,2016-03-01,2016-08-29,48.68%,No,3,8,18.905656814575195,28.108154296875,31.013110978262766,10.334925056643554,36.85387841860453,31.114544303970398
TATASTEEL,Yes,2016-03-08,2016-09-06,35.18%,No,3,9,21.461471557617188,29.01062393188477,36.80218210527974,26.857602896404742,30.43960428237915,4.9257139517217645
TATASTEEL,Yes,2016-04-05,2016-10-03,25.35%,No,4,10,22.96921730041504,28.79252052307129,36.75724563598633,27.662479589214673,36.64789949383652,27.282706856007128
TATASTEEL,Yes,2016-05-04,2016-11-01,29.92%,No,5,11,24.17909049987793,31.4134464263916,36.729108710038034,16.921614430629766,37.34566241044264,18.884320757200225
TATASTEEL,Yes,2016-06-01,2016-11-28,25.17%,No,6,11,24.42915725708008,30.57866096496582,35.745799933539494,16.89785885161453,35.485360301624645,16.046155004237967
TATASTEEL,Yes,2016-06-06,2016-12-05,25.15%,No,6,12,24.848379135131836,31.097579956054688,36.12787055969238,16.175826577972348,35.485360301624645,14.109716420925732
TATASTEEL,Yes,2016-07-04,2017-01-02,25.56%,No,7,1,24.36296272277832,30.58994483947754,35.97260408985372,17.59617180946872,36.76010595049177,20.170553243533128
TATASTEEL,Yes,2016-08-01,2017-01-30,26.64%,No,8,1,27.438823699951172,34.74882125854492,36.168676570970185,4.086053169576544,36.62558174133301,5.400932793732047
TATASTEEL,Yes,2016-08-09,2017-02-06,26.12%,No,8,2,28.228479385375977,35.6024055480957,36.24362260645086,1.8010498124598138,36.69309248243059,3.0635203367409223
TATASTEEL,Yes,2016-09-01,2017-02-28,28.86%,No,9,2,28.17207908630371,36.30181884765625,36.38709529753654,0.23490957915403599,53.31293712678503,46.86023681214824
TATASTEEL,Yes,2016-09-02,2017-03-01,33.71%,No,9,3,28.141996383666992,37.629207611083984,36.38709529753654,-3.30092604230542,53.31293712678503,41.67966989313184
TATASTEEL,Yes,2016-10-03,2017-04-03,26.90%,No,10,4,28.79252052307129,36.53871536254883,52.88210447211014,44.728964736162666,53.278607070446014,45.814122203801155
TATASTEEL,Yes,2017-05-02,2017-10-30,64.26%,No,5,10,33.47032165527344,54.97904968261719,45.66273938692533,-16.945200670933765,45.61205400739397,-17.037391023120563
TATASTEEL,Yes,2021-01-01,2021-06-30,85.46%,No,1,6,55.36302947998047,102.67743682861328,115.57830614362445,12.564463735635497,114.23354500218441,11.25476884747358
TATASTEEL,Yes,2021-04-01,2021-09-28,51.74%,No,4,9,74.29804229736328,112.74185943603516,103.21675978766547,-8.448591939157984,98.74505191379123,-12.414916333879617
TATASTEEL,Yes,2022-07-01,2022-12-28,26.02%,No,7,12,80.96859741210938,102.03982543945312,99.53758689684746,-2.4522175844865672,100.29457553597383,-1.710361514205903
TATASTEEL,Yes,2023-11-01,2024-04-29,43.57%,No,11,4,111.69244384765624,160.3543243408203,145.5846061706543,-9.21067656321769,145.71587117513022,-9.12881721516735
TCS,Yes,2017-07-27,2018-01-23,25.63%,No,7,1,1032.3009033203125,1296.904541015625,1728.4398035849295,33.27425025679707,1654.9016672770183,27.603968907460256
TCS,Yes,2017-08-01,2018-01-29,28.52%,No,8,1,1040.599365234375,1337.39599609375,1728.4398035849295,29.23919382391868,1655.5169536884014,23.78659413695085
TCS,Yes,2017-09-04,2018-03-05,27.09%,No,9,3,1021.6934814453124,1298.5140380859375,1654.613525390625,27.423614751950826,1655.1792765299479,27.467183871939454
TCS,Yes,2017-10-23,2018-04-23,32.39%,No,10,4,1076.4761962890625,1425.1104736328125,1682.5514556884766,18.064633361328813,1686.0607710040983,18.310882012261537
TCS,Yes,2017-11-01,2018-04-30,36.02%,No,11,4,1085.6422119140625,1476.723388671875,1600.272448417468,8.36643210863679,1695.8623069907135,14.839537316187975
TCS,Yes,2017-11-02,2018-05-02,33.58%,No,11,5,1095.3607177734375,1463.1981201171875,1600.272448417468,9.368131794025421,1695.8623069907135,15.901072019891052
TCS,Yes,2017-12-01,2018-05-30,33.94%,No,12,5,1096.94580078125,1469.197998046875,1609.9401292067307,9.579521027591634,1705.7233107546542,16.098940579977082
TCS,Yes,2017-12-04,2018-06-04,33.94%,No,12,6,1097.9471435546875,1470.6307373046875,1609.9401292067307,9.47276487348305,1705.7233107546542,15.98583298216892
TCS,Yes,2018-01-01,2018-07-02,41.46%,No,1,7,1103.4735107421875,1560.930419921875,1692.1598013944404,8.407125634666883,1676.5795456906583,7.408986607780477
TCS,Yes,2018-02-02,2018-08-01,26.64%,No,2,8,1318.498291015625,1669.80615234375,1697.4984726324315,1.658415274719904,1757.392794095553,5.2453179447725615
TCS,Yes,2018-03-01,2018-08-28,37.65%,No,3,8,1270.021484375,1748.1212158203125,1742.8707784016926,-0.3003474456521643,1757.636782997533,0.5443310847729288
TCS,Yes,2018-03-05,2018-09-03,33.56%,No,3,9,1298.5140380859375,1734.35107421875,1618.361698035038,-6.6877680019865755,1757.8441022600446,1.3545716545237045
TCS,Yes,2018-04-02,2018-10-01,56.64%,No,4,10,1216.4853515625,1905.5556640625,1713.3333086286273,-10.087469973145224,1758.613247575431,-7.711263399873556
TECHM,Yes,2017-05-29,2017-11-27,34.55%,No,5,11,280.5329284667969,377.458251953125,494.88585662841797,31.110090736571266,535.6547620985243,41.91099527612
TECHM,Yes,2017-06-01,2017-11-28,28.62%,No,6,11,294.02545166015625,378.17724609375,494.88585662841797,30.860822997726295,535.5775969132134,41.62078825346459
TECHM,Yes,2017-06-12,2017-12-11,28.99%,No,6,12,293.7296447753906,378.8962707519531,498.3245536804199,31.520047080814706,498.63767496744794,31.602687452652255
TECHM,Yes,2017-07-03,2018-01-01,35.08%,No,7,1,281.8636779785156,380.7503662109375,503.3041695488824,32.18744201287242,544.6119766235352,43.03649449986807
TECHM,Yes,2017-08-01,2018-01-29,50.28%,No,8,1,304.57763671875,457.71783447265625,524.8640506628788,14.669783681814078,540.478260713465,18.081101501355818
TECHM,Yes,2017-08-07,2018-02-05,54.80%,No,8,2,307.5292053222656,476.0704650878906,524.8640506628788,10.24923601718918,539.0388683881916,13.226698129377967
TECHM,Yes,2017-09-01,2018-02-28,44.70%,No,9,2,320.4327392578125,463.6588439941406,536.062976413303,15.615820415597925,541.0801617657697,16.697905965664596
TECHM,Yes,2017-09-04,2018-03-05,51.61%,No,9,3,314.9080505371094,477.4326477050781,536.062976413303,12.280335035747754,541.0801617657697,13.331202708200266
TECHM,Yes,2017-10-03,2018-04-02,38.20%,No,10,4,350.62939453125,484.5845031738281,536.2925571175509,10.670595862033645,541.0801617657697,11.658577239246902
TECHM,Yes,2017-11-01,2018-04-30,37.28%,No,11,4,369.700927734375,507.5158386230469,533.9683779761905,5.212160358366867,536.4567111268335,5.7024570075107
TECHM,Yes,2017-11-02,2018-05-02,41.59%,No,11,5,354.1485595703125,501.4234924316406,533.9683779761905,6.490498757193097,536.4567111268335,6.986752560256036
TECHM,Yes,2017-12-01,2018-05-30,45.33%,No,12,5,357.894775390625,520.1166381835938,536.3469848632812,3.1205205694570415,536.5143809217087,3.1527049000741254
TECHM,Yes,2017-12-04,2018-06-04,47.69%,No,12,6,357.819091796875,528.4793701171875,536.587269422743,1.5341940980132556,536.587269422743,1.5341940980132556
TECHM,Yes,2018-01-01,2018-07-02,30.63%,No,1,7,380.7503662109375,497.3746337890625,536.8496058872768,7.936667738257773,553.5007413538491,11.284473262580933
TECHM,Yes,2018-03-07,2018-09-03,25.20%,No,3,9,460.93414306640625,577.111572265625,538.8832785866477,-6.624073318942574,534.8755933184956,-7.3185118748042735
TECHM,Yes,2018-04-03,2018-10-01,26.11%,No,4,10,466.1562194824219,587.869873046875,539.408447265625,-8.243563414821537,562.2832482379416,-4.352430015901356
TECHM,Yes,2021-02-01,2021-08-02,32.01%,No,2,8,790.4532470703125,1043.448486328125,1232.2428114149307,18.093305760705945,1244.0891609191895,19.22861331632337
TECHM,Yes,2021-03-01,2021-08-30,55.69%,No,3,8,785.6270751953125,1223.1455078125,1280.137937105619,4.659497085922786,1245.0934404645648,1.7943844384726495
TECHM,Yes,2021-04-01,2021-09-28,46.35%,No,4,9,832.7562866210938,1218.7071533203125,1316.2843702362804,8.006617229588194,948.3361491751164,-22.18506746338385
TECHM,Yes,2021-07-01,2021-12-28,72.60%,No,7,12,910.8153076171876,1572.0897216796875,948.3361491751164,-39.676715896222916,947.8335565060985,-39.70868561538632
TECHM,Yes,2024-05-02,2024-10-29,36.55%,No,5,10,1198.1170654296875,1636.043212890625,1621.780214662905,-0.8717983801002095,1621.780214662905,-0.8717983801002095
TIINDIA,Yes,2018-03-23,2018-09-19,26.34%,No,3,9,228.58770751953125,288.79913330078125,374.0884791782924,29.532410607577276,376.1732369217218,30.254281798671933
TIINDIA,Yes,2018-04-04,2018-10-01,25.52%,No,4,10,232.10069274902344,291.3414001464844,374.1670259174548,28.429061482276907,376.2580108642578,29.146770996184536
TIINDIA,Yes,2018-05-02,2018-10-29,28.41%,No,5,10,227.9534149169922,292.7103576660156,376.6973709405637,28.692873714560452,376.81836901212995,28.734210848145697
TIINDIA,Yes,2018-05-07,2018-11-05,29.65%,No,5,11,224.7819976806641,291.4392395019531,376.6973709405637,29.25417029783294,381.0657241553591,30.753060159836615
TIINDIA,Yes,2018-06-01,2018-11-28,35.14%,No,6,11,214.97491455078125,290.5102233886719,380.17071767953723,30.86311154389535,370.94662527310646,27.68797632874324
TIINDIA,Yes,2018-06-04,2018-12-03,38.61%,No,6,12,215.5116271972656,298.7239685058594,374.8411674499512,25.48078057639984,370.94662527310646,24.177054532479026
TIINDIA,Yes,2018-07-02,2018-12-31,53.90%,No,7,12,226.3433074951172,348.3483581542969,377.2281382490949,8.290488362803213,377.7371960808249,8.436623063832723
TIINDIA,Yes,2018-07-05,2019-01-01,50.07%,No,7,1,228.14857482910156,342.38360595703125,377.2281382490949,10.177044603133426,377.7371960808249,10.325725154092362
TIINDIA,Yes,2018-08-01,2019-01-28,39.18%,No,8,1,236.73019409179688,329.47637939453125,379.4665824042426,15.172621206283996,373.36351213957136,13.32026678989558
TIINDIA,Yes,2018-08-06,2019-02-04,34.33%,No,8,2,241.27706909179688,324.0984191894531,376.700801555927,16.23037301386062,373.7149414835097,15.309091114404048
TIINDIA,Yes,2018-09-03,2019-03-05,29.88%,No,9,3,287.5279235839844,373.4454956054687,378.90890306042087,1.4629731833006396,380.8746073954814,1.9893429904591198
TIINDIA,Yes,2018-10-01,2019-04-01,31.22%,No,10,4,291.3414001464844,382.2902221679687,381.8692506154378,-0.11011831538446262,366.8468519641507,-4.039697933219066
TIINDIA,Yes,2018-11-01,2019-04-30,28.40%,No,11,4,291.1458435058594,373.8385314941406,373.9004564472273,0.016564625598972774,365.70562039888824,-2.1755144026345112
TIINDIA,Yes,2018-11-02,2019-05-02,27.78%,No,11,5,287.7235107421875,367.6472778320313,374.02552001953126,1.7348808415260473,365.6675486845129,-0.5384860073472107
TIINDIA,Yes,2018-12-03,2019-06-03,27.10%,No,12,6,298.7239685058594,379.68597412109375,382.10938169898054,0.6382662892661637,336.89416438975235,-11.270316168617214
TIINDIA,Yes,2019-01-15,2019-07-15,25.30%,No,1,7,317.8403625488281,398.2457275390625,483.49269714355466,21.40562062806577,336.89416438975235,-15.405454197444564
TIINDIA,Yes,2021-01-01,2021-06-30,46.67%,No,1,6,791.5301513671875,1160.947998046875,1652.8976542154949,42.37482273075565,1653.6161829630535,42.4367142839318
TIINDIA,Yes,2021-02-01,2021-08-02,38.60%,No,2,8,789.249755859375,1093.889892578125,1675.247284679878,53.14587839655286,1644.8144157163558,50.36380049547666
TIINDIA,Yes,2021-03-01,2021-08-30,26.54%,No,3,8,1034.580810546875,1309.13037109375,1659.776819177576,26.784685148727284,1643.8644088486494,25.569190444740535
TIINDIA,Yes,2022-04-01,2022-09-28,63.70%,No,4,9,1608.34033203125,2632.912841796875,2689.3667249177633,2.144160726655899,2732.949981219952,3.799485415354841
TITAN,Yes,2016-02-25,2016-08-23,26.45%,No,2,8,311.2352600097656,393.5577697753906,304.1739990234375,-22.71172814170733,465.2036578838642,18.20466869434771
TITAN,Yes,2016-03-08,2016-09-06,28.91%,No,3,9,328.3471984863281,423.26214599609375,306.72309644294506,-27.533539357479942,307.99400499131946,-27.23327424745375
TITAN,Yes,2016-10-13,2017-04-11,25.39%,No,10,4,375.6094665527344,470.9631652832031,604.5921206266984,28.37354706140139,783.5685356987847,66.37575790616307
TITAN,Yes,2016-11-01,2017-05-02,30.16%,No,11,5,360.6121520996094,469.36669921875,604.5921206266984,28.8101864987499,789.7113262674083,68.25039517755829
TITAN,Yes,2016-12-01,2017-05-30,44.60%,No,12,5,314.36248779296875,454.5628356933594,606.848991394043,33.50167319956912,590.5311577375545,29.911887063269976
TITAN,Yes,2016-12-05,2017-06-05,69.36%,No,12,6,315.2816467285156,533.9518432617188,596.4085652669271,11.697070212115538,604.5921206266984,13.22970943099732
TITAN,Yes,2017-01-02,2017-07-03,59.43%,No,1,7,323.11895751953125,515.132568359375,606.848991394043,17.804431066506226,856.0388737168423,66.17836384199238
TITAN,Yes,2017-02-01,2017-07-31,47.82%,No,2,7,357.95135498046875,529.130859375,594.5710693359375,12.367490725873433,859.8481065282282,62.501976834967735
TITAN,Yes,2017-03-01,2017-08-28,40.41%,No,3,8,423.9394226074219,595.241943359375,789.6589609781901,32.661847806218276,867.5556497776762,45.74840692197204
TITAN,Yes,2017-04-03,2017-10-03,31.26%,No,4,10,444.4518432617187,583.3807373046875,791.427456665039,35.66225383470162,792.2279568376213,35.79947128488359
TITAN,Yes,2017-05-02,2017-10-30,28.07%,No,5,10,469.36669921875,601.123779296875,880.5654923288446,46.48655113241871,882.0526956411509,46.73395497228108
TITAN,Yes,2017-05-05,2017-11-01,30.40%,No,5,11,475.2688598632813,619.7418823242188,789.7358226287059,27.429797009516072,787.9847612052129,27.14725011807055
TITAN,Yes,2017-06-01,2017-11-28,74.64%,No,6,11,455.4337463378906,795.3733520507812,870.6427664620536,9.463406614918464,791.2354793105014,-0.520242817993685
TITAN,Yes,2017-06-05,2017-12-04,46.49%,No,6,12,533.9518432617188,782.1997680664062,870.6504414876302,11.307939101014258,791.4492516150841,1.182496329747391
TITAN,Yes,2017-07-03,2018-01-01,60.88%,No,7,1,515.132568359375,828.7691650390625,896.5730743408203,8.181277991750816,888.0855954192406,7.157171487839115
TITAN,Yes,2017-08-01,2018-01-29,66.16%,No,8,1,524.366943359375,871.3038330078125,790.9107666015625,-9.226754590155597,908.0592140375181,4.218434447008345
TITAN,Yes,2017-08-07,2018-02-05,30.49%,No,8,2,597.7696533203125,780.0123291015625,790.9873161315918,1.407027378999324,901.6978633820064,15.600462933785202
TITAN,Yes,2017-09-01,2018-02-28,33.03%,No,9,2,596.4572143554688,793.4776611328125,889.0270080566406,12.041844604347979,901.6978633820064,13.638720729036374
TITAN,Yes,2017-09-04,2018-03-05,32.12%,No,9,3,595.241943359375,786.428955078125,889.0270080566406,13.046067583857385,901.6978633820064,14.657256394181267
TITAN,Yes,2017-11-01,2018-04-30,54.02%,No,11,4,619.7418823242188,954.5259399414062,901.9084118652344,-5.512425160431137,905.2096985934073,-5.166569003983926
TITAN,Yes,2018-12-31,2019-07-01,42.13%,No,12,7,909.0993041992188,1292.0732421875,1148.2904342392744,-11.128069466464538,1148.2904342392744,-11.128069466464538
TITAN,Yes,2021-04-01,2021-09-28,36.88%,No,4,9,1535.4678955078125,2101.71875,2482.6872946999288,18.126523575046793,2436.066131036932,15.908283686241647
TITAN,Yes,2021-07-01,2021-12-28,37.08%,No,7,12,1713.646484375,2349.023193359375,2435.4678371263585,3.6800251275236526,2453.515074573864,4.4483120264578275
TORNTPHARM,Yes,2016-02-25,2016-08-23,26.74%,No,2,8,559.47607421875,709.1071166992188,601.2793479742006,-15.206132640007805,584.5667567897488,-17.56298265474836
TORNTPHARM,Yes,2016-03-01,2016-08-29,27.02%,No,3,8,569.33740234375,723.1576538085938,600.3632571198219,-16.980307964945247,583.0936107366857,-19.36839668836311
TORNTPHARM,Yes,2016-03-08,2016-09-06,25.72%,No,3,9,580.6362915039062,729.9591064453125,597.3641304347826,-18.16471290511446,583.0936107366857,-20.119688132095348
TORNTPHARM,Yes,2018-04-02,2018-10-01,30.93%,No,4,10,576.7221069335938,755.1304321289062,819.1292521158854,8.475200742016192,772.319612121582,2.2763193299222624
TORNTPHARM,Yes,2018-05-21,2018-11-19,25.62%,No,5,11,608.0094604492188,763.7669677734375,815.016170501709,6.710057503229697,773.1772304801053,1.2320855841803395
TORNTPHARM,Yes,2018-06-05,2018-12-03,25.78%,No,6,12,636.9287109375,801.1007080078125,815.1599180160031,1.7549865912805396,817.3169115643169,2.0242403226469583
TORNTPHARM,Yes,2018-07-05,2019-01-01,25.04%,No,7,1,648.8637084960938,811.359619140625,710.096132405599,-12.480715621795696,837.5785552234184,3.2314815113135644
TORNTPHARM,Yes,2022-12-30,2023-06-28,27.70%,No,12,6,1499.491943359375,1914.802001953125,1885.3082059972426,-1.5403052600633562,1909.5828784179687,-0.2725672696097421
TORNTPHARM,Yes,2023-01-12,2023-07-11,27.25%,No,1,7,1495.527099609375,1902.991455078125,1888.1562194824219,-0.7795744723979374,2628.8265283203127,38.141793611595034
TORNTPHARM,Yes,2023-02-01,2023-07-31,32.17%,No,2,7,1485.1798095703125,1963.023681640625,1883.2942523378315,-4.061562274998053,2550.2513799252715,29.91444799045229
TORNTPHARM,Yes,2023-08-07,2024-02-05,28.87%,No,8,2,2010.608154296875,2591.13037109375,2627.284231632314,1.395292994204031,3358.461281105324,29.613751533762983
TORNTPHARM,Yes,2023-09-01,2024-02-28,47.55%,No,9,2,1750.289794921875,2582.519287109375,2639.892958697151,2.221616383434425,3358.461281105324,30.045932197643495
TORNTPHARM,Yes,2023-09-04,2024-03-04,48.51%,No,9,3,1790.67041015625,2659.359619140625,3362.7034606933594,26.44786498563217,3358.461281105324,26.288346146679263
TORNTPHARM,Yes,2023-10-03,2024-04-01,43.47%,No,10,4,1842.8614501953125,2644.041015625,3361.4253088909645,27.132116673930973,3361.240800965507,27.125138418890028
TORNTPHARM,Yes,2023-11-01,2024-04-29,41.14%,No,11,4,1881.8702392578125,2655.9990234375,3366.549640266263,26.7526686026089,3362.751365379051,26.60966121240677
TORNTPHARM,Yes,2023-11-03,2024-05-02,37.33%,No,11,5,1921.4178466796875,2638.753662109375,3365.00044519761,27.522341077783132,3362.751365379051,27.437108422274044
TORNTPHARM,Yes,2023-12-01,2024-05-29,27.22%,No,12,5,2108.47265625,2682.43603515625,3312.566905886628,23.49099335349755,3307.3330420778507,23.295877282128775
TORNTPHARM,Yes,2024-04-01,2024-09-30,27.22%,No,4,9,2644.041015625,3363.862548828125,3191.6868995460304,-5.118391336830208,3219.802873200061,-4.282567243368792
TORNTPOWER,Yes,2016-10-03,2017-04-03,31.11%,No,10,4,146.14212036132812,191.6139373779297,175.0183479309082,-8.660951115622236,149.50659065246583,-21.975096019457833
TORNTPOWER,Yes,2016-11-01,2017-05-02,27.19%,No,11,5,142.65675354003906,181.44154357910156,149.50659065246583,-17.600684108330082,149.50659065246583,-17.600684108330082
TORNTPOWER,Yes,2017-05-03,2017-10-30,25.78%,No,5,10,180.30677795410156,226.78550720214844,216.6616663614909,-4.464059879996443,194.11145874023438,-14.407467595709097
TORNTPOWER,Yes,2017-05-05,2017-11-01,30.84%,No,5,11,177.42933654785156,232.15687561035156,194.27734522665702,-16.31635086581323,194.11145874023438,-16.38780534502541
TORNTPOWER,Yes,2017-06-01,2017-11-28,52.10%,No,6,11,154.24757385253906,234.61703491210935,194.11876306778345,-17.261437073184858,194.11145874023438,-17.2645503712247
TORNTPOWER,Yes,2017-06-05,2017-12-04,44.22%,No,6,12,154.4907684326172,222.80828857421875,194.11876306778345,-12.876327756935602,194.11145874023438,-12.879606058472678
TORNTPOWER,Yes,2017-07-03,2018-01-01,59.81%,No,7,1,146.2153778076172,233.67398071289065,193.92660159156435,-17.009758211019186,194.11145874023438,-16.930649211332497
TORNTPOWER,Yes,2017-08-01,2018-01-29,54.32%,No,8,1,149.16757202148438,230.18875122070312,190.21320234026228,-17.36642154251604,219.48958977593315,-4.647994912015357
TORNTPOWER,Yes,2017-08-07,2018-02-05,25.37%,No,8,2,165.3225860595703,207.2682952880859,188.89377202214422,-8.86509113243905,215.4874405279392,3.965461880423809
TORNTPOWER,Yes,2017-09-01,2018-02-28,25.34%,No,9,2,173.1540985107422,217.02687072753903,192.70391082763672,-11.207349494725918,193.40986138421135,-10.882066936760594
TORNTPOWER,Yes,2019-01-28,2019-07-29,26.99%,No,1,7,206.0423126220703,261.648681640625,241.31388092041016,-7.7717955973287625,241.08190990629652,-7.860453033956803
TORNTPOWER,Yes,2019-02-01,2019-07-31,26.28%,No,2,7,206.25131225585935,260.4543151855469,238.84536590576172,-8.29663707602272,241.08190990629652,-7.43792832361004
TORNTPOWER,Yes,2019-02-18,2019-08-19,25.15%,No,2,8,194.92526245117188,243.9467010498047,239.03271138892984,-2.014370204527421,242.01774168014526,-0.7907298444120395
TORNTPOWER,Yes,2021-01-01,2021-06-30,47.58%,No,1,6,283.7190856933594,418.7132568359375,444.8335665189303,6.238233267409395,443.6734738817402,5.9611719090095034
TORNTPOWER,Yes,2021-03-01,2021-08-30,28.99%,No,3,8,346.29144287109375,446.6972351074219,444.35931619783724,-0.5233788628717181,443.8749266404372,-0.6318168650195407
TORNTPOWER,Yes,2021-04-12,2021-10-11,36.47%,No,4,10,359.6431579589844,490.7890625,444.18468017578124,-9.495807035067894,491.41663033621654,0.1278691568674765
TORNTPOWER,Yes,2022-12-09,2023-06-07,35.87%,No,12,6,489.69921875,665.3370361328125,711.4095771603468,6.924692077165146,626.8609375,-5.782948572418272
TORNTPOWER,Yes,2023-03-06,2023-09-04,36.31%,No,3,9,503.7794189453125,686.696044921875,711.3869745782081,3.595612620594335,714.3867897500797,4.0324602177307
TORNTPOWER,Yes,2023-09-04,2024-03-04,64.02%,No,9,3,686.696044921875,1126.3480224609375,1485.7552100648272,31.909070770029622,1483.0631896972657,31.670066455743196
TORNTPOWER,Yes,2023-11-01,2024-04-29,115.66%,No,11,4,699.6902465820312,1508.97412109375,1459.5709228515625,-3.273959278133847,1482.4819675021702,-1.755640022002334
TORNTPOWER,Yes,2023-12-01,2024-05-29,54.42%,No,12,5,927.0640869140624,1431.603271484375,1481.149687976372,3.460904112116493,1482.3119354248047,3.542089135340673
TORNTPOWER,Yes,2024-04-01,2024-09-30,32.35%,No,4,9,1398.47265625,1850.9124755859375,1411.3354037972383,-23.749208975942725,1402.1538892062206,-24.2452623934935
TRENT,Yes,2016-02-03,2016-08-01,26.02%,No,2,8,144.88104248046875,182.5738525390625,196.88154644436307,7.836661003929558,247.4359781693439,35.5265141904172
TRENT,Yes,2016-03-01,2016-08-29,40.71%,No,3,8,146.53680419921875,206.1942138671875,243.82832583865604,18.251778876641605,241.71338621327575,17.226076173488863
TRENT,Yes,2016-03-08,2016-09-06,66.23%,No,3,9,141.8040008544922,235.72705078125,243.8514010407204,3.446507404451271,241.79890529087612,2.5757987848669437
TRENT,Yes,2016-04-01,2016-09-28,31.11%,No,4,9,157.17922973632812,206.0762481689453,243.7853140258789,18.298598791462357,246.67257901705227,19.69966515249506
TRENT,Yes,2016-04-04,2016-10-03,39.41%,No,4,10,157.2627716064453,219.2478485107422,243.7853140258789,11.191656238275236,246.67257901705227,12.508551711040571
TRENT,Yes,2016-07-28,2017-01-24,36.69%,No,7,1,176.82354736328125,241.70834350585935,243.77624482928582,0.8555357640669694,247.33310016832854,2.3270841961369215
TRENT,Yes,2016-08-01,2017-01-30,30.50%,No,8,1,182.5738525390625,238.2679748535156,243.85287358210638,2.3439569384111807,247.28960990905762,3.786339755096512
TRENT,Yes,2016-08-05,2017-02-01,29.30%,No,8,2,181.95948791503903,235.26998901367188,243.85287358210638,3.6481000421756913,247.28960990905762,5.1088627775161175
TRENT,Yes,2016-10-06,2017-04-05,25.29%,No,10,4,213.15353393554688,267.0685119628906,247.60014945582338,-7.28965102024921,315.5581434095228,18.156251776087277
TRENT,Yes,2016-11-04,2017-05-03,28.52%,No,11,5,192.46237182617188,247.36033630371097,247.26422262191772,-0.03885573703102998,342.9743832674894,38.653750392052636
TRENT,Yes,2016-12-01,2017-05-30,36.40%,No,12,5,175.65382385253906,239.594970703125,307.89253055348115,28.5054229852686,342.727819028108,43.04466325913487
TRENT,Yes,2016-12-05,2017-06-05,26.24%,No,12,6,196.09927368164065,247.55691528320312,308.06675889756946,24.44280077781045,328.8133882563165,32.82335008907209
TRENT,Yes,2017-05-19,2017-11-15,25.61%,No,5,11,239.7424468994141,301.1355285644531,326.68526926348284,8.484465722403527,323.21386607776986,7.331694675339922
TRENT,Yes,2017-06-01,2017-11-28,44.41%,No,6,11,240.03732299804688,346.62908935546875,323.4444068908691,-6.6886141921065665,323.17283924838955,-6.766959504378114
TRENT,Yes,2017-06-05,2017-12-04,30.49%,No,6,12,247.55691528320312,323.0434875488281,323.4395374498869,0.1225995620787555,323.19803673880443,0.047841605212037494
TRENT,Yes,2018-12-31,2019-07-01,25.37%,No,12,7,358.7294921875,449.7238159179687,498.46573638916016,10.838189739118057,453.9210719517299,0.9332963666142191
TRENT,Yes,2019-01-01,2019-07-01,25.49%,No,1,7,358.3829040527344,449.7238159179687,498.46573638916016,10.838189739118057,453.9210719517299,0.9332963666142191
TRENT,Yes,2019-05-02,2019-10-29,47.16%,No,5,10,362.2939453125,533.1488647460938,499.9900533502752,-6.219428303877201,499.9900533502752,-6.219428303877201
TRENT,Yes,2021-01-01,2021-06-30,25.97%,No,1,6,671.0745239257812,845.345947265625,1010.4824427162729,19.53478288797647,1021.2384463450948,20.80716180735421
TRENT,Yes,2021-09-20,2022-03-21,30.76%,No,9,3,974.5955200195312,1274.386474609375,1415.5227783203125,11.074843191049917,1415.5227783203125,11.074843191049917
TRENT,Yes,2022-01-31,2022-08-01,26.33%,No,1,8,1026.7518310546875,1297.0755615234375,1345.3707122802734,3.7233876105191936,1380.4082794189453,6.424661782821049
TRENT,Yes,2022-07-01,2022-12-28,25.42%,No,7,12,1070.311767578125,1342.338623046875,1330.452059876685,-0.8855115219146025,1288.4467704665492,-4.014773296025758
TRENT,Yes,2023-02-01,2023-07-31,44.71%,No,2,7,1212.3319091796875,1754.3753662109375,2066.1458491572625,17.771024887318173,1994.7348521839488,13.700573469184906
TRENT,Yes,2023-09-01,2024-02-28,90.24%,No,9,2,2059.90087890625,3918.71435546875,3977.4657575334822,1.4992519672361906,7102.693556765293,81.25060702250855
TRENT,Yes,2023-11-01,2024-04-29,96.31%,No,11,4,2194.2421875,4307.41064453125,6921.353802849265,60.68479125937793,5340.491460272607,23.983801429589047
TVSMOTOR,Yes,2016-04-28,2016-10-25,27.93%,No,4,10,302.94793701171875,387.5489501953125,364.0600700378418,-6.060880863084018,349.0721636685458,-9.928239131437621
TVSMOTOR,Yes,2016-05-02,2016-11-01,26.59%,No,5,11,303.185546875,383.7942199707031,365.7244616056743,-4.708189291232202,349.0721636685458,-9.04705034505414
TVSMOTOR,Yes,2016-06-03,2016-11-30,26.12%,No,6,11,282.84320068359375,356.7222595214844,519.9197988799124,45.74918862011724,356.68849293778584,-0.009465791045344877
TVSMOTOR,Yes,2016-06-10,2016-12-07,26.17%,No,6,12,272.5295104980469,343.8492431640625,512.9773633233432,49.186707117044236,358.9939797891153,4.404469960641074
TVSMOTOR,Yes,2016-07-07,2017-01-03,26.53%,No,7,1,284.4117431640625,359.868896484375,512.9773633233432,42.54562379097298,534.0635501176884,48.405031758802366
TVSMOTOR,Yes,2016-08-01,2017-01-30,32.12%,No,8,1,280.4192810058594,370.5009765625,516.3629736649362,39.368856313346505,541.662438643606,46.197303896237564
TVSMOTOR,Yes,2016-08-05,2017-02-01,30.46%,No,8,2,288.16644287109375,375.9361877441406,517.1088706970215,37.552299447416324,543.7680358886719,44.64370646295864
TVSMOTOR,Yes,2016-09-01,2017-02-28,31.39%,No,9,2,311.122802734375,408.7859191894531,512.7329544559602,25.428232819910935,520.1782636369977,27.249555138399828
TVSMOTOR,Yes,2016-09-02,2017-03-01,28.37%,No,9,3,315.8756408691406,405.4961853027344,512.7329544559602,26.44581454525035,520.1782636369977,28.281912997194848
TVSMOTOR,Yes,2016-11-03,2017-05-02,26.61%,No,11,5,374.2674560546875,473.8755187988281,514.127724647522,8.494257300044636,624.5449553844976,31.79515096445241
TVSMOTOR,Yes,2016-12-01,2017-05-30,47.66%,No,12,5,350.42877197265625,517.4375610351562,521.0461589268276,0.6973977467836331,620.7072507168384,19.95790361161387
TVSMOTOR,Yes,2016-12-05,2017-06-05,52.44%,No,12,6,340.2735290527344,518.728759765625,621.4208689722522,19.796879828491885,620.7072507168384,19.659309230760584
TVSMOTOR,Yes,2017-01-02,2017-07-03,50.68%,No,1,7,350.5718078613281,528.2445068359375,621.5696184430803,17.66702926380412,621.2401760525173,17.604663751943654
TVSMOTOR,Yes,2017-02-01,2017-07-31,48.08%,No,2,7,375.9361877441406,556.6961669921875,621.5917003542878,11.657262472764796,559.1482529413132,0.4404711392884673
TVSMOTOR,Yes,2017-02-02,2017-08-01,53.59%,No,2,8,371.3591613769531,570.3721923828125,621.4113977605647,8.948403526568942,558.8744983207889,-2.0158230389862277
TVSMOTOR,Yes,2017-03-01,2017-08-28,42.61%,No,3,8,405.4961853027344,578.2620239257812,624.3069869640261,7.962646885515458,633.0806145918997,9.47988773220119
TVSMOTOR,Yes,2017-03-06,2017-09-04,44.67%,No,3,9,406.16363525390625,587.5865478515625,624.3069869640261,6.249366879947706,633.0806145918997,7.742530339858973
TVSMOTOR,Yes,2017-05-02,2017-10-30,45.83%,No,5,10,473.8755187988281,691.064453125,557.9082663399832,-19.268273195486067,544.5581756591797,-21.200088762099906
TVSMOTOR,Yes,2021-01-01,2021-06-30,27.16%,No,1,6,478.6805114746094,608.7102661132812,603.2008209228516,-0.905101408196782,614.5769687228733,0.9637922894009878
TVSMOTOR,Yes,2022-01-31,2022-08-01,53.78%,No,1,8,594.7800903320312,914.6759643554688,1027.0569812863373,12.286429436249419,1029.397197024923,12.542281325856536
TVSMOTOR,Yes,2022-04-01,2022-09-28,62.43%,No,4,9,620.6253662109375,1008.0535278320312,1051.853271484375,4.3449819323128205,1039.2908761160713,3.098778727675368
TVSMOTOR,Yes,2022-07-01,2022-12-28,25.83%,No,7,12,849.3314208984375,1068.70947265625,1327.4885762532551,24.21416766839507,1326.9675426483154,24.16541413731195
TVSMOTOR,Yes,2023-10-03,2024-04-01,40.36%,No,10,4,1517.6812744140625,2130.266357421875,2457.4689057448813,15.35970124970657,2457.5523206922744,15.363616954759246
TVSMOTOR,Yes,2023-11-01,2024-04-29,31.00%,No,11,4,1548.2828369140625,2028.1895751953125,2416.173267505787,19.12955756481058,2416.1896790461756,19.130366736723765
ULTRACEMCO,Yes,2016-01-05,2016-07-04,25.08%,No,1,7,2623.236083984375,3281.27392578125,3817.1214920847037,16.33047342049847,3845.300226702009,17.189247642178117
ULTRACEMCO,Yes,2016-02-01,2016-08-01,33.58%,No,2,8,2706.0205078125,3614.824951171875,3817.0777216372285,5.595091690395298,3846.5912238226997,6.411548990102256
ULTRACEMCO,Yes,2016-03-01,2016-08-29,31.46%,No,3,8,2769.36865234375,3640.6201171875,3841.4468209402903,5.516277372766253,3845.202625229779,5.6194412341028865
ULTRACEMCO,Yes,2016-03-08,2016-09-06,38.51%,No,3,9,2831.468505859375,3921.95556640625,3839.4988019024886,-2.1024400482771877,3844.565900935683,-1.97324177085158
ULTRACEMCO,Yes,2016-04-05,2016-10-03,27.06%,No,4,10,2975.82568359375,3781.095458984375,3850.4815181263707,1.835078217269691,3848.905029296875,1.7933842466572918
ULTRACEMCO,Yes,2016-05-02,2016-11-01,25.56%,No,5,11,3048.484375,3827.583740234375,3858.294927829649,0.8023648776758997,3853.927690648321,0.6882658147234391
ULTRACEMCO,Yes,2016-11-15,2017-05-15,31.91%,No,11,5,3237.9619140625,4271.2431640625,4055.8811624461205,-5.042138631403572,3987.707323157269,-6.638250973179248
ULTRACEMCO,Yes,2016-12-16,2017-06-14,27.54%,No,12,6,3058.45751953125,3900.828857421875,4053.4934844970703,3.913645859769762,3831.0762939453125,-1.7881472380888601
ULTRACEMCO,Yes,2018-10-23,2019-04-22,25.76%,No,10,4,3234.815673828125,4067.98486328125,3959.507552608367,-2.6666104796020527,4402.436767578125,8.221562162527443
ULTRACEMCO,Yes,2018-11-01,2019-04-30,28.19%,No,11,4,3484.41845703125,4466.525390625,3959.507552608367,-11.351504663576673,4399.358606557377,-1.503781534716052
ULTRACEMCO,Yes,2019-02-01,2019-07-31,25.10%,No,2,7,3370.259033203125,4216.18896484375,3980.6230085784314,-5.5871773829294815,3982.835675274884,-5.534697128488733
ULTRACEMCO,Yes,2021-01-01,2021-06-30,28.07%,No,1,6,5147.884765625,6592.9658203125,7201.83781485722,9.235175960852473,7277.246844951923,10.378956046324364
ULTRACEMCO,Yes,2022-06-03,2022-11-30,25.34%,No,6,11,5552.41650390625,6959.1591796875,7033.1040681537825,1.0625549230446392,8117.84599196743,16.649810449255455
ULTRACEMCO,Yes,2022-06-06,2022-12-05,29.72%,No,6,12,5457.0869140625,7078.734375,7066.932565789473,-0.1667220238155454,8073.197788171601,14.048604743296378
ULTRACEMCO,Yes,2023-07-05,2024-01-01,25.48%,No,7,1,8237.708984375,10336.7900390625,9680.317107371795,-6.3508393728605155,11312.754572088068,9.441659638412116
ULTRACEMCO,Yes,2023-08-11,2024-02-07,25.74%,No,8,2,8034.078125,10102.1767578125,11299.718335700758,11.854292461890862,11315.707848011363,12.01257035282402
UNIONBANK,Yes,2016-01-20,2016-07-18,26.35%,No,1,7,94.59960174560548,119.52942657470705,123.1999529325045,3.0708139936598307,131.92722902459613,10.37217596132308
UNIONBANK,Yes,2016-02-26,2016-08-24,27.26%,No,2,8,92.4312515258789,117.62940216064452,126.04735985580756,7.156338075804189,131.97883987426758,12.198852880359174
UNIONBANK,Yes,2016-05-05,2016-11-01,25.50%,No,5,11,99.23391723632812,124.53860473632812,132.13949532344424,6.103240519844141,132.13949532344424,6.103240519844141
UNIONBANK,Yes,2016-06-01,2016-11-28,33.68%,No,6,11,96.93802642822266,129.5909881591797,132.30170397488575,2.091747160980384,132.30170397488575,2.091747160980384
UNIONBANK,Yes,2016-06-06,2016-12-05,26.55%,No,6,12,98.68120574951172,124.88408660888672,132.3222770690918,5.9560754794164295,132.35384901514593,5.981356479511346
UNIONBANK,Yes,2016-08-08,2017-02-06,30.81%,No,8,2,110.8497314453125,145.0071563720703,134.05677795410156,-7.551612411370541,133.05278212935835,-8.243989153223946
UNIONBANK,Yes,2016-11-04,2017-05-03,33.26%,No,11,5,115.68617248535156,154.16188049316406,134.24794912338257,-12.91754570330668,133.3300260460895,-13.51297375228781
UNIONBANK,Yes,2018-07-16,2019-01-14,26.68%,No,7,1,64.25570678710938,81.3991928100586,66.17929504856919,-18.697848511845027,48.834923926820146,-40.005641037775064
UNIONBANK,Yes,2018-09-27,2019-03-26,35.43%,No,9,3,58.382869720458984,79.06733703613281,49.085658359527585,-37.91917092503566,44.87616574764252,-43.24310463733633
UNIONBANK,Yes,2018-10-01,2019-04-01,39.31%,No,10,4,59.76471328735352,83.25604248046875,48.93667862632058,-41.22146913504715,44.87616574764252,-46.09860808821157
UNIONBANK,Yes,2021-04-16,2021-10-13,28.88%,No,4,10,29.75281143188477,38.34614562988281,33.373626470565796,-12.967454949219137,40.455925078619096,5.50193354268219
UNIONBANK,Yes,2021-08-02,2022-01-31,28.80%,No,8,1,31.782392501831055,40.937103271484375,34.03241916232639,-16.866567385991843,32.74870155669831,-20.002396506862457
UNIONBANK,Yes,2022-03-22,2022-09-19,27.21%,No,3,9,33.68242263793945,42.84673309326172,65.02894874855325,51.77107810532237,63.930190549577986,49.2066860976898
UNIONBANK,Yes,2022-05-02,2022-10-31,47.39%,No,5,10,33.33696365356445,49.137001037597656,64.85706222266482,31.992308958861383,66.94684114127324,36.24527286483807
UNIONBANK,Yes,2022-07-01,2022-12-28,130.14%,No,7,12,31.451322555541992,72.38362884521484,66.03025098947379,-8.777368525315472,65.4989298990328,-9.511403415410799
UNIONBANK,Yes,2022-09-01,2023-02-28,57.86%,No,9,2,38.835548400878906,61.30729293823242,64.35214576721191,4.966542613530824,61.92264530875466,1.0037180587017773
UNIONBANK,Yes,2022-10-31,2023-05-02,41.93%,No,10,5,49.137001037597656,69.7398910522461,65.11494907113008,-6.631702331813516,65.36203240288629,-6.2774096479160075
UNIONBANK,Yes,2023-03-01,2023-08-28,41.38%,No,3,8,61.352874755859375,86.7412338256836,140.0607566833496,61.4696384937499,132.31719970703125,52.54244592939242
UNIONBANK,Yes,2023-11-01,2024-04-29,51.82%,No,11,4,97.29529571533205,147.70980834960938,119.01052993383163,-19.429500814089735,113.61597630235015,-23.081630413170455
UNIONBANK,Yes,2023-12-01,2024-05-29,42.46%,No,12,5,102.52521514892578,146.0607452392578,113.6322703552246,-22.202046710711407,113.61409831047058,-22.214488140285287
UNIONBANK,Yes,2023-12-04,2024-06-03,48.86%,No,12,6,107.61377716064452,160.19564819335938,112.26101048787434,-29.922559224347317,115.41972740023743,-27.950772257606214
UNITDSPR,Yes,2024-05-30,2024-11-26,29.51%,No,5,11,1156.59130859375,1497.9407958984375,1536.2494099934895,2.55741843736055,1332.9809321650753,-11.01244215959966
UNITDSPR,Yes,2024-06-03,2024-12-02,30.23%,No,6,12,1166.2183837890625,1518.8067626953125,1331.2893696446572,-12.346362793241864,1332.9809321650753,-12.23498835365113
UNITDSPR,Yes,2024-07-01,2024-12-30,28.24%,No,7,12,1251.826171875,1605.3931884765625,1331.1243286132812,-17.08421723923898,1332.9809321650753,-16.968569336586807
UNITDSPR,Yes,2024-07-05,2025-01-01,32.85%,No,7,1,1238.34814453125,1645.0931396484375,1331.4704535590279,-19.06412947271982,1332.9809321650753,-18.9723122637337
UPL,Yes,2015-11-30,2016-05-30,42.33%,No,11,5,251.199462890625,357.5400085449219,384.16747283935547,7.447408306219828,437.57908982496997,22.386048936392488
UPL,Yes,2015-12-01,2016-05-30,39.19%,No,12,5,256.8789978027344,357.5400085449219,384.16747283935547,7.447408306219828,437.57908982496997,22.386048936392488
UPL,Yes,2015-12-04,2016-06-01,41.17%,No,12,6,253.10269165039065,357.2983703613281,384.16747283935547,7.520074175220895,441.430923194216,23.546861618150245
UPL,Yes,2016-01-01,2016-06-29,25.85%,No,1,6,266.0629577636719,334.8486022949219,434.14040295831086,29.652744548695043,442.6837451171875,32.204149004417395
UPL,Yes,2016-01-04,2016-07-04,29.19%,No,1,7,262.1355895996094,338.65618896484375,434.14040295831086,28.195029975778596,442.6837451171875,30.717748425127112
UPL,Yes,2016-02-01,2016-08-01,40.74%,No,2,8,264.7336730957031,372.58880615234375,438.6236174827398,17.723240805950518,442.3185759324294,18.714939533522806
UPL,Yes,2016-03-01,2016-08-29,58.11%,No,3,8,245.48963928222656,388.1539611816406,434.3100666719324,11.89118496943345,430.73074122837613,10.969044323835012
UPL,Yes,2016-03-08,2016-09-06,50.01%,No,3,9,263.132568359375,394.73333740234375,441.778106040143,11.918113870845277,430.73074122837613,9.119423270130579
UPL,Yes,2016-04-01,2016-09-28,47.64%,No,4,9,281.832763671875,416.0859069824219,441.778106040143,6.174734261981745,522.5705276489258,25.59197965601909
UPL,Yes,2016-04-04,2016-10-03,46.70%,No,4,10,282.4671936035156,414.3801574707031,441.778106040143,6.611790665043342,522.5705276489258,26.10896497520439
UPL,Yes,2016-07-18,2017-01-16,26.45%,No,7,1,338.53436279296875,428.0872192382813,437.57456258138023,2.216217377379374,448.5051305016806,4.769568056652092
UPL,Yes,2016-08-02,2017-01-30,25.52%,No,8,1,358.21160888671875,449.6225280761719,502.1910459456905,11.691700167793384,448.7675415039063,-0.19015652439033404
UPL,Yes,2018-06-28,2018-12-26,25.15%,No,6,12,372.460693359375,466.1163330078125,588.1241912841797,26.175409363808377,549.311286562965,17.84853858655885
UPL,Yes,2018-08-10,2019-02-06,26.49%,No,8,2,395.5340881347656,500.3201599121094,555.0713094075521,10.943222736629444,536.9060422207447,7.312494126773202
UPL,Yes,2018-09-04,2019-03-05,25.32%,No,9,3,434.05609130859375,543.968017578125,555.0713094075521,2.041166294824026,554.3849675105168,1.9149930870514378
UPL,Yes,2018-10-01,2019-04-01,40.37%,No,10,4,413.5524597167969,580.5018310546875,536.1983305278577,-7.631931228595226,549.2502637841236,-5.383543272169243
UPL,Yes,2018-11-01,2019-04-30,39.27%,No,11,4,432.3785095214844,602.1549682617188,554.1398136790206,-7.973886642720355,549.2502637841236,-8.785895204073249
UPL,Yes,2018-12-31,2019-07-01,25.99%,No,12,7,471.1179809570313,593.5846557617188,549.2090892118566,-7.47586146628354,549.2090892118566,-7.47586146628354
VBL,Yes,2016-12-06,2017-06-05,25.01%,No,12,6,24.38018798828125,30.478120803833008,29.259208917617798,-3.9993013153944728,29.408114783617915,-3.51073488782985
VBL,Yes,2017-01-02,2017-07-03,30.48%,No,1,7,23.011323928833008,30.02566909790039,29.234643704182393,-2.6344971402263013,29.36980162967335,-2.1843558792596665
VBL,Yes,2017-02-01,2017-07-31,25.02%,No,2,7,22.968095779418945,28.71444320678711,29.228084836687362,1.7887918849801878,29.3443848074299,2.1938144372372665
VBL,Yes,2017-02-02,2017-08-01,26.05%,No,2,8,22.875879287719727,28.83548355102539,29.23441711548836,1.3834814448560973,29.35145288043552,1.7893555642897538
VBL,Yes,2017-03-01,2017-08-28,41.58%,No,3,8,22.221702575683594,31.461084365844727,29.306302132145053,-6.849039939764384,29.399843356188605,-6.5517163543602415
VBL,Yes,2017-03-06,2017-09-04,40.15%,No,3,9,21.4810791015625,30.105802536010746,29.280713907877605,-2.7406299072951796,29.347576051950455,-2.51853935185201
VBL,Yes,2017-04-03,2017-10-03,28.10%,No,4,10,23.32256126403809,29.877025604248047,29.227253571996147,-2.174821686933628,29.247384212635183,-2.1074433578265537
VBL,Yes,2017-07-03,2018-01-01,26.42%,No,7,1,30.02566909790039,37.959495544433594,37.02742508479527,-2.4554342629429504,43.4078308287121,14.35302341650179
VBL,Yes,2017-08-01,2018-01-29,39.61%,No,8,1,28.83548355102539,40.25593948364258,43.42807986285236,7.879931309263649,43.4470578511556,7.927074634066572
VBL,Yes,2017-08-07,2018-02-05,28.60%,No,8,2,29.93922233581543,38.50102996826172,43.44114223279451,12.831117163891898,43.70692932128906,13.521454769700494
VBL,Yes,2017-10-04,2018-04-02,25.39%,No,10,4,29.607711791992188,37.125465393066406,43.99986205229888,18.516661236296162,44.23010212182999,19.1368287334398
VBL,Yes,2017-11-01,2018-04-30,28.09%,No,11,4,29.57295799255371,37.88130187988281,43.713525234124596,15.396047825217526,43.77984428405762,15.57111849766514
VBL,Yes,2017-11-02,2018-05-02,33.25%,No,11,5,29.02273750305176,38.67188262939453,43.844332077923944,13.375220177664248,43.94786045007538,13.642929854856808
VBL,Yes,2017-12-01,2018-05-30,49.86%,No,12,5,29.011154174804688,43.4761848449707,43.75685276704676,0.6455670456754055,43.72777125520526,0.5786763745063573
VBL,Yes,2019-05-13,2019-11-11,27.38%,No,5,11,52.29738235473633,66.61737060546875,61.56211570739746,-7.588493589772957,61.52693623304367,-7.641301849891979
VBL,Yes,2021-04-01,2021-09-28,35.23%,No,4,9,88.57382202148438,119.77969360351562,119.95830688476562,0.1491181650883367,123.97737285069057,3.5044999038566096
VBL,Yes,2021-06-01,2021-11-29,30.43%,No,6,11,88.37191772460938,115.26144409179688,123.33063090931286,7.0007684539241914,117.63409410896948,2.0584940921640453
VBL,Yes,2021-06-04,2021-12-01,26.70%,No,6,12,92.89276885986328,117.6989288330078,123.33063090931286,4.784837153696926,118.91816722171407,1.0358959089900799
VBL,Yes,2022-01-31,2022-08-01,53.52%,No,1,8,119.5418930053711,183.52392578125,262.78900756835935,43.190598419079585,268.04740534601984,46.05583670083267
VBL,Yes,2022-05-02,2022-10-31,42.78%,No,5,10,145.96438598632812,208.408203125,320.2901402064732,53.68403709827495,323.71286843039775,55.32635643724628
VBL,Yes,2022-07-01,2022-12-28,67.10%,No,7,12,157.34584045410156,262.9215393066406,263.9892220633371,0.40608417230177446,324.2007368784102,23.307028299534174
VBL,Yes,2022-09-02,2023-03-01,30.27%,No,9,3,204.9415283203125,266.98419189453125,322.2765658396595,20.709980449692996,320.2516969953264,19.951557701902377
VBL,Yes,2022-10-31,2023-05-02,34.99%,No,10,5,208.408203125,281.3246765136719,321.0868735573508,14.133917271827587,327.2585017763335,16.3276914886737
VBL,Yes,2023-09-01,2024-02-28,53.53%,No,9,2,362.531982421875,556.6098022460938,599.3267112938133,7.67448019696088,636.1426528404498,14.288798054474839
VEDL,Yes,2015-12-09,2016-06-06,29.18%,No,12,6,27.766691207885746,35.86882019042969,56.60298701695034,57.805544527089914,85.24062074933734,137.64545445540122
VEDL,Yes,2016-01-01,2016-06-29,38.95%,No,1,6,30.940027236938477,42.99195098876953,56.82196556253636,32.168846157690176,86.51224732398987,101.22894014879395
VEDL,Yes,2016-01-04,2016-07-04,55.87%,No,1,7,30.028535842895508,46.80670928955078,57.66475440360404,23.19762546622185,87.71231651306152,87.39261495710954
VEDL,Yes,2016-02-01,2016-08-01,135.72%,No,2,8,23.766263961791992,56.02288818359375,87.86740112304688,56.8419693663326,85.21968078613281,52.11582899271037
VEDL,Yes,2016-03-01,2016-08-29,131.29%,No,3,8,25.30229377746582,58.52104187011719,84.53879983084542,44.45880854013601,85.64567734213436,46.35022652573095
VEDL,Yes,2016-03-08,2016-09-06,93.25%,No,3,9,30.50116539001465,58.94302749633789,84.45695190429687,43.28573792641403,84.1377774477005,42.74424138279621
VEDL,Yes,2016-04-01,2016-09-28,94.11%,No,4,9,30.399892807006836,59.01055908203125,84.87703642553213,43.833642225866036,85.60644208881217,45.06970179660505
VEDL,Yes,2016-04-04,2016-10-03,97.19%,No,4,10,30.60243034362793,60.344024658203125,86.10891850789388,42.69667791571189,88.63664899553571,46.88554417373702
VEDL,Yes,2016-05-02,2016-11-01,98.55%,No,5,11,37.37109375,74.20207214355469,86.47795122320002,16.54384941689481,87.0759769984654,17.349791566473076
VEDL,Yes,2016-06-01,2016-11-28,119.42%,No,6,11,35.463714599609375,77.81289672851562,85.02306178830705,9.266028335826181,84.9138713772014,9.125704024951851
VEDL,Yes,2016-06-06,2016-12-05,115.04%,No,6,12,35.86882019042969,77.13211822509766,86.69997553239789,12.404504799645174,84.9138713772014,10.088862242048059
VEDL,Yes,2016-07-01,2016-12-28,58.03%,No,7,12,45.64202880859375,72.1283950805664,85.22589860395952,18.158595527826993,86.43320679664612,19.832427575993393
VEDL,Yes,2016-07-04,2017-01-02,60.68%,No,7,1,46.80670928955078,75.20890808105469,85.31211946721663,13.433530207982065,86.59151643695253,15.134654452941263
VEDL,Yes,2016-08-01,2017-01-30,58.40%,No,8,1,56.02288818359375,88.7393798828125,87.23123378379672,-1.6995229186945002,87.40455051638045,-1.5042130880278815
VEDL,Yes,2016-08-05,2017-02-01,55.36%,No,8,2,57.08629608154297,88.68830871582031,87.27085021972657,-1.5982472961973353,87.40393006567861,-1.448193869901361
VEDL,Yes,2016-09-01,2017-02-28,53.50%,No,9,2,57.45763397216797,88.19477081298828,87.21144084441356,-1.1149526888162273,87.32381204458383,-0.9875401459472752
VEDL,Yes,2016-09-02,2017-03-01,55.41%,No,9,3,58.14969253540039,90.37323760986328,87.21144084441356,-3.4985985332284315,87.32381204458383,-3.3742572977673615
VEDL,Yes,2016-10-03,2017-04-03,53.82%,No,10,4,60.344024658203125,92.82403564453124,87.11030849333733,-6.155439279837576,114.74785781488185,23.618691019110276
VEDL,Yes,2016-11-18,2017-05-17,27.46%,No,11,5,69.21807098388672,88.22711944580078,119.01732774214311,34.89880264679525,110.6075481339997,25.3668359896387
VEDL,Yes,2017-05-02,2017-10-30,40.98%,No,5,10,88.04510498046875,124.12230682373048,113.94463579044786,-8.199711473084538,113.94463579044786,-8.199711473084538
VEDL,Yes,2021-10-01,2022-03-30,50.07%,No,10,3,148.12379455566406,222.2867431640625,181.6745354437059,-18.270188830101336,203.63204419935073,-8.392177913616447
VEDL,Yes,2023-11-01,2024-04-29,89.55%,No,11,4,185.056396484375,350.7819519042969,420.22465479651163,19.79654384019183,420.03732041181144,19.743139044510865
VEDL,Yes,2023-12-01,2024-05-29,102.79%,No,12,5,197.99996948242188,401.5235900878906,411.2661996236662,2.4264102474385054,413.62610913886397,3.0141489441066684
VEDL,Yes,2024-02-01,2024-07-30,70.52%,No,2,7,231.81134033203125,395.2919006347656,413.8032909574963,4.682967268746162,425.08916305283367,7.538040210340551
VMM,Yes,2024-12-23,2025-06-23,26.65%,No,12,6,101.94000244140624,129.11000061035156,149.36681851473722,15.689580829234028,149.36681851473722,15.689580829234028
VMM,Yes,2025-01-01,2025-06-30,26.50%,No,1,6,105.91000366210938,133.97999572753906,149.36681851473722,11.48441803094897,149.36681851473722,11.48441803094897
VMM,Yes,2025-01-13,2025-07-14,31.67%,No,1,7,104.12000274658205,137.08999633789062,147.5677778455946,7.642994957764107,147.5677778455946,7.642994957764107
VMM,Yes,2025-02-06,2025-08-05,26.27%,No,2,8,116.12000274658205,146.6199951171875,149.85388946533203,2.205629829382963,149.85388946533203,2.205629829382963
VMM,Yes,2025-03-03,2025-09-01,47.49%,No,3,9,101.08999633789062,149.10000610351562,147.7750004359654,-0.8886690900805891,147.7750004359654,-0.8886690900805891
VMM,Yes,2025-04-01,2025-09-29,41.63%,No,4,9,103.7300033569336,146.91000366210938,147.93799896240233,0.6997449286417077,147.93799896240233,0.6997449286417077
VMM,Yes,2025-04-04,2025-10-01,40.62%,No,4,10,105.79000091552734,148.75999450683594,147.93799896240233,-0.5525649198621287,147.93799896240233,-0.5525649198621287
VOLTAS,Yes,2016-02-01,2016-08-01,29.41%,No,2,8,270.2567443847656,349.74127197265625,368.1504710127668,5.263662174119908,364.16718822414595,4.1247394595790094
VOLTAS,Yes,2016-03-01,2016-08-29,70.03%,No,3,8,218.5235290527344,371.5533142089844,366.6783559371014,-1.3120481194634155,366.94031939590184,-1.2415431747401682
VOLTAS,Yes,2016-03-08,2016-09-06,64.11%,No,3,9,226.72174072265625,372.0754699707031,368.6468048095703,-0.9214972331830374,366.53145305926984,-1.4900248360553894
VOLTAS,Yes,2016-04-01,2016-09-28,34.73%,No,4,9,268.4193115234375,361.63189697265625,369.46180096794575,2.165158566165289,318.18297630132633,-12.014681513178353
VOLTAS,Yes,2016-04-04,2016-10-03,39.16%,No,4,10,265.21539306640625,369.0848388671875,369.4732240619081,0.10522924645528026,318.18297630132633,-13.791371848838752
VOLTAS,Yes,2016-05-02,2016-11-01,31.18%,No,5,11,279.2559509277344,366.33154296875,313.3921840122768,-14.45121501890139,504.5268961588542,37.724120634048965
VOLTAS,Yes,2016-11-09,2017-05-08,25.31%,No,11,5,321.2818908691406,402.5991516113281,503.5407268245046,25.072475888033196,601.3326115683903,49.362612703397055
VOLTAS,Yes,2016-12-01,2017-05-30,56.59%,No,12,5,294.4133605957031,461.0356140136719,517.6747531890869,12.285198247989454,605.3507303091196,31.30237923250071
VOLTAS,Yes,2016-12-05,2017-06-05,62.44%,No,12,6,289.28656005859375,469.9126281738281,517.6747531890869,10.164043728910137,605.3507303091196,28.82197540883936
VOLTAS,Yes,2017-01-02,2017-07-03,42.81%,No,1,7,311.78765869140625,445.2753601074219,590.8466104043497,32.69241088521247,508.41031286851415,14.17885614552332
VOLTAS,Yes,2017-02-01,2017-07-31,51.13%,No,2,7,316.7720947265625,478.7421875,599.2679379111842,25.175502297086393,502.7593302824059,5.016717433619933
VOLTAS,Yes,2017-05-02,2017-10-30,35.69%,No,5,10,394.2443542480469,534.96044921875,601.2370332416735,12.389062428767042,594.5133957159323,11.132214836471139
VOLTAS,Yes,2017-06-01,2017-11-28,25.90%,No,6,11,483.1095275878906,608.2572021484375,601.2913721988076,-1.1452112568541308,594.3024425159801,-2.2942202053946037
VOLTAS,Yes,2017-06-06,2017-12-04,26.16%,No,6,12,462.3648376464844,583.3152465820312,601.0772126850329,3.0450028877316195,594.3997282805266,1.9002557816627412
VOLTAS,Yes,2017-07-03,2018-01-01,39.27%,No,7,1,445.2753601074219,620.1546630859375,591.6786359514509,-4.591762157005748,599.8140435469778,-3.279926887551436
VOLTAS,Yes,2018-10-08,2019-04-08,27.76%,No,10,4,461.1077270507813,589.099609375,592.824800491333,0.6323533502738554,671.0229952628152,13.906542218680324
VOLTAS,Yes,2021-08-23,2022-02-21,27.84%,No,8,2,953.5219116210938,1218.94189453125,971.2569903749409,-20.319664560512752,815.6929579912606,-33.08188342275828
VOLTAS,Yes,2023-08-01,2024-01-29,30.47%,No,8,1,790.0902099609375,1030.862548828125,1062.0818085541596,3.0284599786386988,1779.417019314236,72.61438213436514
VOLTAS,Yes,2023-09-01,2024-02-28,27.65%,No,9,2,862.0741577148438,1100.4686279296875,1445.9955274793838,31.398159909359368,1779.417019314236,61.696296845995036
VOLTAS,Yes,2023-09-04,2024-03-04,28.24%,No,9,3,858.3090209960938,1100.666748046875,1445.9955274793838,31.37450822833452,1779.417019314236,61.66719149749898
VOLTAS,Yes,2023-11-01,2024-04-29,76.77%,No,11,4,822.6390380859375,1454.1959228515625,1762.2443150111608,21.18341740056181,1456.6601092998799,0.16945353852218925
WAAREEENER,Yes,2025-01-13,2025-07-14,28.54%,No,1,7,2485.805419921875,3195.20751953125,3190.858820134943,-0.136100687348938,3190.858820134943,-0.136100687348938
WAAREEENER,Yes,2025-02-03,2025-08-04,32.31%,No,2,8,2333.091064453125,3086.868408203125,3192.4449615478516,3.4201831559830884,3192.4449615478516,3.4201831559830884
WAAREEENER,Yes,2025-03-03,2025-09-01,51.25%,No,3,9,2114.86376953125,3198.70556640625,3429.85322265625,7.226287366914326,3429.85322265625,7.226287366914326
WAAREEENER,Yes,2025-04-01,2025-09-29,37.86%,No,4,9,2378.515869140625,3278.960693359375,3330.0509168836807,1.5581224754470138,3330.0509168836807,1.5581224754470138
WAAREEENER,Yes,2025-04-04,2025-10-01,54.19%,No,4,10,2159.738525390625,3330.1318359375,3330.5417829241073,0.01231023295184136,3330.5417829241073,0.01231023295184136
WAAREEENER,Yes,2025-05-02,2025-10-29,34.56%,No,5,10,2584.4501953125,3477.60009765625,3366.3250732421875,-3.199764817382453,3366.3250732421875,-3.199764817382453
WAAREEENER,Yes,2025-05-05,2025-11-03,26.84%,No,5,11,2704.282958984375,3430.0,3366.3250732421875,-1.8564118588283527,3366.3250732421875,-1.8564118588283527
WIPRO,Yes,2017-01-31,2017-07-31,26.52%,No,1,7,80.03636932373047,101.25848388671876,101.58050274026805,0.3180166650623904,101.90982046006602,0.6432414829318629
WIPRO,Yes,2017-02-01,2017-07-31,27.07%,No,2,7,79.68685913085938,101.25848388671876,101.58050274026805,0.3180166650623904,101.90982046006602,0.6432414829318629
WIPRO,Yes,2017-02-02,2017-08-01,29.40%,No,2,8,79.9764633178711,103.48760223388672,101.58050274026805,-1.84282894999204,101.90982046006602,-1.5246094602277522
WIPRO,Yes,2017-07-14,2018-01-10,25.73%,No,7,1,91.21864318847656,114.68588256835938,100.03545921079574,-12.774391258515314,115.17969399310172,0.43057734193919384
WIPRO,Yes,2018-05-21,2018-11-19,25.67%,No,5,11,93.27740478515624,117.22628784179688,122.99534292782054,4.921298108329863,116.34684949043469,-0.7502057495406076
WIPRO,Yes,2018-06-04,2018-12-03,26.18%,No,6,12,91.62210083007812,115.60621643066406,133.0852411443537,15.119450539385863,117.69150660588191,1.8037872353244278
WIPRO,Yes,2018-07-02,2018-12-31,26.96%,No,7,12,91.78058624267578,116.52188873291016,133.04248899572036,14.178108887917611,117.77294983734956,1.0736704648746862
WIPRO,Yes,2018-08-01,2019-01-28,28.05%,No,8,1,97.67977142333984,125.0801239013672,133.04248899572036,6.365811646166851,117.67508019341363,-5.920240144463612
WIPRO,Yes,2018-08-06,2019-02-04,34.38%,No,8,2,97.57411193847656,131.1195526123047,133.04248899572036,1.4665519711628574,117.67508019341363,-10.253598453499741
WIPRO,Yes,2021-01-01,2021-06-30,40.91%,No,1,6,183.49871826171875,258.5704650878906,309.5925376198509,19.732366770743653,304.63507302024146,17.815108124082553
WIPRO,Yes,2021-03-01,2021-08-30,52.62%,No,3,8,196.3742218017578,299.7029113769531,308.819490654524,3.0418721111802673,304.7281237515536,1.6767312507952183
WIPRO,Yes,2021-03-05,2021-09-01,52.56%,No,3,9,199.4307403564453,304.2521057128906,309.05500384074884,1.5785915816768408,304.7632024855841,0.16798462955446652
WIPRO,Yes,2021-04-01,2021-09-28,53.60%,No,4,9,197.3219757080078,303.091064453125,305.35472293016386,0.7468575430038615,196.64683006549703,-35.119555431199544
WIPRO,Yes,2021-04-05,2021-10-04,50.68%,No,4,10,201.61053466796875,303.7781982421875,305.67948542414484,0.6258800641254513,196.34562207831712,-35.36546624659997
YESBANK,Yes,2015-11-30,2016-05-30,35.21%,No,11,5,147.4735565185547,199.3994140625,227.439073759934,14.06205721780366,227.27794182009814,13.981248585244014
YESBANK,Yes,2015-12-01,2016-05-30,36.42%,No,12,5,146.16612243652344,199.3994140625,227.439073759934,14.06205721780366,227.27794182009814,13.981248585244014
YESBANK,Yes,2015-12-04,2016-06-01,38.91%,No,12,6,142.28219604492188,197.6422119140625,222.4466065626878,12.550150298566074,231.21360583183093,16.98594323178579
YESBANK,Yes,2016-01-01,2016-06-29,47.90%,No,1,6,140.83053588867188,208.2825164794922,226.5821050828503,8.785945605357572,281.8379187332956,35.31520719889411
YESBANK,Yes,2016-01-04,2016-07-04,59.92%,No,1,7,135.69683837890625,217.00062561035156,226.5821050828503,4.415415598710451,281.8379187332956,29.878850782378173
YESBANK,Yes,2016-02-01,2016-08-01,59.69%,No,2,8,148.5118408203125,237.1551055908203,240.54123088291712,1.4278104127933544,280.4536113333195,18.257463036534833
YESBANK,Yes,2016-03-01,2016-08-29,87.91%,No,3,8,138.3213653564453,259.921142578125,229.88644070095486,-11.555313115070101,280.4536113333195,7.89949926794547
YESBANK,Yes,2016-03-08,2016-09-06,91.56%,No,3,9,146.0411376953125,279.7552795410156,229.88644070095486,-17.82587943358165,280.4687924592391,0.25504895542780653
YESBANK,Yes,2016-04-01,2016-09-28,50.04%,No,4,9,164.50897216796875,246.82460021972656,281.7672568427192,14.156877633706769,283.0580480957031,14.67983654940433
YESBANK,Yes,2016-04-04,2016-10-03,47.79%,No,4,10,166.883544921875,246.64015197753903,281.8942062790329,14.293720636656268,283.0580480957031,14.765599123325451
YESBANK,Yes,2016-05-02,2016-11-01,33.53%,No,5,11,181.6885986328125,242.6014709472656,280.4687924592391,15.608858991710223,283.0580480957031,16.67614668223985
YESBANK,Yes,2016-09-12,2017-03-14,27.11%,No,9,3,233.99017333984375,297.4147033691406,296.87835615109174,-0.18033648369535826,305.9373447812837,2.8655750087664824
YESBANK,Yes,2016-10-10,2017-04-10,25.02%,No,10,4,248.43618774414065,310.58892822265625,306.32488418206935,-1.3728899046684853,306.1644649182336,-1.42453993120155
YESBANK,Yes,2017-02-01,2017-07-31,29.09%,No,2,7,274.3768310546875,354.1901550292969,303.8333602606082,-14.21744620895051,306.30959065755206,-13.518321639342112
YESBANK,Yes,2021-08-23,2022-02-21,26.39%,No,8,2,10.800000190734863,13.649999618530272,13.035135166065112,-4.504501609146296,12.863698619685762,-5.760447038966093
YESBANK,Yes,2022-06-01,2022-11-28,29.43%,No,6,11,13.25,17.149999618530273,17.038461685180664,-0.6503669727729591,17.063333405388725,-0.505342361919978
YESBANK,Yes,2022-06-06,2022-12-05,32.70%,No,6,12,13.149999618530272,17.450000762939453,17.02142872886052,-2.456000087914836,17.054117741304285,-2.2686705119002033
YESBANK,Yes,2022-07-01,2022-12-28,59.29%,No,7,12,12.649999618530272,20.149999618530273,16.603408986871894,-17.600946396033056,16.8376712276511,-16.438354608369828
YESBANK,Yes,2022-07-04,2023-01-02,71.15%,No,7,1,12.649999618530272,21.649999618530273,17.190000194973415,-20.600459594186493,16.91250006357829,-21.88221541998158
YESBANK,Yes,2023-08-01,2024-01-29,42.40%,No,8,1,17.100000381469727,24.350000381469727,23.65777775976393,-2.8428033300261246,23.568571454002743,-3.2091536559549634
YESBANK,Yes,2023-09-01,2024-02-28,37.18%,No,9,2,17.350000381469727,23.799999237060547,23.55099997520447,-1.0462154194876803,23.572999954223633,-0.9537785298893561
YESBANK,Yes,2023-11-01,2024-04-29,69.38%,No,11,4,16.0,27.100000381469727,23.23764705657959,-14.252226090487854,23.925476255871,-11.714110999678741
YESBANK,Yes,2025-05-02,2025-10-29,28.05%,No,5,10,17.719999313354492,22.690000534057617,22.732500076293945,0.18730516190396934,22.732500076293945,0.18730516190396934
ZYDUSLIFE,Yes,2016-01-22,2016-07-20,25.04%,No,1,7,275.1354675292969,344.0274963378906,361.86625187571457,5.185270284414535,359.97253568055197,4.634815389000401
ZYDUSLIFE,Yes,2016-03-31,2016-09-27,25.40%,No,3,9,292.4811096191406,366.7781982421875,361.04894027709963,-1.5620497599218748,361.04894027709963,-1.5620497599218748
ZYDUSLIFE,Yes,2016-05-02,2016-11-01,30.78%,No,5,11,299.58770751953125,391.7899475097656,418.35250600179035,6.779795821934057,418.7645633095189,6.884968838839573
ZYDUSLIFE,Yes,2016-06-03,2016-11-30,25.71%,No,6,11,294.9268798828125,370.7467651367187,418.66899315086573,12.92586544793586,417.8522497812907,12.705568618299646
ZYDUSLIFE,Yes,2016-11-08,2017-05-08,25.44%,No,11,5,345.7811584472656,433.73431396484375,450.459829057966,3.856165987936548,452.49822823660713,4.326130921079094
ZYDUSLIFE,Yes,2016-12-06,2017-06-05,25.36%,No,12,6,363.778564453125,456.0438232421875,459.562427662037,0.7715496275850036,364.3168586730957,-20.113629413280997
ZYDUSLIFE,Yes,2017-02-01,2017-07-31,55.53%,No,2,7,324.9225769042969,505.3571472167969,384.1982106175916,-23.974913042484076,363.73859346829926,-28.023459157241053
ZYDUSLIFE,Yes,2017-02-02,2017-08-01,49.08%,No,2,8,337.1054382324219,502.5685424804687,383.9825419108073,-23.595985531519812,363.73859346829926,-27.624082543440288
ZYDUSLIFE,Yes,2021-01-01,2021-06-30,34.87%,No,1,6,461.408447265625,622.2841796875,544.1012925368088,-12.563855823870245,338.56242231889206,-45.59359961731438
ZYDUSLIFE,Yes,2021-03-01,2021-08-30,28.25%,No,3,8,419.8392639160156,538.4352416992188,353.9617063941025,-34.26104404365252,353.0142182244195,-34.43701472616076
ZYDUSLIFE,Yes,2021-04-05,2021-10-04,28.53%,No,4,10,424.3240966796875,545.3718872070312,352.88728931971957,-35.294191432027674,353.97545381025833,-35.09466437240759
ZYDUSLIFE,Yes,2022-05-04,2022-10-31,28.69%,No,5,10,329.027587890625,423.4280395507813,500.349977818931,18.166472477769037,502.45379104614256,18.663325078613212
ZYDUSLIFE,Yes,2022-07-22,2023-01-18,27.48%,No,7,1,339.893310546875,433.29681396484375,500.7304229736328,15.562913650747593,632.7007459275266,46.02017036267933
ZYDUSLIFE,Yes,2022-08-08,2023-02-06,30.34%,No,8,2,352.44146728515625,459.3854675292969,500.11488383525125,8.866065468942352,630.2889008103756,37.20262075338278
ZYDUSLIFE,Yes,2022-09-01,2023-02-28,25.05%,No,9,2,363.9712829589844,455.1351013183594,504.04776360006895,10.746844648990495,623.9348606918797,37.087835872155196
ZYDUSLIFE,Yes,2022-09-02,2023-03-01,28.44%,No,9,3,360.2582702636719,462.7076110839844,504.04776360006895,8.934400802104177,623.9348606918797,34.84430464201541
ZYDUSLIFE,Yes,2022-10-21,2023-04-19,26.08%,No,10,4,400.75921630859375,505.260498046875,627.2398447888962,24.141872798990256,616.8576358943791,22.08704980478224
ZYDUSLIFE,Yes,2023-06-05,2023-12-04,25.33%,No,6,12,498.4208068847656,624.6683349609375,982.2317365373884,57.240519738976445,982.6378270199424,57.30552871411192
ZYDUSLIFE,Yes,2023-11-01,2024-04-29,67.38%,No,11,4,567.4679565429688,949.8233032226562,961.707893371582,1.2512422161682646,975.4207692906476,2.694971367952514
ZYDUSLIFE,Yes,2023-12-01,2024-05-29,63.32%,No,12,5,630.8814697265625,1030.3477783203125,975.1246209395559,-5.3596619066605,975.1893041578389,-5.353384102248824
